class_index,class_name,source_train,classifier_train,classifier_val,detector_train,detector_calibration,official_val
0,05729_Plantae_Bryophyta_Bryopsida_Bryales_Bryaceae_Bryum_argenteum,300,255,10,30,5,10
1,05730_Plantae_Bryophyta_Bryopsida_Bryales_Bryaceae_Rhodobryum_ontariense,214,169,10,30,5,10
2,05731_Plantae_Bryophyta_Bryopsida_Bryales_Mniaceae_Leucolepis_acanthoneura,287,242,10,30,5,10
3,05732_Plantae_Bryophyta_Bryopsida_Bryales_Mniaceae_Plagiomnium_cuspidatum,273,228,10,30,5,10
4,05733_Plantae_Bryophyta_Bryopsida_Bryales_Mniaceae_Plagiomnium_insigne,228,183,10,30,5,10
5,05734_Plantae_Bryophyta_Bryopsida_Bryales_Mniaceae_Rhizomnium_glabrescens,224,179,10,30,5,10
6,05735_Plantae_Bryophyta_Bryopsida_Dicranales_Dicranaceae_Dicranum_scoparium,180,135,10,30,5,10
7,05736_Plantae_Bryophyta_Bryopsida_Dicranales_Ditrichaceae_Ceratodon_purpureus,157,112,10,30,5,10
8,05737_Plantae_Bryophyta_Bryopsida_Dicranales_Leucobryaceae_Leucobryum_glaucum,300,255,10,30,5,10
9,05738_Plantae_Bryophyta_Bryopsida_Funariales_Funariaceae_Funaria_hygrometrica,242,197,10,30,5,10
10,05739_Plantae_Bryophyta_Bryopsida_Funariales_Funariaceae_Physcomitrium_pyriforme,190,145,10,30,5,10
11,05740_Plantae_Bryophyta_Bryopsida_Grimmiales_Grimmiaceae_Grimmia_pulvinata,197,152,10,30,5,10
12,05741_Plantae_Bryophyta_Bryopsida_Grimmiales_Grimmiaceae_Racomitrium_lanuginosum,167,122,10,30,5,10
13,05742_Plantae_Bryophyta_Bryopsida_Hedwigiales_Hedwigiaceae_Hedwigia_ciliata,155,110,10,30,5,10
14,05743_Plantae_Bryophyta_Bryopsida_Hypnales_Anomodontaceae_Anomodon_attenuatus,205,160,10,30,5,10
15,05744_Plantae_Bryophyta_Bryopsida_Hypnales_Brachytheciaceae_Kindbergia_oregana,300,255,10,30,5,10
16,05745_Plantae_Bryophyta_Bryopsida_Hypnales_Hylocomiaceae_Hylocomium_splendens,300,255,10,30,5,10
17,05746_Plantae_Bryophyta_Bryopsida_Hypnales_Hylocomiaceae_Pleurozium_schreberi,300,255,10,30,5,10
18,05747_Plantae_Bryophyta_Bryopsida_Hypnales_Hylocomiaceae_Rhytidiadelphus_loreus,300,255,10,30,5,10
19,05748_Plantae_Bryophyta_Bryopsida_Hypnales_Hylocomiaceae_Rhytidiadelphus_squarrosus,188,143,10,30,5,10
20,05749_Plantae_Bryophyta_Bryopsida_Hypnales_Hylocomiaceae_Rhytidiadelphus_triquetrus,300,255,10,30,5,10
21,05750_Plantae_Bryophyta_Bryopsida_Hypnales_Hypnaceae_Hypnum_cupressiforme,300,255,10,30,5,10
22,05751_Plantae_Bryophyta_Bryopsida_Hypnales_Lembophyllaceae_Isothecium_stoloniferum,178,133,10,30,5,10
23,05752_Plantae_Bryophyta_Bryopsida_Hypnales_Leucodontaceae_Dendroalsia_abietina,300,255,10,30,5,10
24,05753_Plantae_Bryophyta_Bryopsida_Hypnales_Neckeraceae_Neckera_pennata,204,159,10,30,5,10
25,05754_Plantae_Bryophyta_Bryopsida_Hypnales_Plagiotheciaceae_Plagiothecium_undulatum,300,255,10,30,5,10
26,05755_Plantae_Bryophyta_Bryopsida_Hypnales_Pylaisiaceae_Ptilium_crista-castrensis,300,255,10,30,5,10
27,05756_Plantae_Bryophyta_Bryopsida_Hypnales_Thuidiaceae_Thuidium_delicatulum,300,255,10,30,5,10
28,05757_Plantae_Bryophyta_Bryopsida_Pottiales_Pottiaceae_Syntrichia_ruralis,239,194,10,30,5,10
29,05758_Plantae_Bryophyta_Bryopsida_Pottiales_Pottiaceae_Tortula_muralis,206,161,10,30,5,10
30,05759_Plantae_Bryophyta_Polytrichopsida_Polytrichales_Polytrichaceae_Dawsonia_superba,191,146,10,30,5,10
31,05760_Plantae_Bryophyta_Polytrichopsida_Polytrichales_Polytrichaceae_Polytrichum_commune,300,255,10,30,5,10
32,05761_Plantae_Bryophyta_Polytrichopsida_Polytrichales_Polytrichaceae_Polytrichum_juniperinum,300,255,10,30,5,10
33,05762_Plantae_Bryophyta_Polytrichopsida_Polytrichales_Polytrichaceae_Polytrichum_piliferum,278,233,10,30,5,10
34,05763_Plantae_Bryophyta_Sphagnopsida_Sphagnales_Sphagnaceae_Sphagnum_squarrosum,193,148,10,30,5,10
35,05764_Plantae_Chlorophyta_Ulvophyceae_Bryopsidales_Codiaceae_Codium_fragile,300,255,10,30,5,10
36,05765_Plantae_Chlorophyta_Ulvophyceae_Cladophorales_Cladophoraceae_Cladophora_columbiana,239,194,10,30,5,10
37,05766_Plantae_Chlorophyta_Ulvophyceae_Ulvales_Ulvaceae_Ulva_intestinalis,240,195,10,30,5,10
38,05767_Plantae_Chlorophyta_Ulvophyceae_Ulvales_Ulvaceae_Ulva_lactuca,300,255,10,30,5,10
39,05768_Plantae_Marchantiophyta_Jungermanniopsida_Jungermanniales_Lepidoziaceae_Bazzania_trilobata,297,252,10,30,5,10
40,05769_Plantae_Marchantiophyta_Jungermanniopsida_Porellales_Radulaceae_Radula_complanata,226,181,10,30,5,10
41,05770_Plantae_Marchantiophyta_Marchantiopsida_Lunulariales_Lunulariaceae_Lunularia_cruciata,300,255,10,30,5,10
42,05771_Plantae_Marchantiophyta_Marchantiopsida_Marchantiales_Conocephalaceae_Conocephalum_conicum,160,115,10,30,5,10
43,05772_Plantae_Marchantiophyta_Marchantiopsida_Marchantiales_Conocephalaceae_Conocephalum_salebrosum,300,255,10,30,5,10
44,05773_Plantae_Marchantiophyta_Marchantiopsida_Marchantiales_Marchantiaceae_Marchantia_polymorpha,300,255,10,30,5,10
45,05774_Plantae_Marchantiophyta_Marchantiopsida_Marchantiales_Rebouliaceae_Asterella_californica,188,143,10,30,5,10
46,05775_Plantae_Rhodophyta_Florideophyceae_Ceramiales_Rhodomelaceae_Neorhodomela_larix,226,181,10,30,5,10
47,05776_Plantae_Rhodophyta_Florideophyceae_Corallinales_Corallinaceae_Corallina_officinalis,256,211,10,30,5,10
48,05777_Plantae_Rhodophyta_Florideophyceae_Gigartinales_Endocladiaceae_Endocladia_muricata,269,224,10,30,5,10
49,05778_Plantae_Rhodophyta_Florideophyceae_Gigartinales_Gigartinaceae_Chondracanthus_exasperatus,300,255,10,30,5,10
50,05779_Plantae_Rhodophyta_Florideophyceae_Gigartinales_Gigartinaceae_Chondrus_crispus,192,147,10,30,5,10
51,05780_Plantae_Rhodophyta_Florideophyceae_Gigartinales_Phyllophoraceae_Mastocarpus_papillatus,300,255,10,30,5,10
52,05781_Plantae_Rhodophyta_Florideophyceae_Palmariales_Palmariaceae_Halosaccion_glandiforme,300,255,10,30,5,10
53,05782_Plantae_Tracheophyta_Cycadopsida_Cycadales_Zamiaceae_Zamia_integrifolia,217,172,10,30,5,10
54,05783_Plantae_Tracheophyta_Gnetopsida_Ephedrales_Ephedraceae_Ephedra_trifurca,195,150,10,30,5,10
55,05784_Plantae_Tracheophyta_Gnetopsida_Ephedrales_Ephedraceae_Ephedra_viridis,207,162,10,30,5,10
56,05785_Plantae_Tracheophyta_Liliopsida_Acorales_Acoraceae_Acorus_calamus,182,137,10,30,5,10
57,05786_Plantae_Tracheophyta_Liliopsida_Alismatales_Alismataceae_Alisma_plantago-aquatica,300,255,10,30,5,10
58,05787_Plantae_Tracheophyta_Liliopsida_Alismatales_Alismataceae_Alisma_triviale,237,192,10,30,5,10
59,05788_Plantae_Tracheophyta_Liliopsida_Alismatales_Alismataceae_Sagittaria_lancifolia,287,242,10,30,5,10
60,05789_Plantae_Tracheophyta_Liliopsida_Alismatales_Alismataceae_Sagittaria_latifolia,300,255,10,30,5,10
61,05790_Plantae_Tracheophyta_Liliopsida_Alismatales_Alismataceae_Sagittaria_sagittifolia,300,255,10,30,5,10
62,05791_Plantae_Tracheophyta_Liliopsida_Alismatales_Araceae_Alocasia_odora,300,255,10,30,5,10
63,05792_Plantae_Tracheophyta_Liliopsida_Alismatales_Araceae_Arisaema_dracontium,300,255,10,30,5,10
64,05793_Plantae_Tracheophyta_Liliopsida_Alismatales_Araceae_Arisaema_triphyllum,300,255,10,30,5,10
65,05794_Plantae_Tracheophyta_Liliopsida_Alismatales_Araceae_Arum_italicum,300,255,10,30,5,10
66,05795_Plantae_Tracheophyta_Liliopsida_Alismatales_Araceae_Arum_maculatum,300,255,10,30,5,10
67,05796_Plantae_Tracheophyta_Liliopsida_Alismatales_Araceae_Calla_palustris,300,255,10,30,5,10
68,05797_Plantae_Tracheophyta_Liliopsida_Alismatales_Araceae_Colocasia_esculenta,300,255,10,30,5,10
69,05798_Plantae_Tracheophyta_Liliopsida_Alismatales_Araceae_Epipremnum_aureum,277,232,10,30,5,10
70,05799_Plantae_Tracheophyta_Liliopsida_Alismatales_Araceae_Lemna_minor,300,255,10,30,5,10
71,05800_Plantae_Tracheophyta_Liliopsida_Alismatales_Araceae_Lemna_trisulca,185,140,10,30,5,10
72,05801_Plantae_Tracheophyta_Liliopsida_Alismatales_Araceae_Lysichiton_americanus,300,255,10,30,5,10
73,05802_Plantae_Tracheophyta_Liliopsida_Alismatales_Araceae_Monstera_deliciosa,223,178,10,30,5,10
74,05803_Plantae_Tracheophyta_Liliopsida_Alismatales_Araceae_Orontium_aquaticum,205,160,10,30,5,10
75,05804_Plantae_Tracheophyta_Liliopsida_Alismatales_Araceae_Peltandra_virginica,300,255,10,30,5,10
76,05805_Plantae_Tracheophyta_Liliopsida_Alismatales_Araceae_Pistia_stratiotes,300,255,10,30,5,10
77,05806_Plantae_Tracheophyta_Liliopsida_Alismatales_Araceae_Spirodela_polyrhiza,300,255,10,30,5,10
78,05807_Plantae_Tracheophyta_Liliopsida_Alismatales_Araceae_Symplocarpus_foetidus,300,255,10,30,5,10
79,05808_Plantae_Tracheophyta_Liliopsida_Alismatales_Araceae_Syngonium_podophyllum,174,129,10,30,5,10
80,05809_Plantae_Tracheophyta_Liliopsida_Alismatales_Araceae_Zantedeschia_aethiopica,300,255,10,30,5,10
81,05810_Plantae_Tracheophyta_Liliopsida_Alismatales_Butomaceae_Butomus_umbellatus,300,255,10,30,5,10
82,05811_Plantae_Tracheophyta_Liliopsida_Alismatales_Hydrocharitaceae_Elodea_canadensis,300,255,10,30,5,10
83,05812_Plantae_Tracheophyta_Liliopsida_Alismatales_Hydrocharitaceae_Hydrocharis_morsus-ranae,300,255,10,30,5,10
84,05813_Plantae_Tracheophyta_Liliopsida_Alismatales_Hydrocharitaceae_Stratiotes_aloides,191,146,10,30,5,10
85,05814_Plantae_Tracheophyta_Liliopsida_Alismatales_Juncaginaceae_Triglochin_maritima,300,255,10,30,5,10
86,05815_Plantae_Tracheophyta_Liliopsida_Alismatales_Potamogetonaceae_Potamogeton_crispus,300,255,10,30,5,10
87,05816_Plantae_Tracheophyta_Liliopsida_Alismatales_Potamogetonaceae_Potamogeton_natans,288,243,10,30,5,10
88,05817_Plantae_Tracheophyta_Liliopsida_Alismatales_Potamogetonaceae_Potamogeton_nodosus,177,132,10,30,5,10
89,05818_Plantae_Tracheophyta_Liliopsida_Alismatales_Potamogetonaceae_Potamogeton_perfoliatus,159,114,10,30,5,10
90,05819_Plantae_Tracheophyta_Liliopsida_Alismatales_Scheuchzeriaceae_Scheuchzeria_palustris,241,196,10,30,5,10
91,05820_Plantae_Tracheophyta_Liliopsida_Alismatales_Tofieldiaceae_Triantha_glutinosa,270,225,10,30,5,10
92,05821_Plantae_Tracheophyta_Liliopsida_Alismatales_Zosteraceae_Phyllospadix_torreyi,300,255,10,30,5,10
93,05822_Plantae_Tracheophyta_Liliopsida_Alismatales_Zosteraceae_Zostera_marina,300,255,10,30,5,10
94,05823_Plantae_Tracheophyta_Liliopsida_Arecales_Arecaceae_Chamaerops_humilis,211,166,10,30,5,10
95,05824_Plantae_Tracheophyta_Liliopsida_Arecales_Arecaceae_Cocos_nucifera,300,255,10,30,5,10
96,05825_Plantae_Tracheophyta_Liliopsida_Arecales_Arecaceae_Phoenix_canariensis,300,255,10,30,5,10
97,05826_Plantae_Tracheophyta_Liliopsida_Arecales_Arecaceae_Phoenix_dactylifera,157,112,10,30,5,10
98,05827_Plantae_Tracheophyta_Liliopsida_Arecales_Arecaceae_Phoenix_reclinata,157,112,10,30,5,10
99,05828_Plantae_Tracheophyta_Liliopsida_Arecales_Arecaceae_Rhopalostylis_sapida,300,255,10,30,5,10
100,05829_Plantae_Tracheophyta_Liliopsida_Arecales_Arecaceae_Sabal_minor,300,255,10,30,5,10
101,05830_Plantae_Tracheophyta_Liliopsida_Arecales_Arecaceae_Sabal_palmetto,300,255,10,30,5,10
102,05831_Plantae_Tracheophyta_Liliopsida_Arecales_Arecaceae_Serenoa_repens,300,255,10,30,5,10
103,05832_Plantae_Tracheophyta_Liliopsida_Arecales_Arecaceae_Washingtonia_filifera,300,255,10,30,5,10
104,05833_Plantae_Tracheophyta_Liliopsida_Arecales_Arecaceae_Washingtonia_robusta,300,255,10,30,5,10
105,05834_Plantae_Tracheophyta_Liliopsida_Asparagales_Amaryllidaceae_Agapanthus_praecox,300,255,10,30,5,10
106,05835_Plantae_Tracheophyta_Liliopsida_Asparagales_Amaryllidaceae_Allium_acuminatum,221,176,10,30,5,10
107,05836_Plantae_Tracheophyta_Liliopsida_Asparagales_Amaryllidaceae_Allium_canadense,300,255,10,30,5,10
108,05837_Plantae_Tracheophyta_Liliopsida_Asparagales_Amaryllidaceae_Allium_cernuum,300,255,10,30,5,10
109,05838_Plantae_Tracheophyta_Liliopsida_Asparagales_Amaryllidaceae_Allium_drummondii,300,255,10,30,5,10
110,05839_Plantae_Tracheophyta_Liliopsida_Asparagales_Amaryllidaceae_Allium_neapolitanum,176,131,10,30,5,10
111,05840_Plantae_Tracheophyta_Liliopsida_Asparagales_Amaryllidaceae_Allium_oleraceum,194,149,10,30,5,10
112,05841_Plantae_Tracheophyta_Liliopsida_Asparagales_Amaryllidaceae_Allium_schoenoprasum,300,255,10,30,5,10
113,05842_Plantae_Tracheophyta_Liliopsida_Asparagales_Amaryllidaceae_Allium_stellatum,189,144,10,30,5,10
114,05843_Plantae_Tracheophyta_Liliopsida_Asparagales_Amaryllidaceae_Allium_tricoccum,300,255,10,30,5,10
115,05844_Plantae_Tracheophyta_Liliopsida_Asparagales_Amaryllidaceae_Allium_triquetrum,300,255,10,30,5,10
116,05845_Plantae_Tracheophyta_Liliopsida_Asparagales_Amaryllidaceae_Allium_ursinum,300,255,10,30,5,10
117,05846_Plantae_Tracheophyta_Liliopsida_Asparagales_Amaryllidaceae_Allium_vineale,300,255,10,30,5,10
118,05847_Plantae_Tracheophyta_Liliopsida_Asparagales_Amaryllidaceae_Amaryllis_belladonna,300,255,10,30,5,10
119,05848_Plantae_Tracheophyta_Liliopsida_Asparagales_Amaryllidaceae_Boophone_disticha,300,255,10,30,5,10
120,05849_Plantae_Tracheophyta_Liliopsida_Asparagales_Amaryllidaceae_Brunsvigia_orientalis,265,220,10,30,5,10
121,05850_Plantae_Tracheophyta_Liliopsida_Asparagales_Amaryllidaceae_Crinum_americanum,250,205,10,30,5,10
122,05851_Plantae_Tracheophyta_Liliopsida_Asparagales_Amaryllidaceae_Crinum_asiaticum,155,110,10,30,5,10
123,05852_Plantae_Tracheophyta_Liliopsida_Asparagales_Amaryllidaceae_Galanthus_nivalis,300,255,10,30,5,10
124,05853_Plantae_Tracheophyta_Liliopsida_Asparagales_Amaryllidaceae_Habranthus_tubispathus,183,138,10,30,5,10
125,05854_Plantae_Tracheophyta_Liliopsida_Asparagales_Amaryllidaceae_Haemanthus_coccineus,227,182,10,30,5,10
126,05855_Plantae_Tracheophyta_Liliopsida_Asparagales_Amaryllidaceae_Haemanthus_sanguineus,269,224,10,30,5,10
127,05856_Plantae_Tracheophyta_Liliopsida_Asparagales_Amaryllidaceae_Hymenocallis_liriosme,192,147,10,30,5,10
128,05857_Plantae_Tracheophyta_Liliopsida_Asparagales_Amaryllidaceae_Hymenocallis_littoralis,169,124,10,30,5,10
129,05858_Plantae_Tracheophyta_Liliopsida_Asparagales_Amaryllidaceae_Ipheion_uniflorum,216,171,10,30,5,10
130,05859_Plantae_Tracheophyta_Liliopsida_Asparagales_Amaryllidaceae_Leucojum_aestivum,275,230,10,30,5,10
131,05860_Plantae_Tracheophyta_Liliopsida_Asparagales_Amaryllidaceae_Leucojum_vernum,213,168,10,30,5,10
132,05861_Plantae_Tracheophyta_Liliopsida_Asparagales_Amaryllidaceae_Lycoris_radiata,286,241,10,30,5,10
133,05862_Plantae_Tracheophyta_Liliopsida_Asparagales_Amaryllidaceae_Narcissus_poeticus,208,163,10,30,5,10
134,05863_Plantae_Tracheophyta_Liliopsida_Asparagales_Amaryllidaceae_Narcissus_pseudonarcissus,240,195,10,30,5,10
135,05864_Plantae_Tracheophyta_Liliopsida_Asparagales_Amaryllidaceae_Narcissus_tazetta,162,117,10,30,5,10
136,05865_Plantae_Tracheophyta_Liliopsida_Asparagales_Amaryllidaceae_Nothoscordum_bivalve,300,255,10,30,5,10
137,05866_Plantae_Tracheophyta_Liliopsida_Asparagales_Amaryllidaceae_Pancratium_maritimum,300,255,10,30,5,10
138,05867_Plantae_Tracheophyta_Liliopsida_Asparagales_Amaryllidaceae_Scadoxus_puniceus,183,138,10,30,5,10
139,05868_Plantae_Tracheophyta_Liliopsida_Asparagales_Amaryllidaceae_Zephyranthes_atamasco,300,255,10,30,5,10
140,05869_Plantae_Tracheophyta_Liliopsida_Asparagales_Amaryllidaceae_Zephyranthes_chlorosolen,300,255,10,30,5,10
141,05870_Plantae_Tracheophyta_Liliopsida_Asparagales_Amaryllidaceae_Zephyranthes_drummondii,300,255,10,30,5,10
142,05871_Plantae_Tracheophyta_Liliopsida_Asparagales_Asparagaceae_Agave_americana,300,255,10,30,5,10
143,05872_Plantae_Tracheophyta_Liliopsida_Asparagales_Asparagaceae_Agave_deserti,300,255,10,30,5,10
144,05873_Plantae_Tracheophyta_Liliopsida_Asparagales_Asparagaceae_Agave_lechuguilla,300,255,10,30,5,10
145,05874_Plantae_Tracheophyta_Liliopsida_Asparagales_Asparagaceae_Agave_parryi,300,255,10,30,5,10
146,05875_Plantae_Tracheophyta_Liliopsida_Asparagales_Asparagaceae_Agave_salmiana,300,255,10,30,5,10
147,05876_Plantae_Tracheophyta_Liliopsida_Asparagales_Asparagaceae_Agave_shawii,300,255,10,30,5,10
148,05877_Plantae_Tracheophyta_Liliopsida_Asparagales_Asparagaceae_Agave_utahensis,191,146,10,30,5,10
149,05878_Plantae_Tracheophyta_Liliopsida_Asparagales_Asparagaceae_Asparagus_acutifolius,166,121,10,30,5,10
150,05879_Plantae_Tracheophyta_Liliopsida_Asparagales_Asparagaceae_Asparagus_aethiopicus,240,195,10,30,5,10
151,05880_Plantae_Tracheophyta_Liliopsida_Asparagales_Asparagaceae_Asparagus_asparagoides,300,255,10,30,5,10
152,05881_Plantae_Tracheophyta_Liliopsida_Asparagales_Asparagaceae_Asparagus_officinalis,300,255,10,30,5,10
153,05882_Plantae_Tracheophyta_Liliopsida_Asparagales_Asparagaceae_Asparagus_scandens,300,255,10,30,5,10
154,05883_Plantae_Tracheophyta_Liliopsida_Asparagales_Asparagaceae_Bloomeria_crocea,300,255,10,30,5,10
155,05884_Plantae_Tracheophyta_Liliopsida_Asparagales_Asparagaceae_Brodiaea_elegans,300,255,10,30,5,10
156,05885_Plantae_Tracheophyta_Liliopsida_Asparagales_Asparagaceae_Brodiaea_terrestris,200,155,10,30,5,10
157,05886_Plantae_Tracheophyta_Liliopsida_Asparagales_Asparagaceae_Camassia_leichtlinii,237,192,10,30,5,10
158,05887_Plantae_Tracheophyta_Liliopsida_Asparagales_Asparagaceae_Camassia_quamash,300,255,10,30,5,10
159,05888_Plantae_Tracheophyta_Liliopsida_Asparagales_Asparagaceae_Camassia_scilloides,300,255,10,30,5,10
160,05889_Plantae_Tracheophyta_Liliopsida_Asparagales_Asparagaceae_Chlorogalum_pomeridianum,300,255,10,30,5,10
161,05890_Plantae_Tracheophyta_Liliopsida_Asparagales_Asparagaceae_Convallaria_majalis,300,255,10,30,5,10
162,05891_Plantae_Tracheophyta_Liliopsida_Asparagales_Asparagaceae_Cordyline_australis,300,255,10,30,5,10
163,05892_Plantae_Tracheophyta_Liliopsida_Asparagales_Asparagaceae_Cordyline_fruticosa,300,255,10,30,5,10
164,05893_Plantae_Tracheophyta_Liliopsida_Asparagales_Asparagaceae_Dasylirion_texanum,171,126,10,30,5,10
165,05894_Plantae_Tracheophyta_Liliopsida_Asparagales_Asparagaceae_Dasylirion_wheeleri,300,255,10,30,5,10
166,05895_Plantae_Tracheophyta_Liliopsida_Asparagales_Asparagaceae_Dichelostemma_capitatum,300,255,10,30,5,10
167,05896_Plantae_Tracheophyta_Liliopsida_Asparagales_Asparagaceae_Dichelostemma_congestum,300,255,10,30,5,10
168,05897_Plantae_Tracheophyta_Liliopsida_Asparagales_Asparagaceae_Dichelostemma_volubile,180,135,10,30,5,10
169,05898_Plantae_Tracheophyta_Liliopsida_Asparagales_Asparagaceae_Hesperocallis_undulata,300,255,10,30,5,10
170,05899_Plantae_Tracheophyta_Liliopsida_Asparagales_Asparagaceae_Hesperoyucca_whipplei,300,255,10,30,5,10
171,05900_Plantae_Tracheophyta_Liliopsida_Asparagales_Asparagaceae_Hyacinthoides_hispanica,182,137,10,30,5,10
172,05901_Plantae_Tracheophyta_Liliopsida_Asparagales_Asparagaceae_Hyacinthoides_non-scripta,300,255,10,30,5,10
173,05902_Plantae_Tracheophyta_Liliopsida_Asparagales_Asparagaceae_Leopoldia_comosa,300,255,10,30,5,10
174,05903_Plantae_Tracheophyta_Liliopsida_Asparagales_Asparagaceae_Leucocrinum_montanum,300,255,10,30,5,10
175,05904_Plantae_Tracheophyta_Liliopsida_Asparagales_Asparagaceae_Liriope_muscari,153,108,10,30,5,10
176,05905_Plantae_Tracheophyta_Liliopsida_Asparagales_Asparagaceae_Maianthemum_bifolium,300,255,10,30,5,10
177,05906_Plantae_Tracheophyta_Liliopsida_Asparagales_Asparagaceae_Maianthemum_canadense,300,255,10,30,5,10
178,05907_Plantae_Tracheophyta_Liliopsida_Asparagales_Asparagaceae_Maianthemum_dilatatum,300,255,10,30,5,10
179,05908_Plantae_Tracheophyta_Liliopsida_Asparagales_Asparagaceae_Maianthemum_racemosum,300,255,10,30,5,10
180,05909_Plantae_Tracheophyta_Liliopsida_Asparagales_Asparagaceae_Maianthemum_stellatum,300,255,10,30,5,10
181,05910_Plantae_Tracheophyta_Liliopsida_Asparagales_Asparagaceae_Maianthemum_trifolium,298,253,10,30,5,10
182,05911_Plantae_Tracheophyta_Liliopsida_Asparagales_Asparagaceae_Manfreda_virginica,182,137,10,30,5,10
183,05912_Plantae_Tracheophyta_Liliopsida_Asparagales_Asparagaceae_Milla_biflora,291,246,10,30,5,10
184,05913_Plantae_Tracheophyta_Liliopsida_Asparagales_Asparagaceae_Muilla_maritima,300,255,10,30,5,10
185,05914_Plantae_Tracheophyta_Liliopsida_Asparagales_Asparagaceae_Muscari_armeniacum,192,147,10,30,5,10
186,05915_Plantae_Tracheophyta_Liliopsida_Asparagales_Asparagaceae_Muscari_botryoides,157,112,10,30,5,10
187,05916_Plantae_Tracheophyta_Liliopsida_Asparagales_Asparagaceae_Muscari_neglectum,300,255,10,30,5,10
188,05917_Plantae_Tracheophyta_Liliopsida_Asparagales_Asparagaceae_Nolina_parryi,300,255,10,30,5,10
189,05918_Plantae_Tracheophyta_Liliopsida_Asparagales_Asparagaceae_Nolina_texana,157,112,10,30,5,10
190,05919_Plantae_Tracheophyta_Liliopsida_Asparagales_Asparagaceae_Ornithogalum_umbellatum,300,255,10,30,5,10
191,05920_Plantae_Tracheophyta_Liliopsida_Asparagales_Asparagaceae_Polygonatum_biflorum,300,255,10,30,5,10
192,05921_Plantae_Tracheophyta_Liliopsida_Asparagales_Asparagaceae_Polygonatum_multiflorum,300,255,10,30,5,10
193,05922_Plantae_Tracheophyta_Liliopsida_Asparagales_Asparagaceae_Polygonatum_odoratum,300,255,10,30,5,10
194,05923_Plantae_Tracheophyta_Liliopsida_Asparagales_Asparagaceae_Polygonatum_pubescens,300,255,10,30,5,10
195,05924_Plantae_Tracheophyta_Liliopsida_Asparagales_Asparagaceae_Prospero_autumnale,153,108,10,30,5,10
196,05925_Plantae_Tracheophyta_Liliopsida_Asparagales_Asparagaceae_Ruscus_aculeatus,300,255,10,30,5,10
197,05926_Plantae_Tracheophyta_Liliopsida_Asparagales_Asparagaceae_Scilla_bifolia,241,196,10,30,5,10
198,05927_Plantae_Tracheophyta_Liliopsida_Asparagales_Asparagaceae_Scilla_forbesii,157,112,10,30,5,10
199,05928_Plantae_Tracheophyta_Liliopsida_Asparagales_Asparagaceae_Scilla_siberica,300,255,10,30,5,10
200,05929_Plantae_Tracheophyta_Liliopsida_Asparagales_Asparagaceae_Triteleia_grandiflora,216,171,10,30,5,10
201,05930_Plantae_Tracheophyta_Liliopsida_Asparagales_Asparagaceae_Triteleia_hyacinthina,300,255,10,30,5,10
202,05931_Plantae_Tracheophyta_Liliopsida_Asparagales_Asparagaceae_Triteleia_ixioides,300,255,10,30,5,10
203,05932_Plantae_Tracheophyta_Liliopsida_Asparagales_Asparagaceae_Triteleia_laxa,300,255,10,30,5,10
204,05933_Plantae_Tracheophyta_Liliopsida_Asparagales_Asparagaceae_Yucca_arkansana,155,110,10,30,5,10
205,05934_Plantae_Tracheophyta_Liliopsida_Asparagales_Asparagaceae_Yucca_baccata,300,255,10,30,5,10
206,05935_Plantae_Tracheophyta_Liliopsida_Asparagales_Asparagaceae_Yucca_brevifolia,300,255,10,30,5,10
207,05936_Plantae_Tracheophyta_Liliopsida_Asparagales_Asparagaceae_Yucca_elata,300,255,10,30,5,10
208,05937_Plantae_Tracheophyta_Liliopsida_Asparagales_Asparagaceae_Yucca_filamentosa,300,255,10,30,5,10
209,05938_Plantae_Tracheophyta_Liliopsida_Asparagales_Asparagaceae_Yucca_filifera,282,237,10,30,5,10
210,05939_Plantae_Tracheophyta_Liliopsida_Asparagales_Asparagaceae_Yucca_glauca,300,255,10,30,5,10
211,05940_Plantae_Tracheophyta_Liliopsida_Asparagales_Asparagaceae_Yucca_pallida,244,199,10,30,5,10
212,05941_Plantae_Tracheophyta_Liliopsida_Asparagales_Asparagaceae_Yucca_rupicola,300,255,10,30,5,10
213,05942_Plantae_Tracheophyta_Liliopsida_Asparagales_Asparagaceae_Yucca_schidigera,300,255,10,30,5,10
214,05943_Plantae_Tracheophyta_Liliopsida_Asparagales_Asparagaceae_Yucca_treculeana,300,255,10,30,5,10
215,05944_Plantae_Tracheophyta_Liliopsida_Asparagales_Asphodelaceae_Aloe_arborescens,300,255,10,30,5,10
216,05945_Plantae_Tracheophyta_Liliopsida_Asparagales_Asphodelaceae_Aloe_ferox,300,255,10,30,5,10
217,05946_Plantae_Tracheophyta_Liliopsida_Asparagales_Asphodelaceae_Aloe_vera,274,229,10,30,5,10
218,05947_Plantae_Tracheophyta_Liliopsida_Asparagales_Asphodelaceae_Asphodelus_fistulosus,300,255,10,30,5,10
219,05948_Plantae_Tracheophyta_Liliopsida_Asparagales_Asphodelaceae_Asphodelus_ramosus,204,159,10,30,5,10
220,05949_Plantae_Tracheophyta_Liliopsida_Asparagales_Asphodelaceae_Dianella_nigra,209,164,10,30,5,10
221,05950_Plantae_Tracheophyta_Liliopsida_Asparagales_Asphodelaceae_Hemerocallis_fulva,300,255,10,30,5,10
222,05951_Plantae_Tracheophyta_Liliopsida_Asparagales_Asphodelaceae_Kniphofia_uvaria,186,141,10,30,5,10
223,05952_Plantae_Tracheophyta_Liliopsida_Asparagales_Asphodelaceae_Phormium_cookianum,285,240,10,30,5,10
224,05953_Plantae_Tracheophyta_Liliopsida_Asparagales_Asphodelaceae_Phormium_tenax,300,255,10,30,5,10
225,05954_Plantae_Tracheophyta_Liliopsida_Asparagales_Asteliaceae_Astelia_fragrans,300,255,10,30,5,10
226,05955_Plantae_Tracheophyta_Liliopsida_Asparagales_Asteliaceae_Astelia_hastata,195,150,10,30,5,10
227,05956_Plantae_Tracheophyta_Liliopsida_Asparagales_Asteliaceae_Astelia_nervosa,161,116,10,30,5,10
228,05957_Plantae_Tracheophyta_Liliopsida_Asparagales_Hypoxidaceae_Hypoxis_hirsuta,300,255,10,30,5,10
229,05958_Plantae_Tracheophyta_Liliopsida_Asparagales_Hypoxidaceae_Pauridia_capensis,197,152,10,30,5,10
230,05959_Plantae_Tracheophyta_Liliopsida_Asparagales_Iridaceae_Alophia_drummondii,163,118,10,30,5,10
231,05960_Plantae_Tracheophyta_Liliopsida_Asparagales_Iridaceae_Chasmanthe_floribunda,170,125,10,30,5,10
232,05961_Plantae_Tracheophyta_Liliopsida_Asparagales_Iridaceae_Crocus_tommasinianus,168,123,10,30,5,10
233,05962_Plantae_Tracheophyta_Liliopsida_Asparagales_Iridaceae_Crocus_vernus,300,255,10,30,5,10
234,05963_Plantae_Tracheophyta_Liliopsida_Asparagales_Iridaceae_Gladiolus_italicus,171,126,10,30,5,10
235,05964_Plantae_Tracheophyta_Liliopsida_Asparagales_Iridaceae_Herbertia_lahue,300,255,10,30,5,10
236,05965_Plantae_Tracheophyta_Liliopsida_Asparagales_Iridaceae_Iris_cristata,300,255,10,30,5,10
237,05966_Plantae_Tracheophyta_Liliopsida_Asparagales_Iridaceae_Iris_domestica,197,152,10,30,5,10
238,05967_Plantae_Tracheophyta_Liliopsida_Asparagales_Iridaceae_Iris_douglasiana,300,255,10,30,5,10
239,05968_Plantae_Tracheophyta_Liliopsida_Asparagales_Iridaceae_Iris_foetidissima,300,255,10,30,5,10
240,05969_Plantae_Tracheophyta_Liliopsida_Asparagales_Iridaceae_Iris_lacustris,165,120,10,30,5,10
241,05970_Plantae_Tracheophyta_Liliopsida_Asparagales_Iridaceae_Iris_missouriensis,300,255,10,30,5,10
242,05971_Plantae_Tracheophyta_Liliopsida_Asparagales_Iridaceae_Iris_pseudacorus,300,255,10,30,5,10
243,05972_Plantae_Tracheophyta_Liliopsida_Asparagales_Iridaceae_Iris_ruthenica,203,158,10,30,5,10
244,05973_Plantae_Tracheophyta_Liliopsida_Asparagales_Iridaceae_Iris_setosa,186,141,10,30,5,10
245,05974_Plantae_Tracheophyta_Liliopsida_Asparagales_Iridaceae_Iris_sibirica,233,188,10,30,5,10
246,05975_Plantae_Tracheophyta_Liliopsida_Asparagales_Iridaceae_Iris_tenax,247,202,10,30,5,10
247,05976_Plantae_Tracheophyta_Liliopsida_Asparagales_Iridaceae_Iris_verna,167,122,10,30,5,10
248,05977_Plantae_Tracheophyta_Liliopsida_Asparagales_Iridaceae_Iris_versicolor,300,255,10,30,5,10
249,05978_Plantae_Tracheophyta_Liliopsida_Asparagales_Iridaceae_Iris_virginica,300,255,10,30,5,10
250,05979_Plantae_Tracheophyta_Liliopsida_Asparagales_Iridaceae_Moraea_gawleri,160,115,10,30,5,10
251,05980_Plantae_Tracheophyta_Liliopsida_Asparagales_Iridaceae_Moraea_sisyrinchium,197,152,10,30,5,10
252,05981_Plantae_Tracheophyta_Liliopsida_Asparagales_Iridaceae_Nemastylis_geminiflora,300,255,10,30,5,10
253,05982_Plantae_Tracheophyta_Liliopsida_Asparagales_Iridaceae_Olsynium_douglasii,199,154,10,30,5,10
254,05983_Plantae_Tracheophyta_Liliopsida_Asparagales_Iridaceae_Romulea_rosea,300,255,10,30,5,10
255,05984_Plantae_Tracheophyta_Liliopsida_Asparagales_Iridaceae_Sisyrinchium_angustifolium,300,255,10,30,5,10
256,05985_Plantae_Tracheophyta_Liliopsida_Asparagales_Iridaceae_Sisyrinchium_bellum,300,255,10,30,5,10
257,05986_Plantae_Tracheophyta_Liliopsida_Asparagales_Iridaceae_Sisyrinchium_montanum,300,255,10,30,5,10
258,05987_Plantae_Tracheophyta_Liliopsida_Asparagales_Iridaceae_Sisyrinchium_rosulatum,300,255,10,30,5,10
259,05988_Plantae_Tracheophyta_Liliopsida_Asparagales_Iridaceae_Sparaxis_tricolor,215,170,10,30,5,10
260,05989_Plantae_Tracheophyta_Liliopsida_Asparagales_Iridaceae_Tigridia_pavonia,270,225,10,30,5,10
261,05990_Plantae_Tracheophyta_Liliopsida_Asparagales_Orchidaceae_Acianthus_caudatus,162,117,10,30,5,10
262,05991_Plantae_Tracheophyta_Liliopsida_Asparagales_Orchidaceae_Acianthus_sinclairii,220,175,10,30,5,10
263,05992_Plantae_Tracheophyta_Liliopsida_Asparagales_Orchidaceae_Anacamptis_coriophora,160,115,10,30,5,10
264,05993_Plantae_Tracheophyta_Liliopsida_Asparagales_Orchidaceae_Anacamptis_morio,300,255,10,30,5,10
265,05994_Plantae_Tracheophyta_Liliopsida_Asparagales_Orchidaceae_Anacamptis_papilionacea,300,255,10,30,5,10
266,05995_Plantae_Tracheophyta_Liliopsida_Asparagales_Orchidaceae_Anacamptis_pyramidalis,300,255,10,30,5,10
267,05996_Plantae_Tracheophyta_Liliopsida_Asparagales_Orchidaceae_Aplectrum_hyemale,300,255,10,30,5,10
268,05997_Plantae_Tracheophyta_Liliopsida_Asparagales_Orchidaceae_Arethusa_bulbosa,262,217,10,30,5,10
269,05998_Plantae_Tracheophyta_Liliopsida_Asparagales_Orchidaceae_Arundina_graminifolia,300,255,10,30,5,10
270,05999_Plantae_Tracheophyta_Liliopsida_Asparagales_Orchidaceae_Caladenia_carnea,208,163,10,30,5,10
271,06000_Plantae_Tracheophyta_Liliopsida_Asparagales_Orchidaceae_Calopogon_tuberosus,300,255,10,30,5,10
272,06001_Plantae_Tracheophyta_Liliopsida_Asparagales_Orchidaceae_Calypso_bulbosa,300,255,10,30,5,10
273,06002_Plantae_Tracheophyta_Liliopsida_Asparagales_Orchidaceae_Cephalanthera_austiniae,185,140,10,30,5,10
274,06003_Plantae_Tracheophyta_Liliopsida_Asparagales_Orchidaceae_Cephalanthera_damasonium,273,228,10,30,5,10
275,06004_Plantae_Tracheophyta_Liliopsida_Asparagales_Orchidaceae_Cephalanthera_longifolia,300,255,10,30,5,10
276,06005_Plantae_Tracheophyta_Liliopsida_Asparagales_Orchidaceae_Cephalanthera_rubra,300,255,10,30,5,10
277,06006_Plantae_Tracheophyta_Liliopsida_Asparagales_Orchidaceae_Chiloglottis_cornuta,195,150,10,30,5,10
278,06007_Plantae_Tracheophyta_Liliopsida_Asparagales_Orchidaceae_Corallorhiza_maculata,300,255,10,30,5,10
279,06008_Plantae_Tracheophyta_Liliopsida_Asparagales_Orchidaceae_Corallorhiza_mertensiana,300,255,10,30,5,10
280,06009_Plantae_Tracheophyta_Liliopsida_Asparagales_Orchidaceae_Corallorhiza_striata,300,255,10,30,5,10
281,06010_Plantae_Tracheophyta_Liliopsida_Asparagales_Orchidaceae_Corallorhiza_trifida,300,255,10,30,5,10
282,06011_Plantae_Tracheophyta_Liliopsida_Asparagales_Orchidaceae_Cypripedium_acaule,300,255,10,30,5,10
283,06012_Plantae_Tracheophyta_Liliopsida_Asparagales_Orchidaceae_Cypripedium_calceolus,300,255,10,30,5,10
284,06013_Plantae_Tracheophyta_Liliopsida_Asparagales_Orchidaceae_Cypripedium_candidum,183,138,10,30,5,10
285,06014_Plantae_Tracheophyta_Liliopsida_Asparagales_Orchidaceae_Cypripedium_macranthos,226,181,10,30,5,10
286,06015_Plantae_Tracheophyta_Liliopsida_Asparagales_Orchidaceae_Cypripedium_montanum,189,144,10,30,5,10
287,06016_Plantae_Tracheophyta_Liliopsida_Asparagales_Orchidaceae_Cypripedium_parviflorum,300,255,10,30,5,10
288,06017_Plantae_Tracheophyta_Liliopsida_Asparagales_Orchidaceae_Cypripedium_reginae,300,255,10,30,5,10
289,06018_Plantae_Tracheophyta_Liliopsida_Asparagales_Orchidaceae_Dactylorhiza_fuchsii,300,255,10,30,5,10
290,06019_Plantae_Tracheophyta_Liliopsida_Asparagales_Orchidaceae_Dactylorhiza_incarnata,300,255,10,30,5,10
291,06020_Plantae_Tracheophyta_Liliopsida_Asparagales_Orchidaceae_Dactylorhiza_maculata,300,255,10,30,5,10
292,06021_Plantae_Tracheophyta_Liliopsida_Asparagales_Orchidaceae_Dactylorhiza_majalis,300,255,10,30,5,10
293,06022_Plantae_Tracheophyta_Liliopsida_Asparagales_Orchidaceae_Dactylorhiza_sambucina,300,255,10,30,5,10
294,06023_Plantae_Tracheophyta_Liliopsida_Asparagales_Orchidaceae_Dactylorhiza_viridis,300,255,10,30,5,10
295,06024_Plantae_Tracheophyta_Liliopsida_Asparagales_Orchidaceae_Dendrobium_cunninghamii,164,119,10,30,5,10
296,06025_Plantae_Tracheophyta_Liliopsida_Asparagales_Orchidaceae_Dichromanthus_cinnabarinus,202,157,10,30,5,10
297,06026_Plantae_Tracheophyta_Liliopsida_Asparagales_Orchidaceae_Dipodium_roseum,263,218,10,30,5,10
298,06027_Plantae_Tracheophyta_Liliopsida_Asparagales_Orchidaceae_Disa_bracteata,170,125,10,30,5,10
299,06028_Plantae_Tracheophyta_Liliopsida_Asparagales_Orchidaceae_Diuris_orientis,203,158,10,30,5,10
300,06029_Plantae_Tracheophyta_Liliopsida_Asparagales_Orchidaceae_Diuris_pardina,223,178,10,30,5,10
301,06030_Plantae_Tracheophyta_Liliopsida_Asparagales_Orchidaceae_Earina_autumnalis,300,255,10,30,5,10
302,06031_Plantae_Tracheophyta_Liliopsida_Asparagales_Orchidaceae_Earina_mucronata,270,225,10,30,5,10
303,06032_Plantae_Tracheophyta_Liliopsida_Asparagales_Orchidaceae_Epidendrum_radicans,157,112,10,30,5,10
304,06033_Plantae_Tracheophyta_Liliopsida_Asparagales_Orchidaceae_Epipactis_atrorubens,300,255,10,30,5,10
305,06034_Plantae_Tracheophyta_Liliopsida_Asparagales_Orchidaceae_Epipactis_gigantea,300,255,10,30,5,10
306,06035_Plantae_Tracheophyta_Liliopsida_Asparagales_Orchidaceae_Epipactis_helleborine,300,255,10,30,5,10
307,06036_Plantae_Tracheophyta_Liliopsida_Asparagales_Orchidaceae_Epipactis_palustris,297,252,10,30,5,10
308,06037_Plantae_Tracheophyta_Liliopsida_Asparagales_Orchidaceae_Galearis_spectabilis,300,255,10,30,5,10
309,06038_Plantae_Tracheophyta_Liliopsida_Asparagales_Orchidaceae_Glossodia_major,300,255,10,30,5,10
310,06039_Plantae_Tracheophyta_Liliopsida_Asparagales_Orchidaceae_Goodyera_oblongifolia,300,255,10,30,5,10
311,06040_Plantae_Tracheophyta_Liliopsida_Asparagales_Orchidaceae_Goodyera_pubescens,300,255,10,30,5,10
312,06041_Plantae_Tracheophyta_Liliopsida_Asparagales_Orchidaceae_Goodyera_repens,300,255,10,30,5,10
313,06042_Plantae_Tracheophyta_Liliopsida_Asparagales_Orchidaceae_Goodyera_tesselata,228,183,10,30,5,10
314,06043_Plantae_Tracheophyta_Liliopsida_Asparagales_Orchidaceae_Gymnadenia_conopsea,300,255,10,30,5,10
315,06044_Plantae_Tracheophyta_Liliopsida_Asparagales_Orchidaceae_Gymnadenia_rhellicani,180,135,10,30,5,10
316,06045_Plantae_Tracheophyta_Liliopsida_Asparagales_Orchidaceae_Himantoglossum_hircinum,207,162,10,30,5,10
317,06046_Plantae_Tracheophyta_Liliopsida_Asparagales_Orchidaceae_Himantoglossum_robertianum,285,240,10,30,5,10
318,06047_Plantae_Tracheophyta_Liliopsida_Asparagales_Orchidaceae_Limodorum_abortivum,271,226,10,30,5,10
319,06048_Plantae_Tracheophyta_Liliopsida_Asparagales_Orchidaceae_Liparis_liliifolia,184,139,10,30,5,10
320,06049_Plantae_Tracheophyta_Liliopsida_Asparagales_Orchidaceae_Liparis_loeselii,260,215,10,30,5,10
321,06050_Plantae_Tracheophyta_Liliopsida_Asparagales_Orchidaceae_Microtis_unifolia,297,252,10,30,5,10
322,06051_Plantae_Tracheophyta_Liliopsida_Asparagales_Orchidaceae_Neotinea_tridentata,300,255,10,30,5,10
323,06052_Plantae_Tracheophyta_Liliopsida_Asparagales_Orchidaceae_Neotinea_ustulata,300,255,10,30,5,10
324,06053_Plantae_Tracheophyta_Liliopsida_Asparagales_Orchidaceae_Neottia_cordata,300,255,10,30,5,10
325,06054_Plantae_Tracheophyta_Liliopsida_Asparagales_Orchidaceae_Neottia_nidus-avis,300,255,10,30,5,10
326,06055_Plantae_Tracheophyta_Liliopsida_Asparagales_Orchidaceae_Neottia_ovata,300,255,10,30,5,10
327,06056_Plantae_Tracheophyta_Liliopsida_Asparagales_Orchidaceae_Oeceoclades_maculata,192,147,10,30,5,10
328,06057_Plantae_Tracheophyta_Liliopsida_Asparagales_Orchidaceae_Ophrys_apifera,300,255,10,30,5,10
329,06058_Plantae_Tracheophyta_Liliopsida_Asparagales_Orchidaceae_Ophrys_fuciflora,300,255,10,30,5,10
330,06059_Plantae_Tracheophyta_Liliopsida_Asparagales_Orchidaceae_Ophrys_fusca,221,176,10,30,5,10
331,06060_Plantae_Tracheophyta_Liliopsida_Asparagales_Orchidaceae_Ophrys_insectifera,243,198,10,30,5,10
332,06061_Plantae_Tracheophyta_Liliopsida_Asparagales_Orchidaceae_Ophrys_lutea,300,255,10,30,5,10
333,06062_Plantae_Tracheophyta_Liliopsida_Asparagales_Orchidaceae_Ophrys_scolopax,264,219,10,30,5,10
334,06063_Plantae_Tracheophyta_Liliopsida_Asparagales_Orchidaceae_Ophrys_sphegodes,300,255,10,30,5,10
335,06064_Plantae_Tracheophyta_Liliopsida_Asparagales_Orchidaceae_Ophrys_tenthredinifera,211,166,10,30,5,10
336,06065_Plantae_Tracheophyta_Liliopsida_Asparagales_Orchidaceae_Orchis_anthropophora,280,235,10,30,5,10
337,06066_Plantae_Tracheophyta_Liliopsida_Asparagales_Orchidaceae_Orchis_italica,211,166,10,30,5,10
338,06067_Plantae_Tracheophyta_Liliopsida_Asparagales_Orchidaceae_Orchis_mascula,300,255,10,30,5,10
339,06068_Plantae_Tracheophyta_Liliopsida_Asparagales_Orchidaceae_Orchis_militaris,300,255,10,30,5,10
340,06069_Plantae_Tracheophyta_Liliopsida_Asparagales_Orchidaceae_Orchis_purpurea,300,255,10,30,5,10
341,06070_Plantae_Tracheophyta_Liliopsida_Asparagales_Orchidaceae_Platanthera_aquilonis,279,234,10,30,5,10
342,06071_Plantae_Tracheophyta_Liliopsida_Asparagales_Orchidaceae_Platanthera_bifolia,300,255,10,30,5,10
343,06072_Plantae_Tracheophyta_Liliopsida_Asparagales_Orchidaceae_Platanthera_blephariglottis,226,181,10,30,5,10
344,06073_Plantae_Tracheophyta_Liliopsida_Asparagales_Orchidaceae_Platanthera_chlorantha,300,255,10,30,5,10
345,06074_Plantae_Tracheophyta_Liliopsida_Asparagales_Orchidaceae_Platanthera_ciliaris,291,246,10,30,5,10
346,06075_Plantae_Tracheophyta_Liliopsida_Asparagales_Orchidaceae_Platanthera_clavellata,300,255,10,30,5,10
347,06076_Plantae_Tracheophyta_Liliopsida_Asparagales_Orchidaceae_Platanthera_dilatata,300,255,10,30,5,10
348,06077_Plantae_Tracheophyta_Liliopsida_Asparagales_Orchidaceae_Platanthera_elegans,186,141,10,30,5,10
349,06078_Plantae_Tracheophyta_Liliopsida_Asparagales_Orchidaceae_Platanthera_huronensis,188,143,10,30,5,10
350,06079_Plantae_Tracheophyta_Liliopsida_Asparagales_Orchidaceae_Platanthera_lacera,300,255,10,30,5,10
351,06080_Plantae_Tracheophyta_Liliopsida_Asparagales_Orchidaceae_Platanthera_orbiculata,222,177,10,30,5,10
352,06081_Plantae_Tracheophyta_Liliopsida_Asparagales_Orchidaceae_Platanthera_psycodes,300,255,10,30,5,10
353,06082_Plantae_Tracheophyta_Liliopsida_Asparagales_Orchidaceae_Platanthera_stricta,253,208,10,30,5,10
354,06083_Plantae_Tracheophyta_Liliopsida_Asparagales_Orchidaceae_Platanthera_transversa,172,127,10,30,5,10
355,06084_Plantae_Tracheophyta_Liliopsida_Asparagales_Orchidaceae_Pogonia_ophioglossoides,300,255,10,30,5,10
356,06085_Plantae_Tracheophyta_Liliopsida_Asparagales_Orchidaceae_Ponerorchis_cucullata,186,141,10,30,5,10
357,06086_Plantae_Tracheophyta_Liliopsida_Asparagales_Orchidaceae_Prasophyllum_colensoi,163,118,10,30,5,10
358,06087_Plantae_Tracheophyta_Liliopsida_Asparagales_Orchidaceae_Pterostylis_banksii,211,166,10,30,5,10
359,06088_Plantae_Tracheophyta_Liliopsida_Asparagales_Orchidaceae_Pterostylis_melagramma,173,128,10,30,5,10
360,06089_Plantae_Tracheophyta_Liliopsida_Asparagales_Orchidaceae_Pterostylis_nana,167,122,10,30,5,10
361,06090_Plantae_Tracheophyta_Liliopsida_Asparagales_Orchidaceae_Pterostylis_nutans,300,255,10,30,5,10
362,06091_Plantae_Tracheophyta_Liliopsida_Asparagales_Orchidaceae_Pterostylis_pedunculata,196,151,10,30,5,10
363,06092_Plantae_Tracheophyta_Liliopsida_Asparagales_Orchidaceae_Pyrorchis_nigricans,188,143,10,30,5,10
364,06093_Plantae_Tracheophyta_Liliopsida_Asparagales_Orchidaceae_Serapias_lingua,210,165,10,30,5,10
365,06094_Plantae_Tracheophyta_Liliopsida_Asparagales_Orchidaceae_Spathoglottis_plicata,209,164,10,30,5,10
366,06095_Plantae_Tracheophyta_Liliopsida_Asparagales_Orchidaceae_Spiranthes_cernua,171,126,10,30,5,10
367,06096_Plantae_Tracheophyta_Liliopsida_Asparagales_Orchidaceae_Spiranthes_incurva,290,245,10,30,5,10
368,06097_Plantae_Tracheophyta_Liliopsida_Asparagales_Orchidaceae_Spiranthes_lacera,300,255,10,30,5,10
369,06098_Plantae_Tracheophyta_Liliopsida_Asparagales_Orchidaceae_Spiranthes_magnicamporum,289,244,10,30,5,10
370,06099_Plantae_Tracheophyta_Liliopsida_Asparagales_Orchidaceae_Spiranthes_romanzoffiana,300,255,10,30,5,10
371,06100_Plantae_Tracheophyta_Liliopsida_Asparagales_Orchidaceae_Spiranthes_vernalis,300,255,10,30,5,10
372,06101_Plantae_Tracheophyta_Liliopsida_Asparagales_Orchidaceae_Thelymitra_longifolia,186,141,10,30,5,10
373,06102_Plantae_Tracheophyta_Liliopsida_Asparagales_Orchidaceae_Tipularia_discolor,300,255,10,30,5,10
374,06103_Plantae_Tracheophyta_Liliopsida_Commelinales_Commelinaceae_Commelina_africana,177,132,10,30,5,10
375,06104_Plantae_Tracheophyta_Liliopsida_Commelinales_Commelinaceae_Commelina_communis,300,255,10,30,5,10
376,06105_Plantae_Tracheophyta_Liliopsida_Commelinales_Commelinaceae_Commelina_diffusa,300,255,10,30,5,10
377,06106_Plantae_Tracheophyta_Liliopsida_Commelinales_Commelinaceae_Commelina_erecta,300,255,10,30,5,10
378,06107_Plantae_Tracheophyta_Liliopsida_Commelinales_Commelinaceae_Commelina_virginica,181,136,10,30,5,10
379,06108_Plantae_Tracheophyta_Liliopsida_Commelinales_Commelinaceae_Tinantia_anomala,300,255,10,30,5,10
380,06109_Plantae_Tracheophyta_Liliopsida_Commelinales_Commelinaceae_Tradescantia_fluminensis,300,255,10,30,5,10
381,06110_Plantae_Tracheophyta_Liliopsida_Commelinales_Commelinaceae_Tradescantia_occidentalis,292,247,10,30,5,10
382,06111_Plantae_Tracheophyta_Liliopsida_Commelinales_Commelinaceae_Tradescantia_ohiensis,300,255,10,30,5,10
383,06112_Plantae_Tracheophyta_Liliopsida_Commelinales_Commelinaceae_Tradescantia_pallida,300,255,10,30,5,10
384,06113_Plantae_Tracheophyta_Liliopsida_Commelinales_Commelinaceae_Tradescantia_spathacea,238,193,10,30,5,10
385,06114_Plantae_Tracheophyta_Liliopsida_Commelinales_Commelinaceae_Tradescantia_virginiana,257,212,10,30,5,10
386,06115_Plantae_Tracheophyta_Liliopsida_Commelinales_Commelinaceae_Tradescantia_zebrina,300,255,10,30,5,10
387,06116_Plantae_Tracheophyta_Liliopsida_Commelinales_Haemodoraceae_Lachnanthes_caroliniana,155,110,10,30,5,10
388,06117_Plantae_Tracheophyta_Liliopsida_Commelinales_Haemodoraceae_Wachendorfia_paniculata,256,211,10,30,5,10
389,06118_Plantae_Tracheophyta_Liliopsida_Commelinales_Pontederiaceae_Pontederia_cordata,300,255,10,30,5,10
390,06119_Plantae_Tracheophyta_Liliopsida_Commelinales_Pontederiaceae_Pontederia_crassipes,300,255,10,30,5,10
391,06120_Plantae_Tracheophyta_Liliopsida_Dioscoreales_Dioscoreaceae_Dioscorea_bulbifera,285,240,10,30,5,10
392,06121_Plantae_Tracheophyta_Liliopsida_Dioscoreales_Dioscoreaceae_Dioscorea_communis,278,233,10,30,5,10
393,06122_Plantae_Tracheophyta_Liliopsida_Dioscoreales_Dioscoreaceae_Dioscorea_villosa,300,255,10,30,5,10
394,06123_Plantae_Tracheophyta_Liliopsida_Dioscoreales_Nartheciaceae_Narthecium_ossifragum,213,168,10,30,5,10
395,06124_Plantae_Tracheophyta_Liliopsida_Liliales_Colchicaceae_Burchardia_umbellata,208,163,10,30,5,10
396,06125_Plantae_Tracheophyta_Liliopsida_Liliales_Colchicaceae_Colchicum_autumnale,300,255,10,30,5,10
397,06126_Plantae_Tracheophyta_Liliopsida_Liliales_Colchicaceae_Gloriosa_superba,284,239,10,30,5,10
398,06127_Plantae_Tracheophyta_Liliopsida_Liliales_Colchicaceae_Uvularia_grandiflora,300,255,10,30,5,10
399,06128_Plantae_Tracheophyta_Liliopsida_Liliales_Colchicaceae_Uvularia_perfoliata,300,255,10,30,5,10
400,06129_Plantae_Tracheophyta_Liliopsida_Liliales_Colchicaceae_Uvularia_sessilifolia,300,255,10,30,5,10
401,06130_Plantae_Tracheophyta_Liliopsida_Liliales_Liliaceae_Calochortus_albus,300,255,10,30,5,10
402,06131_Plantae_Tracheophyta_Liliopsida_Liliales_Liliaceae_Calochortus_amabilis,300,255,10,30,5,10
403,06132_Plantae_Tracheophyta_Liliopsida_Liliales_Liliaceae_Calochortus_argillosus,230,185,10,30,5,10
404,06133_Plantae_Tracheophyta_Liliopsida_Liliales_Liliaceae_Calochortus_catalinae,300,255,10,30,5,10
405,06134_Plantae_Tracheophyta_Liliopsida_Liliales_Liliaceae_Calochortus_clavatus,204,159,10,30,5,10
406,06135_Plantae_Tracheophyta_Liliopsida_Liliales_Liliaceae_Calochortus_gunnisonii,300,255,10,30,5,10
407,06136_Plantae_Tracheophyta_Liliopsida_Liliales_Liliaceae_Calochortus_invenustus,192,147,10,30,5,10
408,06137_Plantae_Tracheophyta_Liliopsida_Liliales_Liliaceae_Calochortus_kennedyi,300,255,10,30,5,10
409,06138_Plantae_Tracheophyta_Liliopsida_Liliales_Liliaceae_Calochortus_leichtlinii,300,255,10,30,5,10
410,06139_Plantae_Tracheophyta_Liliopsida_Liliales_Liliaceae_Calochortus_luteus,300,255,10,30,5,10
411,06140_Plantae_Tracheophyta_Liliopsida_Liliales_Liliaceae_Calochortus_macrocarpus,300,255,10,30,5,10
412,06141_Plantae_Tracheophyta_Liliopsida_Liliales_Liliaceae_Calochortus_monophyllus,182,137,10,30,5,10
413,06142_Plantae_Tracheophyta_Liliopsida_Liliales_Liliaceae_Calochortus_nuttallii,300,255,10,30,5,10
414,06143_Plantae_Tracheophyta_Liliopsida_Liliales_Liliaceae_Calochortus_plummerae,243,198,10,30,5,10
415,06144_Plantae_Tracheophyta_Liliopsida_Liliales_Liliaceae_Calochortus_pulchellus,300,255,10,30,5,10
416,06145_Plantae_Tracheophyta_Liliopsida_Liliales_Liliaceae_Calochortus_splendens,300,255,10,30,5,10
417,06146_Plantae_Tracheophyta_Liliopsida_Liliales_Liliaceae_Calochortus_tolmiei,300,255,10,30,5,10
418,06147_Plantae_Tracheophyta_Liliopsida_Liliales_Liliaceae_Calochortus_umbellatus,270,225,10,30,5,10
419,06148_Plantae_Tracheophyta_Liliopsida_Liliales_Liliaceae_Calochortus_venustus,300,255,10,30,5,10
420,06149_Plantae_Tracheophyta_Liliopsida_Liliales_Liliaceae_Calochortus_weedii,300,255,10,30,5,10
421,06150_Plantae_Tracheophyta_Liliopsida_Liliales_Liliaceae_Clintonia_andrewsiana,300,255,10,30,5,10
422,06151_Plantae_Tracheophyta_Liliopsida_Liliales_Liliaceae_Clintonia_borealis,300,255,10,30,5,10
423,06152_Plantae_Tracheophyta_Liliopsida_Liliales_Liliaceae_Clintonia_uniflora,300,255,10,30,5,10
424,06153_Plantae_Tracheophyta_Liliopsida_Liliales_Liliaceae_Erythronium_albidum,300,255,10,30,5,10
425,06154_Plantae_Tracheophyta_Liliopsida_Liliales_Liliaceae_Erythronium_americanum,300,255,10,30,5,10
426,06155_Plantae_Tracheophyta_Liliopsida_Liliales_Liliaceae_Erythronium_grandiflorum,300,255,10,30,5,10
427,06156_Plantae_Tracheophyta_Liliopsida_Liliales_Liliaceae_Erythronium_montanum,237,192,10,30,5,10
428,06157_Plantae_Tracheophyta_Liliopsida_Liliales_Liliaceae_Erythronium_oregonum,300,255,10,30,5,10
429,06158_Plantae_Tracheophyta_Liliopsida_Liliales_Liliaceae_Erythronium_sibiricum,181,136,10,30,5,10
430,06159_Plantae_Tracheophyta_Liliopsida_Liliales_Liliaceae_Erythronium_umbilicatum,212,167,10,30,5,10
431,06160_Plantae_Tracheophyta_Liliopsida_Liliales_Liliaceae_Fritillaria_affinis,300,255,10,30,5,10
432,06161_Plantae_Tracheophyta_Liliopsida_Liliales_Liliaceae_Fritillaria_atropurpurea,220,175,10,30,5,10
433,06162_Plantae_Tracheophyta_Liliopsida_Liliales_Liliaceae_Fritillaria_biflora,263,218,10,30,5,10
434,06163_Plantae_Tracheophyta_Liliopsida_Liliales_Liliaceae_Fritillaria_camschatcensis,300,255,10,30,5,10
435,06164_Plantae_Tracheophyta_Liliopsida_Liliales_Liliaceae_Fritillaria_pudica,300,255,10,30,5,10
436,06165_Plantae_Tracheophyta_Liliopsida_Liliales_Liliaceae_Fritillaria_recurva,179,134,10,30,5,10
437,06166_Plantae_Tracheophyta_Liliopsida_Liliales_Liliaceae_Gagea_lutea,300,255,10,30,5,10
438,06167_Plantae_Tracheophyta_Liliopsida_Liliales_Liliaceae_Gagea_minima,220,175,10,30,5,10
439,06168_Plantae_Tracheophyta_Liliopsida_Liliales_Liliaceae_Lilium_bulbiferum,217,172,10,30,5,10
440,06169_Plantae_Tracheophyta_Liliopsida_Liliales_Liliaceae_Lilium_canadense,300,255,10,30,5,10
441,06170_Plantae_Tracheophyta_Liliopsida_Liliales_Liliaceae_Lilium_columbianum,300,255,10,30,5,10
442,06171_Plantae_Tracheophyta_Liliopsida_Liliales_Liliaceae_Lilium_formosanum,205,160,10,30,5,10
443,06172_Plantae_Tracheophyta_Liliopsida_Liliales_Liliaceae_Lilium_humboldtii,300,255,10,30,5,10
444,06173_Plantae_Tracheophyta_Liliopsida_Liliales_Liliaceae_Lilium_lancifolium,156,111,10,30,5,10
445,06174_Plantae_Tracheophyta_Liliopsida_Liliales_Liliaceae_Lilium_martagon,300,255,10,30,5,10
446,06175_Plantae_Tracheophyta_Liliopsida_Liliales_Liliaceae_Lilium_michiganense,300,255,10,30,5,10
447,06176_Plantae_Tracheophyta_Liliopsida_Liliales_Liliaceae_Lilium_pardalinum,300,255,10,30,5,10
448,06177_Plantae_Tracheophyta_Liliopsida_Liliales_Liliaceae_Lilium_parvum,300,255,10,30,5,10
449,06178_Plantae_Tracheophyta_Liliopsida_Liliales_Liliaceae_Lilium_philadelphicum,300,255,10,30,5,10
450,06179_Plantae_Tracheophyta_Liliopsida_Liliales_Liliaceae_Lilium_superbum,213,168,10,30,5,10
451,06180_Plantae_Tracheophyta_Liliopsida_Liliales_Liliaceae_Lilium_washingtonianum,194,149,10,30,5,10
452,06181_Plantae_Tracheophyta_Liliopsida_Liliales_Liliaceae_Medeola_virginiana,300,255,10,30,5,10
453,06182_Plantae_Tracheophyta_Liliopsida_Liliales_Liliaceae_Prosartes_hookeri,300,255,10,30,5,10
454,06183_Plantae_Tracheophyta_Liliopsida_Liliales_Liliaceae_Prosartes_smithii,258,213,10,30,5,10
455,06184_Plantae_Tracheophyta_Liliopsida_Liliales_Liliaceae_Prosartes_trachycarpa,192,147,10,30,5,10
456,06185_Plantae_Tracheophyta_Liliopsida_Liliales_Liliaceae_Scoliopus_bigelovii,300,255,10,30,5,10
457,06186_Plantae_Tracheophyta_Liliopsida_Liliales_Liliaceae_Streptopus_amplexifolius,300,255,10,30,5,10
458,06187_Plantae_Tracheophyta_Liliopsida_Liliales_Liliaceae_Streptopus_lanceolatus,300,255,10,30,5,10
459,06188_Plantae_Tracheophyta_Liliopsida_Liliales_Liliaceae_Tulipa_sylvestris,223,178,10,30,5,10
460,06189_Plantae_Tracheophyta_Liliopsida_Liliales_Melanthiaceae_Anticlea_elegans,300,255,10,30,5,10
461,06190_Plantae_Tracheophyta_Liliopsida_Liliales_Melanthiaceae_Paris_quadrifolia,300,255,10,30,5,10
462,06191_Plantae_Tracheophyta_Liliopsida_Liliales_Melanthiaceae_Toxicoscordion_fremontii,300,255,10,30,5,10
463,06192_Plantae_Tracheophyta_Liliopsida_Liliales_Melanthiaceae_Toxicoscordion_venenosum,300,255,10,30,5,10
464,06193_Plantae_Tracheophyta_Liliopsida_Liliales_Melanthiaceae_Trillium_albidum,218,173,10,30,5,10
465,06194_Plantae_Tracheophyta_Liliopsida_Liliales_Melanthiaceae_Trillium_catesbaei,275,230,10,30,5,10
466,06195_Plantae_Tracheophyta_Liliopsida_Liliales_Melanthiaceae_Trillium_cernuum,300,255,10,30,5,10
467,06196_Plantae_Tracheophyta_Liliopsida_Liliales_Melanthiaceae_Trillium_chloropetalum,300,255,10,30,5,10
468,06197_Plantae_Tracheophyta_Liliopsida_Liliales_Melanthiaceae_Trillium_cuneatum,300,255,10,30,5,10
469,06198_Plantae_Tracheophyta_Liliopsida_Liliales_Melanthiaceae_Trillium_erectum,300,255,10,30,5,10
470,06199_Plantae_Tracheophyta_Liliopsida_Liliales_Melanthiaceae_Trillium_flexipes,300,255,10,30,5,10
471,06200_Plantae_Tracheophyta_Liliopsida_Liliales_Melanthiaceae_Trillium_grandiflorum,300,255,10,30,5,10
472,06201_Plantae_Tracheophyta_Liliopsida_Liliales_Melanthiaceae_Trillium_luteum,270,225,10,30,5,10
473,06202_Plantae_Tracheophyta_Liliopsida_Liliales_Melanthiaceae_Trillium_nivale,167,122,10,30,5,10
474,06203_Plantae_Tracheophyta_Liliopsida_Liliales_Melanthiaceae_Trillium_ovatum,300,255,10,30,5,10
475,06204_Plantae_Tracheophyta_Liliopsida_Liliales_Melanthiaceae_Trillium_recurvatum,300,255,10,30,5,10
476,06205_Plantae_Tracheophyta_Liliopsida_Liliales_Melanthiaceae_Trillium_sessile,300,255,10,30,5,10
477,06206_Plantae_Tracheophyta_Liliopsida_Liliales_Melanthiaceae_Trillium_undulatum,300,255,10,30,5,10
478,06207_Plantae_Tracheophyta_Liliopsida_Liliales_Melanthiaceae_Veratrum_californicum,300,255,10,30,5,10
479,06208_Plantae_Tracheophyta_Liliopsida_Liliales_Melanthiaceae_Veratrum_lobelianum,300,255,10,30,5,10
480,06209_Plantae_Tracheophyta_Liliopsida_Liliales_Melanthiaceae_Veratrum_viride,300,255,10,30,5,10
481,06210_Plantae_Tracheophyta_Liliopsida_Liliales_Melanthiaceae_Xerophyllum_tenax,300,255,10,30,5,10
482,06211_Plantae_Tracheophyta_Liliopsida_Liliales_Ripogonaceae_Ripogonum_scandens,300,255,10,30,5,10
483,06212_Plantae_Tracheophyta_Liliopsida_Liliales_Smilacaceae_Smilax_aspera,300,255,10,30,5,10
484,06213_Plantae_Tracheophyta_Liliopsida_Liliales_Smilacaceae_Smilax_auriculata,267,222,10,30,5,10
485,06214_Plantae_Tracheophyta_Liliopsida_Liliales_Smilacaceae_Smilax_bona-nox,300,255,10,30,5,10
486,06215_Plantae_Tracheophyta_Liliopsida_Liliales_Smilacaceae_Smilax_glauca,300,255,10,30,5,10
487,06216_Plantae_Tracheophyta_Liliopsida_Liliales_Smilacaceae_Smilax_herbacea,300,255,10,30,5,10
488,06217_Plantae_Tracheophyta_Liliopsida_Liliales_Smilacaceae_Smilax_lasioneura,284,239,10,30,5,10
489,06218_Plantae_Tracheophyta_Liliopsida_Liliales_Smilacaceae_Smilax_laurifolia,194,149,10,30,5,10
490,06219_Plantae_Tracheophyta_Liliopsida_Liliales_Smilacaceae_Smilax_pumila,169,124,10,30,5,10
491,06220_Plantae_Tracheophyta_Liliopsida_Liliales_Smilacaceae_Smilax_rotundifolia,300,255,10,30,5,10
492,06221_Plantae_Tracheophyta_Liliopsida_Liliales_Smilacaceae_Smilax_smallii,300,255,10,30,5,10
493,06222_Plantae_Tracheophyta_Liliopsida_Liliales_Smilacaceae_Smilax_tamnoides,300,255,10,30,5,10
494,06223_Plantae_Tracheophyta_Liliopsida_Pandanales_Pandanaceae_Freycinetia_banksii,300,255,10,30,5,10
495,06224_Plantae_Tracheophyta_Liliopsida_Pandanales_Pandanaceae_Pandanus_tectorius,300,255,10,30,5,10
496,06225_Plantae_Tracheophyta_Liliopsida_Poales_Bromeliaceae_Bromelia_pinguin,300,255,10,30,5,10
497,06226_Plantae_Tracheophyta_Liliopsida_Poales_Bromeliaceae_Tillandsia_fasciculata,300,255,10,30,5,10
498,06227_Plantae_Tracheophyta_Liliopsida_Poales_Bromeliaceae_Tillandsia_recurvata,300,255,10,30,5,10
499,06228_Plantae_Tracheophyta_Liliopsida_Poales_Bromeliaceae_Tillandsia_usneoides,300,255,10,30,5,10
500,06229_Plantae_Tracheophyta_Liliopsida_Poales_Bromeliaceae_Tillandsia_utriculata,188,143,10,30,5,10
501,06230_Plantae_Tracheophyta_Liliopsida_Poales_Cyperaceae_Bolboschoenus_maritimus,231,186,10,30,5,10
502,06231_Plantae_Tracheophyta_Liliopsida_Poales_Cyperaceae_Carex_albursina,180,135,10,30,5,10
503,06232_Plantae_Tracheophyta_Liliopsida_Poales_Cyperaceae_Carex_aurea,238,193,10,30,5,10
504,06233_Plantae_Tracheophyta_Liliopsida_Poales_Cyperaceae_Carex_blanda,167,122,10,30,5,10
505,06234_Plantae_Tracheophyta_Liliopsida_Poales_Cyperaceae_Carex_canescens,191,146,10,30,5,10
506,06235_Plantae_Tracheophyta_Liliopsida_Poales_Cyperaceae_Carex_cherokeensis,252,207,10,30,5,10
507,06236_Plantae_Tracheophyta_Liliopsida_Poales_Cyperaceae_Carex_comosa,227,182,10,30,5,10
508,06237_Plantae_Tracheophyta_Liliopsida_Poales_Cyperaceae_Carex_crinita,236,191,10,30,5,10
509,06238_Plantae_Tracheophyta_Liliopsida_Poales_Cyperaceae_Carex_digitata,160,115,10,30,5,10
510,06239_Plantae_Tracheophyta_Liliopsida_Poales_Cyperaceae_Carex_eburnea,158,113,10,30,5,10
511,06240_Plantae_Tracheophyta_Liliopsida_Poales_Cyperaceae_Carex_echinata,179,134,10,30,5,10
512,06241_Plantae_Tracheophyta_Liliopsida_Poales_Cyperaceae_Carex_flava,280,235,10,30,5,10
513,06242_Plantae_Tracheophyta_Liliopsida_Poales_Cyperaceae_Carex_gracillima,245,200,10,30,5,10
514,06243_Plantae_Tracheophyta_Liliopsida_Poales_Cyperaceae_Carex_granularis,189,144,10,30,5,10
515,06244_Plantae_Tracheophyta_Liliopsida_Poales_Cyperaceae_Carex_grayi,300,255,10,30,5,10
516,06245_Plantae_Tracheophyta_Liliopsida_Poales_Cyperaceae_Carex_hirta,249,204,10,30,5,10
517,06246_Plantae_Tracheophyta_Liliopsida_Poales_Cyperaceae_Carex_hystericina,219,174,10,30,5,10
518,06247_Plantae_Tracheophyta_Liliopsida_Poales_Cyperaceae_Carex_intumescens,300,255,10,30,5,10
519,06248_Plantae_Tracheophyta_Liliopsida_Poales_Cyperaceae_Carex_leptalea,175,130,10,30,5,10
520,06249_Plantae_Tracheophyta_Liliopsida_Poales_Cyperaceae_Carex_lupulina,300,255,10,30,5,10
521,06250_Plantae_Tracheophyta_Liliopsida_Poales_Cyperaceae_Carex_lurida,300,255,10,30,5,10
522,06251_Plantae_Tracheophyta_Liliopsida_Poales_Cyperaceae_Carex_macrocephala,220,175,10,30,5,10
523,06252_Plantae_Tracheophyta_Liliopsida_Poales_Cyperaceae_Carex_magellanica,181,136,10,30,5,10
524,06253_Plantae_Tracheophyta_Liliopsida_Poales_Cyperaceae_Carex_obnupta,300,255,10,30,5,10
525,06254_Plantae_Tracheophyta_Liliopsida_Poales_Cyperaceae_Carex_oligosperma,178,133,10,30,5,10
526,06255_Plantae_Tracheophyta_Liliopsida_Poales_Cyperaceae_Carex_pallescens,195,150,10,30,5,10
527,06256_Plantae_Tracheophyta_Liliopsida_Poales_Cyperaceae_Carex_pedunculata,220,175,10,30,5,10
528,06257_Plantae_Tracheophyta_Liliopsida_Poales_Cyperaceae_Carex_pendula,300,255,10,30,5,10
529,06258_Plantae_Tracheophyta_Liliopsida_Poales_Cyperaceae_Carex_pensylvanica,294,249,10,30,5,10
530,06259_Plantae_Tracheophyta_Liliopsida_Poales_Cyperaceae_Carex_pilosa,215,170,10,30,5,10
531,06260_Plantae_Tracheophyta_Liliopsida_Poales_Cyperaceae_Carex_plantaginea,300,255,10,30,5,10
532,06261_Plantae_Tracheophyta_Liliopsida_Poales_Cyperaceae_Carex_pseudocyperus,273,228,10,30,5,10
533,06262_Plantae_Tracheophyta_Liliopsida_Poales_Cyperaceae_Carex_pumila,232,187,10,30,5,10
534,06263_Plantae_Tracheophyta_Liliopsida_Poales_Cyperaceae_Carex_rosea,186,141,10,30,5,10
535,06264_Plantae_Tracheophyta_Liliopsida_Poales_Cyperaceae_Carex_rostrata,159,114,10,30,5,10
536,06265_Plantae_Tracheophyta_Liliopsida_Poales_Cyperaceae_Carex_spicata,178,133,10,30,5,10
537,06266_Plantae_Tracheophyta_Liliopsida_Poales_Cyperaceae_Carex_sprengelii,162,117,10,30,5,10
538,06267_Plantae_Tracheophyta_Liliopsida_Poales_Cyperaceae_Carex_squarrosa,154,109,10,30,5,10
539,06268_Plantae_Tracheophyta_Liliopsida_Poales_Cyperaceae_Carex_stipata,262,217,10,30,5,10
540,06269_Plantae_Tracheophyta_Liliopsida_Poales_Cyperaceae_Carex_sylvatica,184,139,10,30,5,10
541,06270_Plantae_Tracheophyta_Liliopsida_Poales_Cyperaceae_Carex_utriculata,204,159,10,30,5,10
542,06271_Plantae_Tracheophyta_Liliopsida_Poales_Cyperaceae_Carex_vesicaria,166,121,10,30,5,10
543,06272_Plantae_Tracheophyta_Liliopsida_Poales_Cyperaceae_Carex_viridula,179,134,10,30,5,10
544,06273_Plantae_Tracheophyta_Liliopsida_Poales_Cyperaceae_Carex_vulpinoidea,300,255,10,30,5,10
545,06274_Plantae_Tracheophyta_Liliopsida_Poales_Cyperaceae_Cladium_mariscus,176,131,10,30,5,10
546,06275_Plantae_Tracheophyta_Liliopsida_Poales_Cyperaceae_Cyperus_brevifolius,163,118,10,30,5,10
547,06276_Plantae_Tracheophyta_Liliopsida_Poales_Cyperaceae_Cyperus_echinatus,174,129,10,30,5,10
548,06277_Plantae_Tracheophyta_Liliopsida_Poales_Cyperaceae_Cyperus_eragrostis,300,255,10,30,5,10
549,06278_Plantae_Tracheophyta_Liliopsida_Poales_Cyperaceae_Cyperus_esculentus,300,255,10,30,5,10
550,06279_Plantae_Tracheophyta_Liliopsida_Poales_Cyperaceae_Cyperus_involucratus,290,245,10,30,5,10
551,06280_Plantae_Tracheophyta_Liliopsida_Poales_Cyperaceae_Cyperus_odoratus,182,137,10,30,5,10
552,06281_Plantae_Tracheophyta_Liliopsida_Poales_Cyperaceae_Cyperus_rotundus,213,168,10,30,5,10
553,06282_Plantae_Tracheophyta_Liliopsida_Poales_Cyperaceae_Cyperus_strigosus,300,255,10,30,5,10
554,06283_Plantae_Tracheophyta_Liliopsida_Poales_Cyperaceae_Cyperus_ustulatus,164,119,10,30,5,10
555,06284_Plantae_Tracheophyta_Liliopsida_Poales_Cyperaceae_Dulichium_arundinaceum,300,255,10,30,5,10
556,06285_Plantae_Tracheophyta_Liliopsida_Poales_Cyperaceae_Eleocharis_palustris,198,153,10,30,5,10
557,06286_Plantae_Tracheophyta_Liliopsida_Poales_Cyperaceae_Eriophorum_angustifolium,300,255,10,30,5,10
558,06287_Plantae_Tracheophyta_Liliopsida_Poales_Cyperaceae_Eriophorum_vaginatum,300,255,10,30,5,10
559,06288_Plantae_Tracheophyta_Liliopsida_Poales_Cyperaceae_Eriophorum_virginicum,300,255,10,30,5,10
560,06289_Plantae_Tracheophyta_Liliopsida_Poales_Cyperaceae_Ficinia_nodosa,300,255,10,30,5,10
561,06290_Plantae_Tracheophyta_Liliopsida_Poales_Cyperaceae_Ficinia_spiralis,300,255,10,30,5,10
562,06291_Plantae_Tracheophyta_Liliopsida_Poales_Cyperaceae_Rhynchospora_alba,300,255,10,30,5,10
563,06292_Plantae_Tracheophyta_Liliopsida_Poales_Cyperaceae_Rhynchospora_colorata,300,255,10,30,5,10
564,06293_Plantae_Tracheophyta_Liliopsida_Poales_Cyperaceae_Schoenoplectus_acutus,185,140,10,30,5,10
565,06294_Plantae_Tracheophyta_Liliopsida_Poales_Cyperaceae_Schoenoplectus_californicus,175,130,10,30,5,10
566,06295_Plantae_Tracheophyta_Liliopsida_Poales_Cyperaceae_Schoenoplectus_pungens,274,229,10,30,5,10
567,06296_Plantae_Tracheophyta_Liliopsida_Poales_Cyperaceae_Schoenoplectus_tabernaemontani,300,255,10,30,5,10
568,06297_Plantae_Tracheophyta_Liliopsida_Poales_Cyperaceae_Scirpus_atrovirens,291,246,10,30,5,10
569,06298_Plantae_Tracheophyta_Liliopsida_Poales_Cyperaceae_Scirpus_cyperinus,300,255,10,30,5,10
570,06299_Plantae_Tracheophyta_Liliopsida_Poales_Cyperaceae_Scirpus_microcarpus,257,212,10,30,5,10
571,06300_Plantae_Tracheophyta_Liliopsida_Poales_Cyperaceae_Scirpus_pendulus,202,157,10,30,5,10
572,06301_Plantae_Tracheophyta_Liliopsida_Poales_Cyperaceae_Scirpus_sylvaticus,300,255,10,30,5,10
573,06302_Plantae_Tracheophyta_Liliopsida_Poales_Cyperaceae_Trichophorum_cespitosum,184,139,10,30,5,10
574,06303_Plantae_Tracheophyta_Liliopsida_Poales_Eriocaulaceae_Eriocaulon_aquaticum,288,243,10,30,5,10
575,06304_Plantae_Tracheophyta_Liliopsida_Poales_Juncaceae_Juncus_acutus,300,255,10,30,5,10
576,06305_Plantae_Tracheophyta_Liliopsida_Poales_Juncaceae_Juncus_articulatus,300,255,10,30,5,10
577,06306_Plantae_Tracheophyta_Liliopsida_Poales_Juncaceae_Juncus_balticus,186,141,10,30,5,10
578,06307_Plantae_Tracheophyta_Liliopsida_Poales_Juncaceae_Juncus_bufonius,300,255,10,30,5,10
579,06308_Plantae_Tracheophyta_Liliopsida_Poales_Juncaceae_Juncus_compressus,192,147,10,30,5,10
580,06309_Plantae_Tracheophyta_Liliopsida_Poales_Juncaceae_Juncus_effusus,300,255,10,30,5,10
581,06310_Plantae_Tracheophyta_Liliopsida_Poales_Juncaceae_Juncus_tenuis,300,255,10,30,5,10
582,06311_Plantae_Tracheophyta_Liliopsida_Poales_Juncaceae_Juncus_torreyi,177,132,10,30,5,10
583,06312_Plantae_Tracheophyta_Liliopsida_Poales_Juncaceae_Luzula_campestris,162,117,10,30,5,10
584,06313_Plantae_Tracheophyta_Liliopsida_Poales_Juncaceae_Luzula_multiflora,209,164,10,30,5,10
585,06314_Plantae_Tracheophyta_Liliopsida_Poales_Juncaceae_Luzula_pilosa,271,226,10,30,5,10
586,06315_Plantae_Tracheophyta_Liliopsida_Poales_Poaceae_Achnatherum_hymenoides,300,255,10,30,5,10
587,06316_Plantae_Tracheophyta_Liliopsida_Poales_Poaceae_Achnatherum_miliaceum,209,164,10,30,5,10
588,06317_Plantae_Tracheophyta_Liliopsida_Poales_Poaceae_Agropyron_cristatum,300,255,10,30,5,10
589,06318_Plantae_Tracheophyta_Liliopsida_Poales_Poaceae_Alopecurus_aequalis,159,114,10,30,5,10
590,06319_Plantae_Tracheophyta_Liliopsida_Poales_Poaceae_Alopecurus_pratensis,300,255,10,30,5,10
591,06320_Plantae_Tracheophyta_Liliopsida_Poales_Poaceae_Ammophila_arenaria,300,255,10,30,5,10
592,06321_Plantae_Tracheophyta_Liliopsida_Poales_Poaceae_Ammophila_breviligulata,300,255,10,30,5,10
593,06322_Plantae_Tracheophyta_Liliopsida_Poales_Poaceae_Andropogon_gerardi,300,255,10,30,5,10
594,06323_Plantae_Tracheophyta_Liliopsida_Poales_Poaceae_Andropogon_glomeratus,300,255,10,30,5,10
595,06324_Plantae_Tracheophyta_Liliopsida_Poales_Poaceae_Andropogon_ternarius,156,111,10,30,5,10
596,06325_Plantae_Tracheophyta_Liliopsida_Poales_Poaceae_Andropogon_virginicus,291,246,10,30,5,10
597,06326_Plantae_Tracheophyta_Liliopsida_Poales_Poaceae_Anthoxanthum_odoratum,300,255,10,30,5,10
598,06327_Plantae_Tracheophyta_Liliopsida_Poales_Poaceae_Aristida_purpurea,212,167,10,30,5,10
599,06328_Plantae_Tracheophyta_Liliopsida_Poales_Poaceae_Arrhenatherum_elatius,300,255,10,30,5,10
600,06329_Plantae_Tracheophyta_Liliopsida_Poales_Poaceae_Arundinaria_gigantea,300,255,10,30,5,10
601,06330_Plantae_Tracheophyta_Liliopsida_Poales_Poaceae_Arundo_donax,300,255,10,30,5,10
602,06331_Plantae_Tracheophyta_Liliopsida_Poales_Poaceae_Austroderia_richardii,157,112,10,30,5,10
603,06332_Plantae_Tracheophyta_Liliopsida_Poales_Poaceae_Avena_barbata,214,169,10,30,5,10
604,06333_Plantae_Tracheophyta_Liliopsida_Poales_Poaceae_Avena_fatua,300,255,10,30,5,10
605,06334_Plantae_Tracheophyta_Liliopsida_Poales_Poaceae_Bothriochloa_ischaemum,300,255,10,30,5,10
606,06335_Plantae_Tracheophyta_Liliopsida_Poales_Poaceae_Bothriochloa_laguroides,300,255,10,30,5,10
607,06336_Plantae_Tracheophyta_Liliopsida_Poales_Poaceae_Bouteloua_curtipendula,300,255,10,30,5,10
608,06337_Plantae_Tracheophyta_Liliopsida_Poales_Poaceae_Bouteloua_dactyloides,300,255,10,30,5,10
609,06338_Plantae_Tracheophyta_Liliopsida_Poales_Poaceae_Bouteloua_gracilis,300,255,10,30,5,10
610,06339_Plantae_Tracheophyta_Liliopsida_Poales_Poaceae_Bouteloua_hirsuta,217,172,10,30,5,10
611,06340_Plantae_Tracheophyta_Liliopsida_Poales_Poaceae_Bouteloua_rigidiseta,300,255,10,30,5,10
612,06341_Plantae_Tracheophyta_Liliopsida_Poales_Poaceae_Briza_maxima,300,255,10,30,5,10
613,06342_Plantae_Tracheophyta_Liliopsida_Poales_Poaceae_Briza_media,276,231,10,30,5,10
614,06343_Plantae_Tracheophyta_Liliopsida_Poales_Poaceae_Briza_minor,300,255,10,30,5,10
615,06344_Plantae_Tracheophyta_Liliopsida_Poales_Poaceae_Bromus_catharticus,300,255,10,30,5,10
616,06345_Plantae_Tracheophyta_Liliopsida_Poales_Poaceae_Bromus_diandrus,300,255,10,30,5,10
617,06346_Plantae_Tracheophyta_Liliopsida_Poales_Poaceae_Bromus_hordeaceus,300,255,10,30,5,10
618,06347_Plantae_Tracheophyta_Liliopsida_Poales_Poaceae_Bromus_inermis,300,255,10,30,5,10
619,06348_Plantae_Tracheophyta_Liliopsida_Poales_Poaceae_Bromus_rubens,300,255,10,30,5,10
620,06349_Plantae_Tracheophyta_Liliopsida_Poales_Poaceae_Bromus_tectorum,300,255,10,30,5,10
621,06350_Plantae_Tracheophyta_Liliopsida_Poales_Poaceae_Calamagrostis_canadensis,300,255,10,30,5,10
622,06351_Plantae_Tracheophyta_Liliopsida_Poales_Poaceae_Calamagrostis_epigejos,300,255,10,30,5,10
623,06352_Plantae_Tracheophyta_Liliopsida_Poales_Poaceae_Cenchrus_ciliaris,300,255,10,30,5,10
624,06353_Plantae_Tracheophyta_Liliopsida_Poales_Poaceae_Cenchrus_setaceus,300,255,10,30,5,10
625,06354_Plantae_Tracheophyta_Liliopsida_Poales_Poaceae_Chasmanthium_latifolium,300,255,10,30,5,10
626,06355_Plantae_Tracheophyta_Liliopsida_Poales_Poaceae_Chloris_barbata,252,207,10,30,5,10
627,06356_Plantae_Tracheophyta_Liliopsida_Poales_Poaceae_Cortaderia_jubata,173,128,10,30,5,10
628,06357_Plantae_Tracheophyta_Liliopsida_Poales_Poaceae_Cortaderia_selloana,300,255,10,30,5,10
629,06358_Plantae_Tracheophyta_Liliopsida_Poales_Poaceae_Cynodon_dactylon,300,255,10,30,5,10
630,06359_Plantae_Tracheophyta_Liliopsida_Poales_Poaceae_Cynosurus_echinatus,300,255,10,30,5,10
631,06360_Plantae_Tracheophyta_Liliopsida_Poales_Poaceae_Dactylis_glomerata,300,255,10,30,5,10
632,06361_Plantae_Tracheophyta_Liliopsida_Poales_Poaceae_Dactyloctenium_aegyptium,300,255,10,30,5,10
633,06362_Plantae_Tracheophyta_Liliopsida_Poales_Poaceae_Danthonia_spicata,300,255,10,30,5,10
634,06363_Plantae_Tracheophyta_Liliopsida_Poales_Poaceae_Dasyochloa_pulchella,264,219,10,30,5,10
635,06364_Plantae_Tracheophyta_Liliopsida_Poales_Poaceae_Deschampsia_cespitosa,300,255,10,30,5,10
636,06365_Plantae_Tracheophyta_Liliopsida_Poales_Poaceae_Dichanthelium_clandestinum,300,255,10,30,5,10
637,06366_Plantae_Tracheophyta_Liliopsida_Poales_Poaceae_Digitaria_sanguinalis,208,163,10,30,5,10
638,06367_Plantae_Tracheophyta_Liliopsida_Poales_Poaceae_Distichlis_spicata,300,255,10,30,5,10
639,06368_Plantae_Tracheophyta_Liliopsida_Poales_Poaceae_Echinochloa_crus-galli,300,255,10,30,5,10
640,06369_Plantae_Tracheophyta_Liliopsida_Poales_Poaceae_Ehrharta_erecta,300,255,10,30,5,10
641,06370_Plantae_Tracheophyta_Liliopsida_Poales_Poaceae_Eleusine_indica,300,255,10,30,5,10
642,06371_Plantae_Tracheophyta_Liliopsida_Poales_Poaceae_Elymus_canadensis,300,255,10,30,5,10
643,06372_Plantae_Tracheophyta_Liliopsida_Poales_Poaceae_Elymus_elymoides,300,255,10,30,5,10
644,06373_Plantae_Tracheophyta_Liliopsida_Poales_Poaceae_Elymus_hystrix,300,255,10,30,5,10
645,06374_Plantae_Tracheophyta_Liliopsida_Poales_Poaceae_Elymus_repens,300,255,10,30,5,10
646,06375_Plantae_Tracheophyta_Liliopsida_Poales_Poaceae_Elymus_virginicus,300,255,10,30,5,10
647,06376_Plantae_Tracheophyta_Liliopsida_Poales_Poaceae_Glyceria_canadensis,160,115,10,30,5,10
648,06377_Plantae_Tracheophyta_Liliopsida_Poales_Poaceae_Glyceria_maxima,181,136,10,30,5,10
649,06378_Plantae_Tracheophyta_Liliopsida_Poales_Poaceae_Glyceria_striata,181,136,10,30,5,10
650,06379_Plantae_Tracheophyta_Liliopsida_Poales_Poaceae_Hilaria_rigida,282,237,10,30,5,10
651,06380_Plantae_Tracheophyta_Liliopsida_Poales_Poaceae_Holcus_lanatus,300,255,10,30,5,10
652,06381_Plantae_Tracheophyta_Liliopsida_Poales_Poaceae_Hordeum_jubatum,300,255,10,30,5,10
653,06382_Plantae_Tracheophyta_Liliopsida_Poales_Poaceae_Hordeum_murinum,300,255,10,30,5,10
654,06383_Plantae_Tracheophyta_Liliopsida_Poales_Poaceae_Hordeum_pusillum,245,200,10,30,5,10
655,06384_Plantae_Tracheophyta_Liliopsida_Poales_Poaceae_Imperata_cylindrica,300,255,10,30,5,10
656,06385_Plantae_Tracheophyta_Liliopsida_Poales_Poaceae_Koeleria_macrantha,300,255,10,30,5,10
657,06386_Plantae_Tracheophyta_Liliopsida_Poales_Poaceae_Lagurus_ovatus,300,255,10,30,5,10
658,06387_Plantae_Tracheophyta_Liliopsida_Poales_Poaceae_Lamarckia_aurea,300,255,10,30,5,10
659,06388_Plantae_Tracheophyta_Liliopsida_Poales_Poaceae_Leersia_oryzoides,181,136,10,30,5,10
660,06389_Plantae_Tracheophyta_Liliopsida_Poales_Poaceae_Leymus_condensatus,300,255,10,30,5,10
661,06390_Plantae_Tracheophyta_Liliopsida_Poales_Poaceae_Leymus_mollis,300,255,10,30,5,10
662,06391_Plantae_Tracheophyta_Liliopsida_Poales_Poaceae_Lolium_arundinaceum,300,255,10,30,5,10
663,06392_Plantae_Tracheophyta_Liliopsida_Poales_Poaceae_Lolium_perenne,300,255,10,30,5,10
664,06393_Plantae_Tracheophyta_Liliopsida_Poales_Poaceae_Lolium_pratense,181,136,10,30,5,10
665,06394_Plantae_Tracheophyta_Liliopsida_Poales_Poaceae_Melica_nutans,227,182,10,30,5,10
666,06395_Plantae_Tracheophyta_Liliopsida_Poales_Poaceae_Melinis_repens,300,255,10,30,5,10
667,06396_Plantae_Tracheophyta_Liliopsida_Poales_Poaceae_Microstegium_vimineum,300,255,10,30,5,10
668,06397_Plantae_Tracheophyta_Liliopsida_Poales_Poaceae_Milium_effusum,201,156,10,30,5,10
669,06398_Plantae_Tracheophyta_Liliopsida_Poales_Poaceae_Miscanthus_sinensis,206,161,10,30,5,10
670,06399_Plantae_Tracheophyta_Liliopsida_Poales_Poaceae_Muhlenbergia_rigens,184,139,10,30,5,10
671,06400_Plantae_Tracheophyta_Liliopsida_Poales_Poaceae_Nassella_leucotricha,299,254,10,30,5,10
672,06401_Plantae_Tracheophyta_Liliopsida_Poales_Poaceae_Nassella_pulchra,187,142,10,30,5,10
673,06402_Plantae_Tracheophyta_Liliopsida_Poales_Poaceae_Oplismenus_hirtellus,248,203,10,30,5,10
674,06403_Plantae_Tracheophyta_Liliopsida_Poales_Poaceae_Oryzopsis_asperifolia,190,145,10,30,5,10
675,06404_Plantae_Tracheophyta_Liliopsida_Poales_Poaceae_Panicum_capillare,235,190,10,30,5,10
676,06405_Plantae_Tracheophyta_Liliopsida_Poales_Poaceae_Panicum_maximum,300,255,10,30,5,10
677,06406_Plantae_Tracheophyta_Liliopsida_Poales_Poaceae_Panicum_virgatum,300,255,10,30,5,10
678,06407_Plantae_Tracheophyta_Liliopsida_Poales_Poaceae_Paspalum_dilatatum,300,255,10,30,5,10
679,06408_Plantae_Tracheophyta_Liliopsida_Poales_Poaceae_Paspalum_notatum,278,233,10,30,5,10
680,06409_Plantae_Tracheophyta_Liliopsida_Poales_Poaceae_Paspalum_urvillei,300,255,10,30,5,10
681,06410_Plantae_Tracheophyta_Liliopsida_Poales_Poaceae_Pennisetum_clandestinum,300,255,10,30,5,10
682,06411_Plantae_Tracheophyta_Liliopsida_Poales_Poaceae_Phalaris_aquatica,294,249,10,30,5,10
683,06412_Plantae_Tracheophyta_Liliopsida_Poales_Poaceae_Phalaris_arundinacea,300,255,10,30,5,10
684,06413_Plantae_Tracheophyta_Liliopsida_Poales_Poaceae_Phleum_alpinum,174,129,10,30,5,10
685,06414_Plantae_Tracheophyta_Liliopsida_Poales_Poaceae_Phleum_pratense,300,255,10,30,5,10
686,06415_Plantae_Tracheophyta_Liliopsida_Poales_Poaceae_Phragmites_australis,300,255,10,30,5,10
687,06416_Plantae_Tracheophyta_Liliopsida_Poales_Poaceae_Poa_annua,300,255,10,30,5,10
688,06417_Plantae_Tracheophyta_Liliopsida_Poales_Poaceae_Poa_bulbosa,300,255,10,30,5,10
689,06418_Plantae_Tracheophyta_Liliopsida_Poales_Poaceae_Poa_pratensis,300,255,10,30,5,10
690,06419_Plantae_Tracheophyta_Liliopsida_Poales_Poaceae_Polypogon_monspeliensis,300,255,10,30,5,10
691,06420_Plantae_Tracheophyta_Liliopsida_Poales_Poaceae_Schizachyrium_scoparium,300,255,10,30,5,10
692,06421_Plantae_Tracheophyta_Liliopsida_Poales_Poaceae_Setaria_faberi,238,193,10,30,5,10
693,06422_Plantae_Tracheophyta_Liliopsida_Poales_Poaceae_Setaria_palmifolia,179,134,10,30,5,10
694,06423_Plantae_Tracheophyta_Liliopsida_Poales_Poaceae_Setaria_parviflora,181,136,10,30,5,10
695,06424_Plantae_Tracheophyta_Liliopsida_Poales_Poaceae_Setaria_pumila,300,255,10,30,5,10
696,06425_Plantae_Tracheophyta_Liliopsida_Poales_Poaceae_Setaria_viridis,300,255,10,30,5,10
697,06426_Plantae_Tracheophyta_Liliopsida_Poales_Poaceae_Sorghastrum_nutans,300,255,10,30,5,10
698,06427_Plantae_Tracheophyta_Liliopsida_Poales_Poaceae_Sorghum_halepense,300,255,10,30,5,10
699,06428_Plantae_Tracheophyta_Liliopsida_Poales_Poaceae_Spinifex_sericeus,300,255,10,30,5,10
700,06429_Plantae_Tracheophyta_Liliopsida_Poales_Poaceae_Sporobolus_alterniflorus,217,172,10,30,5,10
701,06430_Plantae_Tracheophyta_Liliopsida_Poales_Poaceae_Sporobolus_michauxianus,300,255,10,30,5,10
702,06431_Plantae_Tracheophyta_Liliopsida_Poales_Poaceae_Stenotaphrum_secundatum,240,195,10,30,5,10
703,06432_Plantae_Tracheophyta_Liliopsida_Poales_Poaceae_Stipa_pennata,191,146,10,30,5,10
704,06433_Plantae_Tracheophyta_Liliopsida_Poales_Poaceae_Themeda_triandra,169,124,10,30,5,10
705,06434_Plantae_Tracheophyta_Liliopsida_Poales_Poaceae_Tridens_albescens,196,151,10,30,5,10
706,06435_Plantae_Tracheophyta_Liliopsida_Poales_Poaceae_Tridens_flavus,300,255,10,30,5,10
707,06436_Plantae_Tracheophyta_Liliopsida_Poales_Poaceae_Tripsacum_dactyloides,300,255,10,30,5,10
708,06437_Plantae_Tracheophyta_Liliopsida_Poales_Poaceae_Triticum_aestivum,212,167,10,30,5,10
709,06438_Plantae_Tracheophyta_Liliopsida_Poales_Poaceae_Uniola_paniculata,300,255,10,30,5,10
710,06439_Plantae_Tracheophyta_Liliopsida_Poales_Restionaceae_Apodasmia_similis,300,255,10,30,5,10
711,06440_Plantae_Tracheophyta_Liliopsida_Poales_Typhaceae_Sparganium_emersum,183,138,10,30,5,10
712,06441_Plantae_Tracheophyta_Liliopsida_Poales_Typhaceae_Sparganium_erectum,269,224,10,30,5,10
713,06442_Plantae_Tracheophyta_Liliopsida_Poales_Typhaceae_Sparganium_eurycarpum,260,215,10,30,5,10
714,06443_Plantae_Tracheophyta_Liliopsida_Poales_Typhaceae_Typha_angustifolia,300,255,10,30,5,10
715,06444_Plantae_Tracheophyta_Liliopsida_Poales_Typhaceae_Typha_domingensis,300,255,10,30,5,10
716,06445_Plantae_Tracheophyta_Liliopsida_Poales_Typhaceae_Typha_latifolia,300,255,10,30,5,10
717,06446_Plantae_Tracheophyta_Liliopsida_Poales_Typhaceae_Typha_orientalis,263,218,10,30,5,10
718,06447_Plantae_Tracheophyta_Liliopsida_Zingiberales_Cannaceae_Canna_indica,288,243,10,30,5,10
719,06448_Plantae_Tracheophyta_Liliopsida_Zingiberales_Costaceae_Hellenia_speciosa,251,206,10,30,5,10
720,06449_Plantae_Tracheophyta_Liliopsida_Zingiberales_Heliconiaceae_Heliconia_latispatha,165,120,10,30,5,10
721,06450_Plantae_Tracheophyta_Liliopsida_Zingiberales_Heliconiaceae_Heliconia_psittacorum,300,255,10,30,5,10
722,06451_Plantae_Tracheophyta_Liliopsida_Zingiberales_Heliconiaceae_Heliconia_rostrata,300,255,10,30,5,10
723,06452_Plantae_Tracheophyta_Liliopsida_Zingiberales_Marantaceae_Thalia_geniculata,156,111,10,30,5,10
724,06453_Plantae_Tracheophyta_Liliopsida_Zingiberales_Musaceae_Musa_acuminata,222,177,10,30,5,10
725,06454_Plantae_Tracheophyta_Liliopsida_Zingiberales_Zingiberaceae_Alpinia_purpurata,300,255,10,30,5,10
726,06455_Plantae_Tracheophyta_Liliopsida_Zingiberales_Zingiberaceae_Alpinia_zerumbet,300,255,10,30,5,10
727,06456_Plantae_Tracheophyta_Liliopsida_Zingiberales_Zingiberaceae_Etlingera_elatior,300,255,10,30,5,10
728,06457_Plantae_Tracheophyta_Liliopsida_Zingiberales_Zingiberaceae_Hedychium_coronarium,300,255,10,30,5,10
729,06458_Plantae_Tracheophyta_Liliopsida_Zingiberales_Zingiberaceae_Hedychium_gardnerianum,300,255,10,30,5,10
730,06459_Plantae_Tracheophyta_Lycopodiopsida_Lycopodiales_Lycopodiaceae_Dendrolycopodium_dendroideum,300,255,10,30,5,10
731,06460_Plantae_Tracheophyta_Lycopodiopsida_Lycopodiales_Lycopodiaceae_Dendrolycopodium_hickeyi,164,119,10,30,5,10
732,06461_Plantae_Tracheophyta_Lycopodiopsida_Lycopodiales_Lycopodiaceae_Dendrolycopodium_obscurum,300,255,10,30,5,10
733,06462_Plantae_Tracheophyta_Lycopodiopsida_Lycopodiales_Lycopodiaceae_Diphasiastrum_complanatum,300,255,10,30,5,10
734,06463_Plantae_Tracheophyta_Lycopodiopsida_Lycopodiales_Lycopodiaceae_Diphasiastrum_digitatum,300,255,10,30,5,10
735,06464_Plantae_Tracheophyta_Lycopodiopsida_Lycopodiales_Lycopodiaceae_Huperzia_lucidula,300,255,10,30,5,10
736,06465_Plantae_Tracheophyta_Lycopodiopsida_Lycopodiales_Lycopodiaceae_Huperzia_selago,288,243,10,30,5,10
737,06466_Plantae_Tracheophyta_Lycopodiopsida_Lycopodiales_Lycopodiaceae_Lycopodiella_cernua,300,255,10,30,5,10
738,06467_Plantae_Tracheophyta_Lycopodiopsida_Lycopodiales_Lycopodiaceae_Lycopodiella_inundata,183,138,10,30,5,10
739,06468_Plantae_Tracheophyta_Lycopodiopsida_Lycopodiales_Lycopodiaceae_Lycopodium_clavatum,300,255,10,30,5,10
740,06469_Plantae_Tracheophyta_Lycopodiopsida_Lycopodiales_Lycopodiaceae_Lycopodium_deuterodensum,159,114,10,30,5,10
741,06470_Plantae_Tracheophyta_Lycopodiopsida_Lycopodiales_Lycopodiaceae_Lycopodium_fastigiatum,220,175,10,30,5,10
742,06471_Plantae_Tracheophyta_Lycopodiopsida_Lycopodiales_Lycopodiaceae_Lycopodium_scariosum,215,170,10,30,5,10
743,06472_Plantae_Tracheophyta_Lycopodiopsida_Lycopodiales_Lycopodiaceae_Lycopodium_volubile,275,230,10,30,5,10
744,06473_Plantae_Tracheophyta_Lycopodiopsida_Lycopodiales_Lycopodiaceae_Phlegmariurus_varius,276,231,10,30,5,10
745,06474_Plantae_Tracheophyta_Lycopodiopsida_Lycopodiales_Lycopodiaceae_Spinulum_annotinum,300,255,10,30,5,10
746,06475_Plantae_Tracheophyta_Lycopodiopsida_Selaginellales_Selaginellaceae_Selaginella_bigelovii,300,255,10,30,5,10
747,06476_Plantae_Tracheophyta_Lycopodiopsida_Selaginellales_Selaginellaceae_Selaginella_kraussiana,300,255,10,30,5,10
748,06477_Plantae_Tracheophyta_Lycopodiopsida_Selaginellales_Selaginellaceae_Selaginella_lepidophylla,173,128,10,30,5,10
749,06478_Plantae_Tracheophyta_Lycopodiopsida_Selaginellales_Selaginellaceae_Selaginella_rupestris,215,170,10,30,5,10
750,06479_Plantae_Tracheophyta_Magnoliopsida_Apiales_Apiaceae_Aegopodium_podagraria,300,255,10,30,5,10
751,06480_Plantae_Tracheophyta_Magnoliopsida_Apiales_Apiaceae_Angelica_archangelica,300,255,10,30,5,10
752,06481_Plantae_Tracheophyta_Magnoliopsida_Apiales_Apiaceae_Angelica_atropurpurea,300,255,10,30,5,10
753,06482_Plantae_Tracheophyta_Magnoliopsida_Apiales_Apiaceae_Angelica_capitellata,300,255,10,30,5,10
754,06483_Plantae_Tracheophyta_Magnoliopsida_Apiales_Apiaceae_Angelica_sylvestris,300,255,10,30,5,10
755,06484_Plantae_Tracheophyta_Magnoliopsida_Apiales_Apiaceae_Anthriscus_caucalis,202,157,10,30,5,10
756,06485_Plantae_Tracheophyta_Magnoliopsida_Apiales_Apiaceae_Anthriscus_sylvestris,300,255,10,30,5,10
757,06486_Plantae_Tracheophyta_Magnoliopsida_Apiales_Apiaceae_Apium_prostratum,243,198,10,30,5,10
758,06487_Plantae_Tracheophyta_Magnoliopsida_Apiales_Apiaceae_Astrantia_major,300,255,10,30,5,10
759,06488_Plantae_Tracheophyta_Magnoliopsida_Apiales_Apiaceae_Bifora_americana,174,129,10,30,5,10
760,06489_Plantae_Tracheophyta_Magnoliopsida_Apiales_Apiaceae_Bowlesia_incana,300,255,10,30,5,10
761,06490_Plantae_Tracheophyta_Magnoliopsida_Apiales_Apiaceae_Carum_carvi,200,155,10,30,5,10
762,06491_Plantae_Tracheophyta_Magnoliopsida_Apiales_Apiaceae_Centella_asiatica,211,166,10,30,5,10
763,06492_Plantae_Tracheophyta_Magnoliopsida_Apiales_Apiaceae_Chaerophyllum_aromaticum,154,109,10,30,5,10
764,06493_Plantae_Tracheophyta_Magnoliopsida_Apiales_Apiaceae_Chaerophyllum_tainturieri,300,255,10,30,5,10
765,06494_Plantae_Tracheophyta_Magnoliopsida_Apiales_Apiaceae_Cicuta_bulbifera,226,181,10,30,5,10
766,06495_Plantae_Tracheophyta_Magnoliopsida_Apiales_Apiaceae_Cicuta_maculata,300,255,10,30,5,10
767,06496_Plantae_Tracheophyta_Magnoliopsida_Apiales_Apiaceae_Cicuta_virosa,258,213,10,30,5,10
768,06497_Plantae_Tracheophyta_Magnoliopsida_Apiales_Apiaceae_Conium_maculatum,300,255,10,30,5,10
769,06498_Plantae_Tracheophyta_Magnoliopsida_Apiales_Apiaceae_Crithmum_maritimum,300,255,10,30,5,10
770,06499_Plantae_Tracheophyta_Magnoliopsida_Apiales_Apiaceae_Cryptotaenia_canadensis,300,255,10,30,5,10
771,06500_Plantae_Tracheophyta_Magnoliopsida_Apiales_Apiaceae_Cyclospermum_leptophyllum,268,223,10,30,5,10
772,06501_Plantae_Tracheophyta_Magnoliopsida_Apiales_Apiaceae_Daucus_carota,300,255,10,30,5,10
773,06502_Plantae_Tracheophyta_Magnoliopsida_Apiales_Apiaceae_Daucus_pusillus,300,255,10,30,5,10
774,06503_Plantae_Tracheophyta_Magnoliopsida_Apiales_Apiaceae_Erigenia_bulbosa,300,255,10,30,5,10
775,06504_Plantae_Tracheophyta_Magnoliopsida_Apiales_Apiaceae_Eryngium_campestre,300,255,10,30,5,10
776,06505_Plantae_Tracheophyta_Magnoliopsida_Apiales_Apiaceae_Eryngium_hookeri,153,108,10,30,5,10
777,06506_Plantae_Tracheophyta_Magnoliopsida_Apiales_Apiaceae_Eryngium_leavenworthii,300,255,10,30,5,10
778,06507_Plantae_Tracheophyta_Magnoliopsida_Apiales_Apiaceae_Eryngium_maritimum,300,255,10,30,5,10
779,06508_Plantae_Tracheophyta_Magnoliopsida_Apiales_Apiaceae_Eryngium_planum,300,255,10,30,5,10
780,06509_Plantae_Tracheophyta_Magnoliopsida_Apiales_Apiaceae_Eryngium_yuccifolium,300,255,10,30,5,10
781,06510_Plantae_Tracheophyta_Magnoliopsida_Apiales_Apiaceae_Falcaria_vulgaris,189,144,10,30,5,10
782,06511_Plantae_Tracheophyta_Magnoliopsida_Apiales_Apiaceae_Ferula_communis,177,132,10,30,5,10
783,06512_Plantae_Tracheophyta_Magnoliopsida_Apiales_Apiaceae_Foeniculum_vulgare,300,255,10,30,5,10
784,06513_Plantae_Tracheophyta_Magnoliopsida_Apiales_Apiaceae_Heracleum_mantegazzianum,300,255,10,30,5,10
785,06514_Plantae_Tracheophyta_Magnoliopsida_Apiales_Apiaceae_Heracleum_maximum,300,255,10,30,5,10
786,06515_Plantae_Tracheophyta_Magnoliopsida_Apiales_Apiaceae_Heracleum_sosnowskyi,300,255,10,30,5,10
787,06516_Plantae_Tracheophyta_Magnoliopsida_Apiales_Apiaceae_Heracleum_sphondylium,300,255,10,30,5,10
788,06517_Plantae_Tracheophyta_Magnoliopsida_Apiales_Apiaceae_Ligusticum_scoticum,259,214,10,30,5,10
789,06518_Plantae_Tracheophyta_Magnoliopsida_Apiales_Apiaceae_Lomatium_dissectum,166,121,10,30,5,10
790,06519_Plantae_Tracheophyta_Magnoliopsida_Apiales_Apiaceae_Lomatium_triternatum,191,146,10,30,5,10
791,06520_Plantae_Tracheophyta_Magnoliopsida_Apiales_Apiaceae_Lomatium_utriculatum,300,255,10,30,5,10
792,06521_Plantae_Tracheophyta_Magnoliopsida_Apiales_Apiaceae_Oenanthe_aquatica,182,137,10,30,5,10
793,06522_Plantae_Tracheophyta_Magnoliopsida_Apiales_Apiaceae_Oenanthe_sarmentosa,277,232,10,30,5,10
794,06523_Plantae_Tracheophyta_Magnoliopsida_Apiales_Apiaceae_Osmorhiza_berteroi,300,255,10,30,5,10
795,06524_Plantae_Tracheophyta_Magnoliopsida_Apiales_Apiaceae_Osmorhiza_claytonii,277,232,10,30,5,10
796,06525_Plantae_Tracheophyta_Magnoliopsida_Apiales_Apiaceae_Osmorhiza_longistylis,300,255,10,30,5,10
797,06526_Plantae_Tracheophyta_Magnoliopsida_Apiales_Apiaceae_Oxypolis_rigidior,166,121,10,30,5,10
798,06527_Plantae_Tracheophyta_Magnoliopsida_Apiales_Apiaceae_Pastinaca_sativa,300,255,10,30,5,10
799,06528_Plantae_Tracheophyta_Magnoliopsida_Apiales_Apiaceae_Pimpinella_saxifraga,300,255,10,30,5,10
800,06529_Plantae_Tracheophyta_Magnoliopsida_Apiales_Apiaceae_Polytaenia_texana,300,255,10,30,5,10
801,06530_Plantae_Tracheophyta_Magnoliopsida_Apiales_Apiaceae_Pseudocymopterus_montanus,172,127,10,30,5,10
802,06531_Plantae_Tracheophyta_Magnoliopsida_Apiales_Apiaceae_Sanicula_arctopoides,300,255,10,30,5,10
803,06532_Plantae_Tracheophyta_Magnoliopsida_Apiales_Apiaceae_Sanicula_bipinnatifida,300,255,10,30,5,10
804,06533_Plantae_Tracheophyta_Magnoliopsida_Apiales_Apiaceae_Sanicula_canadensis,265,220,10,30,5,10
805,06534_Plantae_Tracheophyta_Magnoliopsida_Apiales_Apiaceae_Sanicula_crassicaulis,300,255,10,30,5,10
806,06535_Plantae_Tracheophyta_Magnoliopsida_Apiales_Apiaceae_Sanicula_europaea,194,149,10,30,5,10
807,06536_Plantae_Tracheophyta_Magnoliopsida_Apiales_Apiaceae_Sanicula_odorata,191,146,10,30,5,10
808,06537_Plantae_Tracheophyta_Magnoliopsida_Apiales_Apiaceae_Scandix_pecten-veneris,300,255,10,30,5,10
809,06538_Plantae_Tracheophyta_Magnoliopsida_Apiales_Apiaceae_Seseli_libanotis,240,195,10,30,5,10
810,06539_Plantae_Tracheophyta_Magnoliopsida_Apiales_Apiaceae_Sium_suave,300,255,10,30,5,10
811,06540_Plantae_Tracheophyta_Magnoliopsida_Apiales_Apiaceae_Smyrnium_olusatrum,235,190,10,30,5,10
812,06541_Plantae_Tracheophyta_Magnoliopsida_Apiales_Apiaceae_Taenidia_integerrima,263,218,10,30,5,10
813,06542_Plantae_Tracheophyta_Magnoliopsida_Apiales_Apiaceae_Torilis_arvensis,300,255,10,30,5,10
814,06543_Plantae_Tracheophyta_Magnoliopsida_Apiales_Apiaceae_Torilis_japonica,268,223,10,30,5,10
815,06544_Plantae_Tracheophyta_Magnoliopsida_Apiales_Apiaceae_Torilis_nodosa,217,172,10,30,5,10
816,06545_Plantae_Tracheophyta_Magnoliopsida_Apiales_Apiaceae_Zizia_aptera,216,171,10,30,5,10
817,06546_Plantae_Tracheophyta_Magnoliopsida_Apiales_Apiaceae_Zizia_aurea,300,255,10,30,5,10
818,06547_Plantae_Tracheophyta_Magnoliopsida_Apiales_Araliaceae_Aralia_californica,300,255,10,30,5,10
819,06548_Plantae_Tracheophyta_Magnoliopsida_Apiales_Araliaceae_Aralia_elata,217,172,10,30,5,10
820,06549_Plantae_Tracheophyta_Magnoliopsida_Apiales_Araliaceae_Aralia_hispida,300,255,10,30,5,10
821,06550_Plantae_Tracheophyta_Magnoliopsida_Apiales_Araliaceae_Aralia_nudicaulis,300,255,10,30,5,10
822,06551_Plantae_Tracheophyta_Magnoliopsida_Apiales_Araliaceae_Aralia_racemosa,300,255,10,30,5,10
823,06552_Plantae_Tracheophyta_Magnoliopsida_Apiales_Araliaceae_Aralia_spinosa,300,255,10,30,5,10
824,06553_Plantae_Tracheophyta_Magnoliopsida_Apiales_Araliaceae_Cussonia_spicata,183,138,10,30,5,10
825,06554_Plantae_Tracheophyta_Magnoliopsida_Apiales_Araliaceae_Fatsia_japonica,159,114,10,30,5,10
826,06555_Plantae_Tracheophyta_Magnoliopsida_Apiales_Araliaceae_Hedera_helix,300,255,10,30,5,10
827,06556_Plantae_Tracheophyta_Magnoliopsida_Apiales_Araliaceae_Hydrocotyle_bonariensis,300,255,10,30,5,10
828,06557_Plantae_Tracheophyta_Magnoliopsida_Apiales_Araliaceae_Hydrocotyle_moschata,178,133,10,30,5,10
829,06558_Plantae_Tracheophyta_Magnoliopsida_Apiales_Araliaceae_Hydrocotyle_ranunculoides,300,255,10,30,5,10
830,06559_Plantae_Tracheophyta_Magnoliopsida_Apiales_Araliaceae_Hydrocotyle_umbellata,186,141,10,30,5,10
831,06560_Plantae_Tracheophyta_Magnoliopsida_Apiales_Araliaceae_Oplopanax_horridus,300,255,10,30,5,10
832,06561_Plantae_Tracheophyta_Magnoliopsida_Apiales_Araliaceae_Panax_quinquefolius,244,199,10,30,5,10
833,06562_Plantae_Tracheophyta_Magnoliopsida_Apiales_Araliaceae_Panax_trifolius,300,255,10,30,5,10
834,06563_Plantae_Tracheophyta_Magnoliopsida_Apiales_Araliaceae_Pseudopanax_arboreus,300,255,10,30,5,10
835,06564_Plantae_Tracheophyta_Magnoliopsida_Apiales_Araliaceae_Pseudopanax_colensoi,300,255,10,30,5,10
836,06565_Plantae_Tracheophyta_Magnoliopsida_Apiales_Araliaceae_Pseudopanax_crassifolius,300,255,10,30,5,10
837,06566_Plantae_Tracheophyta_Magnoliopsida_Apiales_Araliaceae_Pseudopanax_lessonii,226,181,10,30,5,10
838,06567_Plantae_Tracheophyta_Magnoliopsida_Apiales_Araliaceae_Raukaua_simplex,234,189,10,30,5,10
839,06568_Plantae_Tracheophyta_Magnoliopsida_Apiales_Araliaceae_Schefflera_actinophylla,205,160,10,30,5,10
840,06569_Plantae_Tracheophyta_Magnoliopsida_Apiales_Araliaceae_Schefflera_arboricola,175,130,10,30,5,10
841,06570_Plantae_Tracheophyta_Magnoliopsida_Apiales_Araliaceae_Schefflera_digitata,300,255,10,30,5,10
842,06571_Plantae_Tracheophyta_Magnoliopsida_Apiales_Araliaceae_Schefflera_heptaphylla,185,140,10,30,5,10
843,06572_Plantae_Tracheophyta_Magnoliopsida_Apiales_Griseliniaceae_Griselinia_littoralis,300,255,10,30,5,10
844,06573_Plantae_Tracheophyta_Magnoliopsida_Apiales_Pennantiaceae_Pennantia_corymbosa,297,252,10,30,5,10
845,06574_Plantae_Tracheophyta_Magnoliopsida_Apiales_Pittosporaceae_Bursaria_spinosa,160,115,10,30,5,10
846,06575_Plantae_Tracheophyta_Magnoliopsida_Apiales_Pittosporaceae_Pittosporum_crassifolium,300,255,10,30,5,10
847,06576_Plantae_Tracheophyta_Magnoliopsida_Apiales_Pittosporaceae_Pittosporum_eugenioides,300,255,10,30,5,10
848,06577_Plantae_Tracheophyta_Magnoliopsida_Apiales_Pittosporaceae_Pittosporum_tenuifolium,300,255,10,30,5,10
849,06578_Plantae_Tracheophyta_Magnoliopsida_Apiales_Pittosporaceae_Pittosporum_undulatum,268,223,10,30,5,10
850,06579_Plantae_Tracheophyta_Magnoliopsida_Aquifoliales_Aquifoliaceae_Ilex_aquifolium,300,255,10,30,5,10
851,06580_Plantae_Tracheophyta_Magnoliopsida_Aquifoliales_Aquifoliaceae_Ilex_cassine,247,202,10,30,5,10
852,06581_Plantae_Tracheophyta_Magnoliopsida_Aquifoliales_Aquifoliaceae_Ilex_cornuta,173,128,10,30,5,10
853,06582_Plantae_Tracheophyta_Magnoliopsida_Aquifoliales_Aquifoliaceae_Ilex_decidua,300,255,10,30,5,10
854,06583_Plantae_Tracheophyta_Magnoliopsida_Aquifoliales_Aquifoliaceae_Ilex_glabra,300,255,10,30,5,10
855,06584_Plantae_Tracheophyta_Magnoliopsida_Aquifoliales_Aquifoliaceae_Ilex_mucronata,300,255,10,30,5,10
856,06585_Plantae_Tracheophyta_Magnoliopsida_Aquifoliales_Aquifoliaceae_Ilex_opaca,300,255,10,30,5,10
857,06586_Plantae_Tracheophyta_Magnoliopsida_Aquifoliales_Aquifoliaceae_Ilex_verticillata,300,255,10,30,5,10
858,06587_Plantae_Tracheophyta_Magnoliopsida_Aquifoliales_Aquifoliaceae_Ilex_vomitoria,300,255,10,30,5,10
859,06588_Plantae_Tracheophyta_Magnoliopsida_Asterales_Alseuosmiaceae_Alseuosmia_macrophylla,211,166,10,30,5,10
860,06589_Plantae_Tracheophyta_Magnoliopsida_Asterales_Argophyllaceae_Corokia_cotoneaster,281,236,10,30,5,10
861,06590_Plantae_Tracheophyta_Magnoliopsida_Asterales_Asteraceae_Achillea_millefolium,300,255,10,30,5,10
862,06591_Plantae_Tracheophyta_Magnoliopsida_Asterales_Asteraceae_Achillea_ptarmica,300,255,10,30,5,10
863,06592_Plantae_Tracheophyta_Magnoliopsida_Asterales_Asteraceae_Achyrachaena_mollis,300,255,10,30,5,10
864,06593_Plantae_Tracheophyta_Magnoliopsida_Asterales_Asteraceae_Acmella_repens,238,193,10,30,5,10
865,06594_Plantae_Tracheophyta_Magnoliopsida_Asterales_Asteraceae_Acourtia_microcephala,196,151,10,30,5,10
866,06595_Plantae_Tracheophyta_Magnoliopsida_Asterales_Asteraceae_Adenocaulon_bicolor,300,255,10,30,5,10
867,06596_Plantae_Tracheophyta_Magnoliopsida_Asterales_Asteraceae_Adenophyllum_porophylloides,207,162,10,30,5,10
868,06597_Plantae_Tracheophyta_Magnoliopsida_Asterales_Asteraceae_Ageratina_adenophora,300,255,10,30,5,10
869,06598_Plantae_Tracheophyta_Magnoliopsida_Asterales_Asteraceae_Ageratina_altissima,300,255,10,30,5,10
870,06599_Plantae_Tracheophyta_Magnoliopsida_Asterales_Asteraceae_Ageratina_havanensis,220,175,10,30,5,10
871,06600_Plantae_Tracheophyta_Magnoliopsida_Asterales_Asteraceae_Ageratum_conyzoides,300,255,10,30,5,10
872,06601_Plantae_Tracheophyta_Magnoliopsida_Asterales_Asteraceae_Ageratum_houstonianum,300,255,10,30,5,10
873,06602_Plantae_Tracheophyta_Magnoliopsida_Asterales_Asteraceae_Agoseris_aurantiaca,194,149,10,30,5,10
874,06603_Plantae_Tracheophyta_Magnoliopsida_Asterales_Asteraceae_Ambrosia_ambrosioides,257,212,10,30,5,10
875,06604_Plantae_Tracheophyta_Magnoliopsida_Asterales_Asteraceae_Ambrosia_artemisiifolia,300,255,10,30,5,10
876,06605_Plantae_Tracheophyta_Magnoliopsida_Asterales_Asteraceae_Ambrosia_chamissonis,300,255,10,30,5,10
877,06606_Plantae_Tracheophyta_Magnoliopsida_Asterales_Asteraceae_Ambrosia_deltoidea,258,213,10,30,5,10
878,06607_Plantae_Tracheophyta_Magnoliopsida_Asterales_Asteraceae_Ambrosia_dumosa,300,255,10,30,5,10
879,06608_Plantae_Tracheophyta_Magnoliopsida_Asterales_Asteraceae_Ambrosia_psilostachya,300,255,10,30,5,10
880,06609_Plantae_Tracheophyta_Magnoliopsida_Asterales_Asteraceae_Ambrosia_salsola,300,255,10,30,5,10
881,06610_Plantae_Tracheophyta_Magnoliopsida_Asterales_Asteraceae_Ambrosia_trifida,300,255,10,30,5,10
882,06611_Plantae_Tracheophyta_Magnoliopsida_Asterales_Asteraceae_Anaphalioides_bellidioides,207,162,10,30,5,10
883,06612_Plantae_Tracheophyta_Magnoliopsida_Asterales_Asteraceae_Anaphalis_margaritacea,300,255,10,30,5,10
884,06613_Plantae_Tracheophyta_Magnoliopsida_Asterales_Asteraceae_Anisocarpus_madioides,300,255,10,30,5,10
885,06614_Plantae_Tracheophyta_Magnoliopsida_Asterales_Asteraceae_Antennaria_dioica,300,255,10,30,5,10
886,06615_Plantae_Tracheophyta_Magnoliopsida_Asterales_Asteraceae_Antennaria_neglecta,235,190,10,30,5,10
887,06616_Plantae_Tracheophyta_Magnoliopsida_Asterales_Asteraceae_Antennaria_rosea,197,152,10,30,5,10
888,06617_Plantae_Tracheophyta_Magnoliopsida_Asterales_Asteraceae_Anthemis_cotula,193,148,10,30,5,10
889,06618_Plantae_Tracheophyta_Magnoliopsida_Asterales_Asteraceae_Arctium_lappa,300,255,10,30,5,10
890,06619_Plantae_Tracheophyta_Magnoliopsida_Asterales_Asteraceae_Arctium_minus,300,255,10,30,5,10
891,06620_Plantae_Tracheophyta_Magnoliopsida_Asterales_Asteraceae_Arctium_tomentosum,300,255,10,30,5,10
892,06621_Plantae_Tracheophyta_Magnoliopsida_Asterales_Asteraceae_Arctotheca_calendula,300,255,10,30,5,10
893,06622_Plantae_Tracheophyta_Magnoliopsida_Asterales_Asteraceae_Arctotheca_prostrata,246,201,10,30,5,10
894,06623_Plantae_Tracheophyta_Magnoliopsida_Asterales_Asteraceae_Arnica_cordifolia,298,253,10,30,5,10
895,06624_Plantae_Tracheophyta_Magnoliopsida_Asterales_Asteraceae_Arnica_montana,286,241,10,30,5,10
896,06625_Plantae_Tracheophyta_Magnoliopsida_Asterales_Asteraceae_Arnoglossum_atriplicifolium,300,255,10,30,5,10
897,06626_Plantae_Tracheophyta_Magnoliopsida_Asterales_Asteraceae_Arnoglossum_plantagineum,300,255,10,30,5,10
898,06627_Plantae_Tracheophyta_Magnoliopsida_Asterales_Asteraceae_Artemisia_absinthium,300,255,10,30,5,10
899,06628_Plantae_Tracheophyta_Magnoliopsida_Asterales_Asteraceae_Artemisia_annua,162,117,10,30,5,10
900,06629_Plantae_Tracheophyta_Magnoliopsida_Asterales_Asteraceae_Artemisia_californica,300,255,10,30,5,10
901,06630_Plantae_Tracheophyta_Magnoliopsida_Asterales_Asteraceae_Artemisia_campestris,300,255,10,30,5,10
902,06631_Plantae_Tracheophyta_Magnoliopsida_Asterales_Asteraceae_Artemisia_douglasiana,300,255,10,30,5,10
903,06632_Plantae_Tracheophyta_Magnoliopsida_Asterales_Asteraceae_Artemisia_dracunculus,270,225,10,30,5,10
904,06633_Plantae_Tracheophyta_Magnoliopsida_Asterales_Asteraceae_Artemisia_filifolia,218,173,10,30,5,10
905,06634_Plantae_Tracheophyta_Magnoliopsida_Asterales_Asteraceae_Artemisia_frigida,300,255,10,30,5,10
906,06635_Plantae_Tracheophyta_Magnoliopsida_Asterales_Asteraceae_Artemisia_ludoviciana,300,255,10,30,5,10
907,06636_Plantae_Tracheophyta_Magnoliopsida_Asterales_Asteraceae_Artemisia_pycnocephala,300,255,10,30,5,10
908,06637_Plantae_Tracheophyta_Magnoliopsida_Asterales_Asteraceae_Artemisia_stelleriana,242,197,10,30,5,10
909,06638_Plantae_Tracheophyta_Magnoliopsida_Asterales_Asteraceae_Artemisia_tridentata,300,255,10,30,5,10
910,06639_Plantae_Tracheophyta_Magnoliopsida_Asterales_Asteraceae_Artemisia_vulgaris,300,255,10,30,5,10
911,06640_Plantae_Tracheophyta_Magnoliopsida_Asterales_Asteraceae_Aster_alpinus,300,255,10,30,5,10
912,06641_Plantae_Tracheophyta_Magnoliopsida_Asterales_Asteraceae_Atrichoseris_platyphylla,281,236,10,30,5,10
913,06642_Plantae_Tracheophyta_Magnoliopsida_Asterales_Asteraceae_Baccharis_halimifolia,300,255,10,30,5,10
914,06643_Plantae_Tracheophyta_Magnoliopsida_Asterales_Asteraceae_Baccharis_neglecta,300,255,10,30,5,10
915,06644_Plantae_Tracheophyta_Magnoliopsida_Asterales_Asteraceae_Baccharis_pilularis,300,255,10,30,5,10
916,06645_Plantae_Tracheophyta_Magnoliopsida_Asterales_Asteraceae_Baccharis_salicifolia,300,255,10,30,5,10
917,06646_Plantae_Tracheophyta_Magnoliopsida_Asterales_Asteraceae_Baccharis_sarothroides,300,255,10,30,5,10
918,06647_Plantae_Tracheophyta_Magnoliopsida_Asterales_Asteraceae_Bahiopsis_laciniata,300,255,10,30,5,10
919,06648_Plantae_Tracheophyta_Magnoliopsida_Asterales_Asteraceae_Bahiopsis_parishii,300,255,10,30,5,10
920,06649_Plantae_Tracheophyta_Magnoliopsida_Asterales_Asteraceae_Baileya_multiradiata,300,255,10,30,5,10
921,06650_Plantae_Tracheophyta_Magnoliopsida_Asterales_Asteraceae_Balsamorhiza_sagittata,300,255,10,30,5,10
922,06651_Plantae_Tracheophyta_Magnoliopsida_Asterales_Asteraceae_Barkleyanthus_salicifolius,278,233,10,30,5,10
923,06652_Plantae_Tracheophyta_Magnoliopsida_Asterales_Asteraceae_Bebbia_juncea,300,255,10,30,5,10
924,06653_Plantae_Tracheophyta_Magnoliopsida_Asterales_Asteraceae_Bellis_perennis,300,255,10,30,5,10
925,06654_Plantae_Tracheophyta_Magnoliopsida_Asterales_Asteraceae_Berlandiera_lyrata,243,198,10,30,5,10
926,06655_Plantae_Tracheophyta_Magnoliopsida_Asterales_Asteraceae_Bidens_aristosa,205,160,10,30,5,10
927,06656_Plantae_Tracheophyta_Magnoliopsida_Asterales_Asteraceae_Bidens_bipinnata,236,191,10,30,5,10
928,06657_Plantae_Tracheophyta_Magnoliopsida_Asterales_Asteraceae_Bidens_cernua,300,255,10,30,5,10
929,06658_Plantae_Tracheophyta_Magnoliopsida_Asterales_Asteraceae_Bidens_frondosa,300,255,10,30,5,10
930,06659_Plantae_Tracheophyta_Magnoliopsida_Asterales_Asteraceae_Bidens_pilosa,300,255,10,30,5,10
931,06660_Plantae_Tracheophyta_Magnoliopsida_Asterales_Asteraceae_Bidens_tripartita,217,172,10,30,5,10
932,06661_Plantae_Tracheophyta_Magnoliopsida_Asterales_Asteraceae_Borrichia_frutescens,300,255,10,30,5,10
933,06662_Plantae_Tracheophyta_Magnoliopsida_Asterales_Asteraceae_Brachyglottis_repanda,300,255,10,30,5,10
934,06663_Plantae_Tracheophyta_Magnoliopsida_Asterales_Asteraceae_Brickellia_californica,300,255,10,30,5,10
935,06664_Plantae_Tracheophyta_Magnoliopsida_Asterales_Asteraceae_Brickellia_eupatorioides,267,222,10,30,5,10
936,06665_Plantae_Tracheophyta_Magnoliopsida_Asterales_Asteraceae_Calendula_arvensis,300,255,10,30,5,10
937,06666_Plantae_Tracheophyta_Magnoliopsida_Asterales_Asteraceae_Calendula_officinalis,300,255,10,30,5,10
938,06667_Plantae_Tracheophyta_Magnoliopsida_Asterales_Asteraceae_Calycoseris_wrightii,171,126,10,30,5,10
939,06668_Plantae_Tracheophyta_Magnoliopsida_Asterales_Asteraceae_Calyptocarpus_vialis,300,255,10,30,5,10
940,06669_Plantae_Tracheophyta_Magnoliopsida_Asterales_Asteraceae_Carduus_acanthoides,300,255,10,30,5,10
941,06670_Plantae_Tracheophyta_Magnoliopsida_Asterales_Asteraceae_Carduus_crispus,300,255,10,30,5,10
942,06671_Plantae_Tracheophyta_Magnoliopsida_Asterales_Asteraceae_Carduus_nutans,300,255,10,30,5,10
943,06672_Plantae_Tracheophyta_Magnoliopsida_Asterales_Asteraceae_Carduus_pycnocephalus,300,255,10,30,5,10
944,06673_Plantae_Tracheophyta_Magnoliopsida_Asterales_Asteraceae_Carlina_acaulis,300,255,10,30,5,10
945,06674_Plantae_Tracheophyta_Magnoliopsida_Asterales_Asteraceae_Carlina_biebersteinii,171,126,10,30,5,10
946,06675_Plantae_Tracheophyta_Magnoliopsida_Asterales_Asteraceae_Carlina_vulgaris,199,154,10,30,5,10
947,06676_Plantae_Tracheophyta_Magnoliopsida_Asterales_Asteraceae_Celmisia_spectabilis,204,159,10,30,5,10
948,06677_Plantae_Tracheophyta_Magnoliopsida_Asterales_Asteraceae_Centaurea_calcitrapa,216,171,10,30,5,10
949,06678_Plantae_Tracheophyta_Magnoliopsida_Asterales_Asteraceae_Centaurea_cyanus,300,255,10,30,5,10
950,06679_Plantae_Tracheophyta_Magnoliopsida_Asterales_Asteraceae_Centaurea_jacea,300,255,10,30,5,10
951,06680_Plantae_Tracheophyta_Magnoliopsida_Asterales_Asteraceae_Centaurea_melitensis,300,255,10,30,5,10
952,06681_Plantae_Tracheophyta_Magnoliopsida_Asterales_Asteraceae_Centaurea_montana,300,255,10,30,5,10
953,06682_Plantae_Tracheophyta_Magnoliopsida_Asterales_Asteraceae_Centaurea_nigra,300,255,10,30,5,10
954,06683_Plantae_Tracheophyta_Magnoliopsida_Asterales_Asteraceae_Centaurea_phrygia,260,215,10,30,5,10
955,06684_Plantae_Tracheophyta_Magnoliopsida_Asterales_Asteraceae_Centaurea_scabiosa,300,255,10,30,5,10
956,06685_Plantae_Tracheophyta_Magnoliopsida_Asterales_Asteraceae_Centaurea_solstitialis,300,255,10,30,5,10
957,06686_Plantae_Tracheophyta_Magnoliopsida_Asterales_Asteraceae_Centaurea_stoebe,300,255,10,30,5,10
958,06687_Plantae_Tracheophyta_Magnoliopsida_Asterales_Asteraceae_Chaenactis_artemisiifolia,173,128,10,30,5,10
959,06688_Plantae_Tracheophyta_Magnoliopsida_Asterales_Asteraceae_Chaenactis_carphoclinia,160,115,10,30,5,10
960,06689_Plantae_Tracheophyta_Magnoliopsida_Asterales_Asteraceae_Chaenactis_douglasii,286,241,10,30,5,10
961,06690_Plantae_Tracheophyta_Magnoliopsida_Asterales_Asteraceae_Chaenactis_fremontii,300,255,10,30,5,10
962,06691_Plantae_Tracheophyta_Magnoliopsida_Asterales_Asteraceae_Chaenactis_glabriuscula,300,255,10,30,5,10
963,06692_Plantae_Tracheophyta_Magnoliopsida_Asterales_Asteraceae_Chaenactis_stevioides,278,233,10,30,5,10
964,06693_Plantae_Tracheophyta_Magnoliopsida_Asterales_Asteraceae_Chaetopappa_ericoides,192,147,10,30,5,10
965,06694_Plantae_Tracheophyta_Magnoliopsida_Asterales_Asteraceae_Chondrilla_juncea,191,146,10,30,5,10
966,06695_Plantae_Tracheophyta_Magnoliopsida_Asterales_Asteraceae_Chromolaena_odorata,300,255,10,30,5,10
967,06696_Plantae_Tracheophyta_Magnoliopsida_Asterales_Asteraceae_Chrysogonum_virginianum,241,196,10,30,5,10
968,06697_Plantae_Tracheophyta_Magnoliopsida_Asterales_Asteraceae_Chrysothamnus_viscidiflorus,237,192,10,30,5,10
969,06698_Plantae_Tracheophyta_Magnoliopsida_Asterales_Asteraceae_Chuquiraga_jussieui,174,129,10,30,5,10
970,06699_Plantae_Tracheophyta_Magnoliopsida_Asterales_Asteraceae_Cichorium_intybus,300,255,10,30,5,10
971,06700_Plantae_Tracheophyta_Magnoliopsida_Asterales_Asteraceae_Cirsium_acaule,185,140,10,30,5,10
972,06701_Plantae_Tracheophyta_Magnoliopsida_Asterales_Asteraceae_Cirsium_altissimum,168,123,10,30,5,10
973,06702_Plantae_Tracheophyta_Magnoliopsida_Asterales_Asteraceae_Cirsium_andersonii,157,112,10,30,5,10
974,06703_Plantae_Tracheophyta_Magnoliopsida_Asterales_Asteraceae_Cirsium_arizonicum,187,142,10,30,5,10
975,06704_Plantae_Tracheophyta_Magnoliopsida_Asterales_Asteraceae_Cirsium_arvense,300,255,10,30,5,10
976,06705_Plantae_Tracheophyta_Magnoliopsida_Asterales_Asteraceae_Cirsium_discolor,300,255,10,30,5,10
977,06706_Plantae_Tracheophyta_Magnoliopsida_Asterales_Asteraceae_Cirsium_eriophorum,188,143,10,30,5,10
978,06707_Plantae_Tracheophyta_Magnoliopsida_Asterales_Asteraceae_Cirsium_heterophyllum,274,229,10,30,5,10
979,06708_Plantae_Tracheophyta_Magnoliopsida_Asterales_Asteraceae_Cirsium_horridulum,300,255,10,30,5,10
980,06709_Plantae_Tracheophyta_Magnoliopsida_Asterales_Asteraceae_Cirsium_muticum,300,255,10,30,5,10
981,06710_Plantae_Tracheophyta_Magnoliopsida_Asterales_Asteraceae_Cirsium_neomexicanum,198,153,10,30,5,10
982,06711_Plantae_Tracheophyta_Magnoliopsida_Asterales_Asteraceae_Cirsium_occidentale,300,255,10,30,5,10
983,06712_Plantae_Tracheophyta_Magnoliopsida_Asterales_Asteraceae_Cirsium_oleraceum,300,255,10,30,5,10
984,06713_Plantae_Tracheophyta_Magnoliopsida_Asterales_Asteraceae_Cirsium_palustre,300,255,10,30,5,10
985,06714_Plantae_Tracheophyta_Magnoliopsida_Asterales_Asteraceae_Cirsium_pitcheri,223,178,10,30,5,10
986,06715_Plantae_Tracheophyta_Magnoliopsida_Asterales_Asteraceae_Cirsium_scariosum,282,237,10,30,5,10
987,06716_Plantae_Tracheophyta_Magnoliopsida_Asterales_Asteraceae_Cirsium_texanum,300,255,10,30,5,10
988,06717_Plantae_Tracheophyta_Magnoliopsida_Asterales_Asteraceae_Cirsium_undulatum,300,255,10,30,5,10
989,06718_Plantae_Tracheophyta_Magnoliopsida_Asterales_Asteraceae_Cirsium_vulgare,300,255,10,30,5,10
990,06719_Plantae_Tracheophyta_Magnoliopsida_Asterales_Asteraceae_Conoclinium_coelestinum,300,255,10,30,5,10
991,06720_Plantae_Tracheophyta_Magnoliopsida_Asterales_Asteraceae_Coreopsis_basalis,220,175,10,30,5,10
992,06721_Plantae_Tracheophyta_Magnoliopsida_Asterales_Asteraceae_Coreopsis_lanceolata,300,255,10,30,5,10
993,06722_Plantae_Tracheophyta_Magnoliopsida_Asterales_Asteraceae_Coreopsis_major,186,141,10,30,5,10
994,06723_Plantae_Tracheophyta_Magnoliopsida_Asterales_Asteraceae_Coreopsis_palmata,300,255,10,30,5,10
995,06724_Plantae_Tracheophyta_Magnoliopsida_Asterales_Asteraceae_Coreopsis_tinctoria,300,255,10,30,5,10
996,06725_Plantae_Tracheophyta_Magnoliopsida_Asterales_Asteraceae_Coreopsis_tripteris,300,255,10,30,5,10
997,06726_Plantae_Tracheophyta_Magnoliopsida_Asterales_Asteraceae_Corethrogyne_filaginifolia,300,255,10,30,5,10
998,06727_Plantae_Tracheophyta_Magnoliopsida_Asterales_Asteraceae_Cosmos_bipinnatus,300,255,10,30,5,10
999,06728_Plantae_Tracheophyta_Magnoliopsida_Asterales_Asteraceae_Cosmos_sulphureus,300,255,10,30,5,10
1000,06729_Plantae_Tracheophyta_Magnoliopsida_Asterales_Asteraceae_Cota_tinctoria,300,255,10,30,5,10
1001,06730_Plantae_Tracheophyta_Magnoliopsida_Asterales_Asteraceae_Cotula_australis,300,255,10,30,5,10
1002,06731_Plantae_Tracheophyta_Magnoliopsida_Asterales_Asteraceae_Cotula_coronopifolia,300,255,10,30,5,10
1003,06732_Plantae_Tracheophyta_Magnoliopsida_Asterales_Asteraceae_Crassocephalum_crepidioides,162,117,10,30,5,10
1004,06733_Plantae_Tracheophyta_Magnoliopsida_Asterales_Asteraceae_Crepis_capillaris,203,158,10,30,5,10
1005,06734_Plantae_Tracheophyta_Magnoliopsida_Asterales_Asteraceae_Crepis_tectorum,276,231,10,30,5,10
1006,06735_Plantae_Tracheophyta_Magnoliopsida_Asterales_Asteraceae_Cyanthillium_cinereum,300,255,10,30,5,10
1007,06736_Plantae_Tracheophyta_Magnoliopsida_Asterales_Asteraceae_Cyclachaena_xanthiifolia,169,124,10,30,5,10
1008,06737_Plantae_Tracheophyta_Magnoliopsida_Asterales_Asteraceae_Cynara_cardunculus,300,255,10,30,5,10
1009,06738_Plantae_Tracheophyta_Magnoliopsida_Asterales_Asteraceae_Dahlia_coccinea,300,255,10,30,5,10
1010,06739_Plantae_Tracheophyta_Magnoliopsida_Asterales_Asteraceae_Deinandra_fasciculata,300,255,10,30,5,10
1011,06740_Plantae_Tracheophyta_Magnoliopsida_Asterales_Asteraceae_Delairea_odorata,300,255,10,30,5,10
1012,06741_Plantae_Tracheophyta_Magnoliopsida_Asterales_Asteraceae_Diaperia_prolifera,300,255,10,30,5,10
1013,06742_Plantae_Tracheophyta_Magnoliopsida_Asterales_Asteraceae_Diaperia_verna,285,240,10,30,5,10
1014,06743_Plantae_Tracheophyta_Magnoliopsida_Asterales_Asteraceae_Dieteria_canescens,185,140,10,30,5,10
1015,06744_Plantae_Tracheophyta_Magnoliopsida_Asterales_Asteraceae_Dimorphotheca_fruticosa,208,163,10,30,5,10
1016,06745_Plantae_Tracheophyta_Magnoliopsida_Asterales_Asteraceae_Dittrichia_graveolens,300,255,10,30,5,10
1017,06746_Plantae_Tracheophyta_Magnoliopsida_Asterales_Asteraceae_Dittrichia_viscosa,300,255,10,30,5,10
1018,06747_Plantae_Tracheophyta_Magnoliopsida_Asterales_Asteraceae_Doellingeria_umbellata,300,255,10,30,5,10
1019,06748_Plantae_Tracheophyta_Magnoliopsida_Asterales_Asteraceae_Echinacea_angustifolia,219,174,10,30,5,10
1020,06749_Plantae_Tracheophyta_Magnoliopsida_Asterales_Asteraceae_Echinacea_pallida,300,255,10,30,5,10
1021,06750_Plantae_Tracheophyta_Magnoliopsida_Asterales_Asteraceae_Echinacea_purpurea,300,255,10,30,5,10
1022,06751_Plantae_Tracheophyta_Magnoliopsida_Asterales_Asteraceae_Echinops_ritro,212,167,10,30,5,10
1023,06752_Plantae_Tracheophyta_Magnoliopsida_Asterales_Asteraceae_Echinops_sphaerocephalus,300,255,10,30,5,10
1024,06753_Plantae_Tracheophyta_Magnoliopsida_Asterales_Asteraceae_Eclipta_prostrata,300,255,10,30,5,10
1025,06754_Plantae_Tracheophyta_Magnoliopsida_Asterales_Asteraceae_Elephantopus_carolinianus,300,255,10,30,5,10
1026,06755_Plantae_Tracheophyta_Magnoliopsida_Asterales_Asteraceae_Elephantopus_tomentosus,205,160,10,30,5,10
1027,06756_Plantae_Tracheophyta_Magnoliopsida_Asterales_Asteraceae_Elytropappus_rhinocerotis,168,123,10,30,5,10
1028,06757_Plantae_Tracheophyta_Magnoliopsida_Asterales_Asteraceae_Emilia_fosbergii,300,255,10,30,5,10
1029,06758_Plantae_Tracheophyta_Magnoliopsida_Asterales_Asteraceae_Emilia_sonchifolia,300,255,10,30,5,10
1030,06759_Plantae_Tracheophyta_Magnoliopsida_Asterales_Asteraceae_Encelia_actoni,197,152,10,30,5,10
1031,06760_Plantae_Tracheophyta_Magnoliopsida_Asterales_Asteraceae_Encelia_californica,300,255,10,30,5,10
1032,06761_Plantae_Tracheophyta_Magnoliopsida_Asterales_Asteraceae_Encelia_farinosa,300,255,10,30,5,10
1033,06762_Plantae_Tracheophyta_Magnoliopsida_Asterales_Asteraceae_Engelmannia_peristenia,300,255,10,30,5,10
1034,06763_Plantae_Tracheophyta_Magnoliopsida_Asterales_Asteraceae_Erechtites_hieraciifolius,300,255,10,30,5,10
1035,06764_Plantae_Tracheophyta_Magnoliopsida_Asterales_Asteraceae_Ericameria_cuneata,166,121,10,30,5,10
1036,06765_Plantae_Tracheophyta_Magnoliopsida_Asterales_Asteraceae_Ericameria_ericoides,168,123,10,30,5,10
1037,06766_Plantae_Tracheophyta_Magnoliopsida_Asterales_Asteraceae_Ericameria_linearifolia,300,255,10,30,5,10
1038,06767_Plantae_Tracheophyta_Magnoliopsida_Asterales_Asteraceae_Ericameria_nauseosa,300,255,10,30,5,10
1039,06768_Plantae_Tracheophyta_Magnoliopsida_Asterales_Asteraceae_Erigeron_acris,300,255,10,30,5,10
1040,06769_Plantae_Tracheophyta_Magnoliopsida_Asterales_Asteraceae_Erigeron_annuus,300,255,10,30,5,10
1041,06770_Plantae_Tracheophyta_Magnoliopsida_Asterales_Asteraceae_Erigeron_bonariensis,300,255,10,30,5,10
1042,06771_Plantae_Tracheophyta_Magnoliopsida_Asterales_Asteraceae_Erigeron_canadensis,300,255,10,30,5,10
1043,06772_Plantae_Tracheophyta_Magnoliopsida_Asterales_Asteraceae_Erigeron_compositus,216,171,10,30,5,10
1044,06773_Plantae_Tracheophyta_Magnoliopsida_Asterales_Asteraceae_Erigeron_foliosus,231,186,10,30,5,10
1045,06774_Plantae_Tracheophyta_Magnoliopsida_Asterales_Asteraceae_Erigeron_glaucus,300,255,10,30,5,10
1046,06775_Plantae_Tracheophyta_Magnoliopsida_Asterales_Asteraceae_Erigeron_karvinskianus,300,255,10,30,5,10
1047,06776_Plantae_Tracheophyta_Magnoliopsida_Asterales_Asteraceae_Erigeron_philadelphicus,300,255,10,30,5,10
1048,06777_Plantae_Tracheophyta_Magnoliopsida_Asterales_Asteraceae_Erigeron_pulchellus,220,175,10,30,5,10
1049,06778_Plantae_Tracheophyta_Magnoliopsida_Asterales_Asteraceae_Erigeron_strigosus,300,255,10,30,5,10
1050,06779_Plantae_Tracheophyta_Magnoliopsida_Asterales_Asteraceae_Erigeron_sumatrensis,300,255,10,30,5,10
1051,06780_Plantae_Tracheophyta_Magnoliopsida_Asterales_Asteraceae_Eriocephalus_africanus,298,253,10,30,5,10
1052,06781_Plantae_Tracheophyta_Magnoliopsida_Asterales_Asteraceae_Eriophyllum_confertiflorum,300,255,10,30,5,10
1053,06782_Plantae_Tracheophyta_Magnoliopsida_Asterales_Asteraceae_Eriophyllum_lanatum,300,255,10,30,5,10
1054,06783_Plantae_Tracheophyta_Magnoliopsida_Asterales_Asteraceae_Eriophyllum_staechadifolium,300,255,10,30,5,10
1055,06784_Plantae_Tracheophyta_Magnoliopsida_Asterales_Asteraceae_Eriophyllum_wallacei,300,255,10,30,5,10
1056,06785_Plantae_Tracheophyta_Magnoliopsida_Asterales_Asteraceae_Eupatorium_altissimum,300,255,10,30,5,10
1057,06786_Plantae_Tracheophyta_Magnoliopsida_Asterales_Asteraceae_Eupatorium_cannabinum,300,255,10,30,5,10
1058,06787_Plantae_Tracheophyta_Magnoliopsida_Asterales_Asteraceae_Eupatorium_capillifolium,300,255,10,30,5,10
1059,06788_Plantae_Tracheophyta_Magnoliopsida_Asterales_Asteraceae_Eupatorium_hyssopifolium,164,119,10,30,5,10
1060,06789_Plantae_Tracheophyta_Magnoliopsida_Asterales_Asteraceae_Eupatorium_perfoliatum,300,255,10,30,5,10
1061,06790_Plantae_Tracheophyta_Magnoliopsida_Asterales_Asteraceae_Eupatorium_rotundifolium,156,111,10,30,5,10
1062,06791_Plantae_Tracheophyta_Magnoliopsida_Asterales_Asteraceae_Eupatorium_serotinum,300,255,10,30,5,10
1063,06792_Plantae_Tracheophyta_Magnoliopsida_Asterales_Asteraceae_Eurybia_divaricata,300,255,10,30,5,10
1064,06793_Plantae_Tracheophyta_Magnoliopsida_Asterales_Asteraceae_Eurybia_macrophylla,300,255,10,30,5,10
1065,06794_Plantae_Tracheophyta_Magnoliopsida_Asterales_Asteraceae_Eurybia_sibirica,183,138,10,30,5,10
1066,06795_Plantae_Tracheophyta_Magnoliopsida_Asterales_Asteraceae_Euthamia_graminifolia,300,255,10,30,5,10
1067,06796_Plantae_Tracheophyta_Magnoliopsida_Asterales_Asteraceae_Eutrochium_fistulosum,255,210,10,30,5,10
1068,06797_Plantae_Tracheophyta_Magnoliopsida_Asterales_Asteraceae_Eutrochium_maculatum,300,255,10,30,5,10
1069,06798_Plantae_Tracheophyta_Magnoliopsida_Asterales_Asteraceae_Eutrochium_purpureum,300,255,10,30,5,10
1070,06799_Plantae_Tracheophyta_Magnoliopsida_Asterales_Asteraceae_Gaillardia_aestivalis,275,230,10,30,5,10
1071,06800_Plantae_Tracheophyta_Magnoliopsida_Asterales_Asteraceae_Gaillardia_aristata,300,255,10,30,5,10
1072,06801_Plantae_Tracheophyta_Magnoliopsida_Asterales_Asteraceae_Gaillardia_pinnatifida,169,124,10,30,5,10
1073,06802_Plantae_Tracheophyta_Magnoliopsida_Asterales_Asteraceae_Gaillardia_pulchella,300,255,10,30,5,10
1074,06803_Plantae_Tracheophyta_Magnoliopsida_Asterales_Asteraceae_Galactites_tomentosus,251,206,10,30,5,10
1075,06804_Plantae_Tracheophyta_Magnoliopsida_Asterales_Asteraceae_Galinsoga_parviflora,300,255,10,30,5,10
1076,06805_Plantae_Tracheophyta_Magnoliopsida_Asterales_Asteraceae_Galinsoga_quadriradiata,300,255,10,30,5,10
1077,06806_Plantae_Tracheophyta_Magnoliopsida_Asterales_Asteraceae_Gamochaeta_pensylvanica,166,121,10,30,5,10
1078,06807_Plantae_Tracheophyta_Magnoliopsida_Asterales_Asteraceae_Gazania_linearis,212,167,10,30,5,10
1079,06808_Plantae_Tracheophyta_Magnoliopsida_Asterales_Asteraceae_Gazania_rigens,159,114,10,30,5,10
1080,06809_Plantae_Tracheophyta_Magnoliopsida_Asterales_Asteraceae_Geraea_canescens,300,255,10,30,5,10
1081,06810_Plantae_Tracheophyta_Magnoliopsida_Asterales_Asteraceae_Glebionis_coronaria,300,255,10,30,5,10
1082,06811_Plantae_Tracheophyta_Magnoliopsida_Asterales_Asteraceae_Gnaphalium_uliginosum,300,255,10,30,5,10
1083,06812_Plantae_Tracheophyta_Magnoliopsida_Asterales_Asteraceae_Grindelia_ciliata,300,255,10,30,5,10
1084,06813_Plantae_Tracheophyta_Magnoliopsida_Asterales_Asteraceae_Grindelia_squarrosa,300,255,10,30,5,10
1085,06814_Plantae_Tracheophyta_Magnoliopsida_Asterales_Asteraceae_Grindelia_stricta,300,255,10,30,5,10
1086,06815_Plantae_Tracheophyta_Magnoliopsida_Asterales_Asteraceae_Gutierrezia_sarothrae,300,255,10,30,5,10
1087,06816_Plantae_Tracheophyta_Magnoliopsida_Asterales_Asteraceae_Hazardia_squarrosa,300,255,10,30,5,10
1088,06817_Plantae_Tracheophyta_Magnoliopsida_Asterales_Asteraceae_Hedypnois_rhagadioloides,300,255,10,30,5,10
1089,06818_Plantae_Tracheophyta_Magnoliopsida_Asterales_Asteraceae_Helenium_amarum,300,255,10,30,5,10
1090,06819_Plantae_Tracheophyta_Magnoliopsida_Asterales_Asteraceae_Helenium_autumnale,300,255,10,30,5,10
1091,06820_Plantae_Tracheophyta_Magnoliopsida_Asterales_Asteraceae_Helenium_bigelovii,170,125,10,30,5,10
1092,06821_Plantae_Tracheophyta_Magnoliopsida_Asterales_Asteraceae_Helenium_flexuosum,208,163,10,30,5,10
1093,06822_Plantae_Tracheophyta_Magnoliopsida_Asterales_Asteraceae_Helenium_puberulum,300,255,10,30,5,10
1094,06823_Plantae_Tracheophyta_Magnoliopsida_Asterales_Asteraceae_Helianthus_angustifolius,258,213,10,30,5,10
1095,06824_Plantae_Tracheophyta_Magnoliopsida_Asterales_Asteraceae_Helianthus_annuus,300,255,10,30,5,10
1096,06825_Plantae_Tracheophyta_Magnoliopsida_Asterales_Asteraceae_Helianthus_debilis,300,255,10,30,5,10
1097,06826_Plantae_Tracheophyta_Magnoliopsida_Asterales_Asteraceae_Helianthus_divaricatus,300,255,10,30,5,10
1098,06827_Plantae_Tracheophyta_Magnoliopsida_Asterales_Asteraceae_Helianthus_grosseserratus,170,125,10,30,5,10
1099,06828_Plantae_Tracheophyta_Magnoliopsida_Asterales_Asteraceae_Helianthus_maximiliani,300,255,10,30,5,10
1100,06829_Plantae_Tracheophyta_Magnoliopsida_Asterales_Asteraceae_Helianthus_mollis,162,117,10,30,5,10
1101,06830_Plantae_Tracheophyta_Magnoliopsida_Asterales_Asteraceae_Helianthus_occidentalis,165,120,10,30,5,10
1102,06831_Plantae_Tracheophyta_Magnoliopsida_Asterales_Asteraceae_Helianthus_petiolaris,300,255,10,30,5,10
1103,06832_Plantae_Tracheophyta_Magnoliopsida_Asterales_Asteraceae_Helianthus_tuberosus,300,255,10,30,5,10
1104,06833_Plantae_Tracheophyta_Magnoliopsida_Asterales_Asteraceae_Helichrysum_arenarium,300,255,10,30,5,10
1105,06834_Plantae_Tracheophyta_Magnoliopsida_Asterales_Asteraceae_Heliopsis_helianthoides,300,255,10,30,5,10
1106,06835_Plantae_Tracheophyta_Magnoliopsida_Asterales_Asteraceae_Helminthotheca_echioides,300,255,10,30,5,10
1107,06836_Plantae_Tracheophyta_Magnoliopsida_Asterales_Asteraceae_Hemizonia_congesta,300,255,10,30,5,10
1108,06837_Plantae_Tracheophyta_Magnoliopsida_Asterales_Asteraceae_Heterotheca_grandiflora,300,255,10,30,5,10
1109,06838_Plantae_Tracheophyta_Magnoliopsida_Asterales_Asteraceae_Heterotheca_subaxillaris,300,255,10,30,5,10
1110,06839_Plantae_Tracheophyta_Magnoliopsida_Asterales_Asteraceae_Heterotheca_villosa,300,255,10,30,5,10
1111,06840_Plantae_Tracheophyta_Magnoliopsida_Asterales_Asteraceae_Hieracium_albiflorum,300,255,10,30,5,10
1112,06841_Plantae_Tracheophyta_Magnoliopsida_Asterales_Asteraceae_Hieracium_umbellatum,300,255,10,30,5,10
1113,06842_Plantae_Tracheophyta_Magnoliopsida_Asterales_Asteraceae_Hieracium_venosum,300,255,10,30,5,10
1114,06843_Plantae_Tracheophyta_Magnoliopsida_Asterales_Asteraceae_Hymenopappus_artemisiifolius,222,177,10,30,5,10
1115,06844_Plantae_Tracheophyta_Magnoliopsida_Asterales_Asteraceae_Hymenopappus_scabiosaeus,264,219,10,30,5,10
1116,06845_Plantae_Tracheophyta_Magnoliopsida_Asterales_Asteraceae_Hypochaeris_glabra,201,156,10,30,5,10
1117,06846_Plantae_Tracheophyta_Magnoliopsida_Asterales_Asteraceae_Hypochaeris_radicata,300,255,10,30,5,10
1118,06847_Plantae_Tracheophyta_Magnoliopsida_Asterales_Asteraceae_Inula_britannica,300,255,10,30,5,10
1119,06848_Plantae_Tracheophyta_Magnoliopsida_Asterales_Asteraceae_Inula_helenium,300,255,10,30,5,10
1120,06849_Plantae_Tracheophyta_Magnoliopsida_Asterales_Asteraceae_Inula_salicina,236,191,10,30,5,10
1121,06850_Plantae_Tracheophyta_Magnoliopsida_Asterales_Asteraceae_Isocoma_acradenia,300,255,10,30,5,10
1122,06851_Plantae_Tracheophyta_Magnoliopsida_Asterales_Asteraceae_Isocoma_menziesii,300,255,10,30,5,10
1123,06852_Plantae_Tracheophyta_Magnoliopsida_Asterales_Asteraceae_Iva_annua,300,255,10,30,5,10
1124,06853_Plantae_Tracheophyta_Magnoliopsida_Asterales_Asteraceae_Iva_frutescens,161,116,10,30,5,10
1125,06854_Plantae_Tracheophyta_Magnoliopsida_Asterales_Asteraceae_Ixeris_chinensis,155,110,10,30,5,10
1126,06855_Plantae_Tracheophyta_Magnoliopsida_Asterales_Asteraceae_Jacobaea_maritima,177,132,10,30,5,10
1127,06856_Plantae_Tracheophyta_Magnoliopsida_Asterales_Asteraceae_Jacobaea_vulgaris,300,255,10,30,5,10
1128,06857_Plantae_Tracheophyta_Magnoliopsida_Asterales_Asteraceae_Jaumea_carnosa,272,227,10,30,5,10
1129,06858_Plantae_Tracheophyta_Magnoliopsida_Asterales_Asteraceae_Krigia_biflora,291,246,10,30,5,10
1130,06859_Plantae_Tracheophyta_Magnoliopsida_Asterales_Asteraceae_Krigia_virginica,244,199,10,30,5,10
1131,06860_Plantae_Tracheophyta_Magnoliopsida_Asterales_Asteraceae_Lactuca_biennis,261,216,10,30,5,10
1132,06861_Plantae_Tracheophyta_Magnoliopsida_Asterales_Asteraceae_Lactuca_canadensis,250,205,10,30,5,10
1133,06862_Plantae_Tracheophyta_Magnoliopsida_Asterales_Asteraceae_Lactuca_floridana,191,146,10,30,5,10
1134,06863_Plantae_Tracheophyta_Magnoliopsida_Asterales_Asteraceae_Lactuca_serriola,300,255,10,30,5,10
1135,06864_Plantae_Tracheophyta_Magnoliopsida_Asterales_Asteraceae_Lactuca_tatarica,270,225,10,30,5,10
1136,06865_Plantae_Tracheophyta_Magnoliopsida_Asterales_Asteraceae_Lapsana_communis,300,255,10,30,5,10
1137,06866_Plantae_Tracheophyta_Magnoliopsida_Asterales_Asteraceae_Lasthenia_californica,300,255,10,30,5,10
1138,06867_Plantae_Tracheophyta_Magnoliopsida_Asterales_Asteraceae_Lasthenia_gracilis,277,232,10,30,5,10
1139,06868_Plantae_Tracheophyta_Magnoliopsida_Asterales_Asteraceae_Layia_glandulosa,300,255,10,30,5,10
1140,06869_Plantae_Tracheophyta_Magnoliopsida_Asterales_Asteraceae_Layia_platyglossa,300,255,10,30,5,10
1141,06870_Plantae_Tracheophyta_Magnoliopsida_Asterales_Asteraceae_Leontopodium_nivale,300,255,10,30,5,10
1142,06871_Plantae_Tracheophyta_Magnoliopsida_Asterales_Asteraceae_Lepidospartum_squamatum,300,255,10,30,5,10
1143,06872_Plantae_Tracheophyta_Magnoliopsida_Asterales_Asteraceae_Leptosyne_gigantea,300,255,10,30,5,10
1144,06873_Plantae_Tracheophyta_Magnoliopsida_Asterales_Asteraceae_Leptosyne_maritima,161,116,10,30,5,10
1145,06874_Plantae_Tracheophyta_Magnoliopsida_Asterales_Asteraceae_Leucanthemum_vulgare,300,255,10,30,5,10
1146,06875_Plantae_Tracheophyta_Magnoliopsida_Asterales_Asteraceae_Liatris_aspera,300,255,10,30,5,10
1147,06876_Plantae_Tracheophyta_Magnoliopsida_Asterales_Asteraceae_Liatris_cylindracea,249,204,10,30,5,10
1148,06877_Plantae_Tracheophyta_Magnoliopsida_Asterales_Asteraceae_Liatris_elegans,170,125,10,30,5,10
1149,06878_Plantae_Tracheophyta_Magnoliopsida_Asterales_Asteraceae_Liatris_punctata,300,255,10,30,5,10
1150,06879_Plantae_Tracheophyta_Magnoliopsida_Asterales_Asteraceae_Liatris_pycnostachya,300,255,10,30,5,10
1151,06880_Plantae_Tracheophyta_Magnoliopsida_Asterales_Asteraceae_Liatris_spicata,300,255,10,30,5,10
1152,06881_Plantae_Tracheophyta_Magnoliopsida_Asterales_Asteraceae_Lindheimera_texana,300,255,10,30,5,10
1153,06882_Plantae_Tracheophyta_Magnoliopsida_Asterales_Asteraceae_Lygodesmia_texana,300,255,10,30,5,10
1154,06883_Plantae_Tracheophyta_Magnoliopsida_Asterales_Asteraceae_Machaeranthera_tanacetifolia,300,255,10,30,5,10
1155,06884_Plantae_Tracheophyta_Magnoliopsida_Asterales_Asteraceae_Madia_elegans,300,255,10,30,5,10
1156,06885_Plantae_Tracheophyta_Magnoliopsida_Asterales_Asteraceae_Madia_gracilis,300,255,10,30,5,10
1157,06886_Plantae_Tracheophyta_Magnoliopsida_Asterales_Asteraceae_Madia_sativa,300,255,10,30,5,10
1158,06887_Plantae_Tracheophyta_Magnoliopsida_Asterales_Asteraceae_Malacothrix_glabrata,300,255,10,30,5,10
1159,06888_Plantae_Tracheophyta_Magnoliopsida_Asterales_Asteraceae_Malacothrix_saxatilis,300,255,10,30,5,10
1160,06889_Plantae_Tracheophyta_Magnoliopsida_Asterales_Asteraceae_Marshallia_caespitosa,289,244,10,30,5,10
1161,06890_Plantae_Tracheophyta_Magnoliopsida_Asterales_Asteraceae_Matricaria_chamomilla,300,255,10,30,5,10
1162,06891_Plantae_Tracheophyta_Magnoliopsida_Asterales_Asteraceae_Matricaria_discoidea,300,255,10,30,5,10
1163,06892_Plantae_Tracheophyta_Magnoliopsida_Asterales_Asteraceae_Melampodium_leucanthum,300,255,10,30,5,10
1164,06893_Plantae_Tracheophyta_Magnoliopsida_Asterales_Asteraceae_Melanthera_nivea,158,113,10,30,5,10
1165,06894_Plantae_Tracheophyta_Magnoliopsida_Asterales_Asteraceae_Metalasia_densa,221,176,10,30,5,10
1166,06895_Plantae_Tracheophyta_Magnoliopsida_Asterales_Asteraceae_Metalasia_muricata,240,195,10,30,5,10
1167,06896_Plantae_Tracheophyta_Magnoliopsida_Asterales_Asteraceae_Micropus_californicus,300,255,10,30,5,10
1168,06897_Plantae_Tracheophyta_Magnoliopsida_Asterales_Asteraceae_Mikania_micrantha,300,255,10,30,5,10
1169,06898_Plantae_Tracheophyta_Magnoliopsida_Asterales_Asteraceae_Mikania_scandens,300,255,10,30,5,10
1170,06899_Plantae_Tracheophyta_Magnoliopsida_Asterales_Asteraceae_Monoptilon_bellioides,300,255,10,30,5,10
1171,06900_Plantae_Tracheophyta_Magnoliopsida_Asterales_Asteraceae_Mycelis_muralis,300,255,10,30,5,10
1172,06901_Plantae_Tracheophyta_Magnoliopsida_Asterales_Asteraceae_Nabalus_albus,300,255,10,30,5,10
1173,06902_Plantae_Tracheophyta_Magnoliopsida_Asterales_Asteraceae_Nabalus_altissimus,161,116,10,30,5,10
1174,06903_Plantae_Tracheophyta_Magnoliopsida_Asterales_Asteraceae_Nabalus_trifoliolatus,180,135,10,30,5,10
1175,06904_Plantae_Tracheophyta_Magnoliopsida_Asterales_Asteraceae_Oclemena_acuminata,300,255,10,30,5,10
1176,06905_Plantae_Tracheophyta_Magnoliopsida_Asterales_Asteraceae_Olearia_arborescens,165,120,10,30,5,10
1177,06906_Plantae_Tracheophyta_Magnoliopsida_Asterales_Asteraceae_Olearia_avicenniifolia,186,141,10,30,5,10
1178,06907_Plantae_Tracheophyta_Magnoliopsida_Asterales_Asteraceae_Olearia_paniculata,194,149,10,30,5,10
1179,06908_Plantae_Tracheophyta_Magnoliopsida_Asterales_Asteraceae_Omalotheca_sylvatica,180,135,10,30,5,10
1180,06909_Plantae_Tracheophyta_Magnoliopsida_Asterales_Asteraceae_Oncosiphon_pilulifer,300,255,10,30,5,10
1181,06910_Plantae_Tracheophyta_Magnoliopsida_Asterales_Asteraceae_Onopordum_acanthium,300,255,10,30,5,10
1182,06911_Plantae_Tracheophyta_Magnoliopsida_Asterales_Asteraceae_Osteospermum_moniliferum,300,255,10,30,5,10
1183,06912_Plantae_Tracheophyta_Magnoliopsida_Asterales_Asteraceae_Ozothamnus_leptophyllus,300,255,10,30,5,10
1184,06913_Plantae_Tracheophyta_Magnoliopsida_Asterales_Asteraceae_Packera_anonyma,232,187,10,30,5,10
1185,06914_Plantae_Tracheophyta_Magnoliopsida_Asterales_Asteraceae_Packera_aurea,300,255,10,30,5,10
1186,06915_Plantae_Tracheophyta_Magnoliopsida_Asterales_Asteraceae_Packera_glabella,300,255,10,30,5,10
1187,06916_Plantae_Tracheophyta_Magnoliopsida_Asterales_Asteraceae_Packera_obovata,300,255,10,30,5,10
1188,06917_Plantae_Tracheophyta_Magnoliopsida_Asterales_Asteraceae_Packera_paupercula,196,151,10,30,5,10
1189,06918_Plantae_Tracheophyta_Magnoliopsida_Asterales_Asteraceae_Packera_tampicana,191,146,10,30,5,10
1190,06919_Plantae_Tracheophyta_Magnoliopsida_Asterales_Asteraceae_Palafoxia_arida,300,255,10,30,5,10
1191,06920_Plantae_Tracheophyta_Magnoliopsida_Asterales_Asteraceae_Palafoxia_callosa,197,152,10,30,5,10
1192,06921_Plantae_Tracheophyta_Magnoliopsida_Asterales_Asteraceae_Pallenis_spinosa,246,201,10,30,5,10
1193,06922_Plantae_Tracheophyta_Magnoliopsida_Asterales_Asteraceae_Parasenecio_hastatus,176,131,10,30,5,10
1194,06923_Plantae_Tracheophyta_Magnoliopsida_Asterales_Asteraceae_Parthenium_hysterophorus,300,255,10,30,5,10
1195,06924_Plantae_Tracheophyta_Magnoliopsida_Asterales_Asteraceae_Parthenium_incanum,180,135,10,30,5,10
1196,06925_Plantae_Tracheophyta_Magnoliopsida_Asterales_Asteraceae_Parthenium_integrifolium,300,255,10,30,5,10
1197,06926_Plantae_Tracheophyta_Magnoliopsida_Asterales_Asteraceae_Pectis_papposa,300,255,10,30,5,10
1198,06927_Plantae_Tracheophyta_Magnoliopsida_Asterales_Asteraceae_Perityle_emoryi,300,255,10,30,5,10
1199,06928_Plantae_Tracheophyta_Magnoliopsida_Asterales_Asteraceae_Petasites_albus,270,225,10,30,5,10
1200,06929_Plantae_Tracheophyta_Magnoliopsida_Asterales_Asteraceae_Petasites_frigidus,300,255,10,30,5,10
1201,06930_Plantae_Tracheophyta_Magnoliopsida_Asterales_Asteraceae_Petasites_hybridus,300,255,10,30,5,10
1202,06931_Plantae_Tracheophyta_Magnoliopsida_Asterales_Asteraceae_Petasites_spurius,205,160,10,30,5,10
1203,06932_Plantae_Tracheophyta_Magnoliopsida_Asterales_Asteraceae_Peucephyllum_schottii,300,255,10,30,5,10
1204,06933_Plantae_Tracheophyta_Magnoliopsida_Asterales_Asteraceae_Phaenocoma_prolifera,197,152,10,30,5,10
1205,06934_Plantae_Tracheophyta_Magnoliopsida_Asterales_Asteraceae_Picris_hieracioides,300,255,10,30,5,10
1206,06935_Plantae_Tracheophyta_Magnoliopsida_Asterales_Asteraceae_Pilosella_aurantiaca,300,255,10,30,5,10
1207,06936_Plantae_Tracheophyta_Magnoliopsida_Asterales_Asteraceae_Pilosella_caespitosa,300,255,10,30,5,10
1208,06937_Plantae_Tracheophyta_Magnoliopsida_Asterales_Asteraceae_Pilosella_officinarum,300,255,10,30,5,10
1209,06938_Plantae_Tracheophyta_Magnoliopsida_Asterales_Asteraceae_Pinaropappus_roseus,300,255,10,30,5,10
1210,06939_Plantae_Tracheophyta_Magnoliopsida_Asterales_Asteraceae_Pityopsis_falcata,163,118,10,30,5,10
1211,06940_Plantae_Tracheophyta_Magnoliopsida_Asterales_Asteraceae_Pityopsis_graminifolia,163,118,10,30,5,10
1212,06941_Plantae_Tracheophyta_Magnoliopsida_Asterales_Asteraceae_Plectocephalus_americanus,300,255,10,30,5,10
1213,06942_Plantae_Tracheophyta_Magnoliopsida_Asterales_Asteraceae_Pleurocoronis_pluriseta,218,173,10,30,5,10
1214,06943_Plantae_Tracheophyta_Magnoliopsida_Asterales_Asteraceae_Pluchea_baccharis,169,124,10,30,5,10
1215,06944_Plantae_Tracheophyta_Magnoliopsida_Asterales_Asteraceae_Pluchea_camphorata,224,179,10,30,5,10
1216,06945_Plantae_Tracheophyta_Magnoliopsida_Asterales_Asteraceae_Pluchea_carolinensis,221,176,10,30,5,10
1217,06946_Plantae_Tracheophyta_Magnoliopsida_Asterales_Asteraceae_Pluchea_odorata,300,255,10,30,5,10
1218,06947_Plantae_Tracheophyta_Magnoliopsida_Asterales_Asteraceae_Pluchea_sericea,300,255,10,30,5,10
1219,06948_Plantae_Tracheophyta_Magnoliopsida_Asterales_Asteraceae_Polymnia_canadensis,300,255,10,30,5,10
1220,06949_Plantae_Tracheophyta_Magnoliopsida_Asterales_Asteraceae_Porophyllum_gracile,214,169,10,30,5,10
1221,06950_Plantae_Tracheophyta_Magnoliopsida_Asterales_Asteraceae_Prenanthes_purpurea,173,128,10,30,5,10
1222,06951_Plantae_Tracheophyta_Magnoliopsida_Asterales_Asteraceae_Pseudognaphalium_biolettii,278,233,10,30,5,10
1223,06952_Plantae_Tracheophyta_Magnoliopsida_Asterales_Asteraceae_Pseudognaphalium_californicum,300,255,10,30,5,10
1224,06953_Plantae_Tracheophyta_Magnoliopsida_Asterales_Asteraceae_Pseudognaphalium_luteoalbum,300,255,10,30,5,10
1225,06954_Plantae_Tracheophyta_Magnoliopsida_Asterales_Asteraceae_Pseudognaphalium_obtusifolium,300,255,10,30,5,10
1226,06955_Plantae_Tracheophyta_Magnoliopsida_Asterales_Asteraceae_Pterocaulon_pycnostachyum,209,164,10,30,5,10
1227,06956_Plantae_Tracheophyta_Magnoliopsida_Asterales_Asteraceae_Pulicaria_dysenterica,300,255,10,30,5,10
1228,06957_Plantae_Tracheophyta_Magnoliopsida_Asterales_Asteraceae_Pyrrhopappus_pauciflorus,300,255,10,30,5,10
1229,06958_Plantae_Tracheophyta_Magnoliopsida_Asterales_Asteraceae_Rafinesquia_californica,232,187,10,30,5,10
1230,06959_Plantae_Tracheophyta_Magnoliopsida_Asterales_Asteraceae_Rafinesquia_neomexicana,300,255,10,30,5,10
1231,06960_Plantae_Tracheophyta_Magnoliopsida_Asterales_Asteraceae_Ratibida_columnifera,300,255,10,30,5,10
1232,06961_Plantae_Tracheophyta_Magnoliopsida_Asterales_Asteraceae_Ratibida_pinnata,300,255,10,30,5,10
1233,06962_Plantae_Tracheophyta_Magnoliopsida_Asterales_Asteraceae_Rudbeckia_amplexicaulis,300,255,10,30,5,10
1234,06963_Plantae_Tracheophyta_Magnoliopsida_Asterales_Asteraceae_Rudbeckia_hirta,300,255,10,30,5,10
1235,06964_Plantae_Tracheophyta_Magnoliopsida_Asterales_Asteraceae_Rudbeckia_laciniata,300,255,10,30,5,10
1236,06965_Plantae_Tracheophyta_Magnoliopsida_Asterales_Asteraceae_Rudbeckia_triloba,300,255,10,30,5,10
1237,06966_Plantae_Tracheophyta_Magnoliopsida_Asterales_Asteraceae_Sanvitalia_procumbens,300,255,10,30,5,10
1238,06967_Plantae_Tracheophyta_Magnoliopsida_Asterales_Asteraceae_Scolymus_hispanicus,182,137,10,30,5,10
1239,06968_Plantae_Tracheophyta_Magnoliopsida_Asterales_Asteraceae_Scorzoneroides_autumnalis,300,255,10,30,5,10
1240,06969_Plantae_Tracheophyta_Magnoliopsida_Asterales_Asteraceae_Senecio_ampullaceus,237,192,10,30,5,10
1241,06970_Plantae_Tracheophyta_Magnoliopsida_Asterales_Asteraceae_Senecio_elegans,300,255,10,30,5,10
1242,06971_Plantae_Tracheophyta_Magnoliopsida_Asterales_Asteraceae_Senecio_flaccidus,300,255,10,30,5,10
1243,06972_Plantae_Tracheophyta_Magnoliopsida_Asterales_Asteraceae_Senecio_glastifolius,172,127,10,30,5,10
1244,06973_Plantae_Tracheophyta_Magnoliopsida_Asterales_Asteraceae_Senecio_glomeratus,300,255,10,30,5,10
1245,06974_Plantae_Tracheophyta_Magnoliopsida_Asterales_Asteraceae_Senecio_inaequidens,300,255,10,30,5,10
1246,06975_Plantae_Tracheophyta_Magnoliopsida_Asterales_Asteraceae_Senecio_integerrimus,247,202,10,30,5,10
1247,06976_Plantae_Tracheophyta_Magnoliopsida_Asterales_Asteraceae_Senecio_minimus,300,255,10,30,5,10
1248,06977_Plantae_Tracheophyta_Magnoliopsida_Asterales_Asteraceae_Senecio_ovatus,213,168,10,30,5,10
1249,06978_Plantae_Tracheophyta_Magnoliopsida_Asterales_Asteraceae_Senecio_pseudoarnica,157,112,10,30,5,10
1250,06979_Plantae_Tracheophyta_Magnoliopsida_Asterales_Asteraceae_Senecio_quadridentatus,290,245,10,30,5,10
1251,06980_Plantae_Tracheophyta_Magnoliopsida_Asterales_Asteraceae_Senecio_skirrhodon,212,167,10,30,5,10
1252,06981_Plantae_Tracheophyta_Magnoliopsida_Asterales_Asteraceae_Senecio_triangularis,300,255,10,30,5,10
1253,06982_Plantae_Tracheophyta_Magnoliopsida_Asterales_Asteraceae_Senecio_vernalis,255,210,10,30,5,10
1254,06983_Plantae_Tracheophyta_Magnoliopsida_Asterales_Asteraceae_Senecio_viscosus,247,202,10,30,5,10
1255,06984_Plantae_Tracheophyta_Magnoliopsida_Asterales_Asteraceae_Senecio_vulgaris,300,255,10,30,5,10
1256,06985_Plantae_Tracheophyta_Magnoliopsida_Asterales_Asteraceae_Seriphium_plumosum,217,172,10,30,5,10
1257,06986_Plantae_Tracheophyta_Magnoliopsida_Asterales_Asteraceae_Silphium_albiflorum,208,163,10,30,5,10
1258,06987_Plantae_Tracheophyta_Magnoliopsida_Asterales_Asteraceae_Silphium_integrifolium,300,255,10,30,5,10
1259,06988_Plantae_Tracheophyta_Magnoliopsida_Asterales_Asteraceae_Silphium_laciniatum,300,255,10,30,5,10
1260,06989_Plantae_Tracheophyta_Magnoliopsida_Asterales_Asteraceae_Silphium_perfoliatum,300,255,10,30,5,10
1261,06990_Plantae_Tracheophyta_Magnoliopsida_Asterales_Asteraceae_Silphium_terebinthinaceum,300,255,10,30,5,10
1262,06991_Plantae_Tracheophyta_Magnoliopsida_Asterales_Asteraceae_Silybum_marianum,300,255,10,30,5,10
1263,06992_Plantae_Tracheophyta_Magnoliopsida_Asterales_Asteraceae_Smallanthus_uvedalia,300,255,10,30,5,10
1264,06993_Plantae_Tracheophyta_Magnoliopsida_Asterales_Asteraceae_Solidago_altissima,300,255,10,30,5,10
1265,06994_Plantae_Tracheophyta_Magnoliopsida_Asterales_Asteraceae_Solidago_bicolor,300,255,10,30,5,10
1266,06995_Plantae_Tracheophyta_Magnoliopsida_Asterales_Asteraceae_Solidago_caesia,300,255,10,30,5,10
1267,06996_Plantae_Tracheophyta_Magnoliopsida_Asterales_Asteraceae_Solidago_canadensis,300,255,10,30,5,10
1268,06997_Plantae_Tracheophyta_Magnoliopsida_Asterales_Asteraceae_Solidago_flexicaulis,300,255,10,30,5,10
1269,06998_Plantae_Tracheophyta_Magnoliopsida_Asterales_Asteraceae_Solidago_gigantea,300,255,10,30,5,10
1270,06999_Plantae_Tracheophyta_Magnoliopsida_Asterales_Asteraceae_Solidago_hispida,194,149,10,30,5,10
1271,07000_Plantae_Tracheophyta_Magnoliopsida_Asterales_Asteraceae_Solidago_juncea,300,255,10,30,5,10
1272,07001_Plantae_Tracheophyta_Magnoliopsida_Asterales_Asteraceae_Solidago_multiradiata,222,177,10,30,5,10
1273,07002_Plantae_Tracheophyta_Magnoliopsida_Asterales_Asteraceae_Solidago_nemoralis,300,255,10,30,5,10
1274,07003_Plantae_Tracheophyta_Magnoliopsida_Asterales_Asteraceae_Solidago_ptarmicoides,285,240,10,30,5,10
1275,07004_Plantae_Tracheophyta_Magnoliopsida_Asterales_Asteraceae_Solidago_rigida,300,255,10,30,5,10
1276,07005_Plantae_Tracheophyta_Magnoliopsida_Asterales_Asteraceae_Solidago_rugosa,300,255,10,30,5,10
1277,07006_Plantae_Tracheophyta_Magnoliopsida_Asterales_Asteraceae_Solidago_sempervirens,300,255,10,30,5,10
1278,07007_Plantae_Tracheophyta_Magnoliopsida_Asterales_Asteraceae_Solidago_speciosa,189,144,10,30,5,10
1279,07008_Plantae_Tracheophyta_Magnoliopsida_Asterales_Asteraceae_Solidago_uliginosa,212,167,10,30,5,10
1280,07009_Plantae_Tracheophyta_Magnoliopsida_Asterales_Asteraceae_Solidago_velutina,156,111,10,30,5,10
1281,07010_Plantae_Tracheophyta_Magnoliopsida_Asterales_Asteraceae_Solidago_virgaurea,300,255,10,30,5,10
1282,07011_Plantae_Tracheophyta_Magnoliopsida_Asterales_Asteraceae_Soliva_sessilis,195,150,10,30,5,10
1283,07012_Plantae_Tracheophyta_Magnoliopsida_Asterales_Asteraceae_Sonchus_arvensis,300,255,10,30,5,10
1284,07013_Plantae_Tracheophyta_Magnoliopsida_Asterales_Asteraceae_Sonchus_asper,300,255,10,30,5,10
1285,07014_Plantae_Tracheophyta_Magnoliopsida_Asterales_Asteraceae_Sonchus_oleraceus,300,255,10,30,5,10
1286,07015_Plantae_Tracheophyta_Magnoliopsida_Asterales_Asteraceae_Sphagneticola_trilobata,300,255,10,30,5,10
1287,07016_Plantae_Tracheophyta_Magnoliopsida_Asterales_Asteraceae_Stephanomeria_pauciflora,300,255,10,30,5,10
1288,07017_Plantae_Tracheophyta_Magnoliopsida_Asterales_Asteraceae_Symphyotrichum_chilense,300,255,10,30,5,10
1289,07018_Plantae_Tracheophyta_Magnoliopsida_Asterales_Asteraceae_Symphyotrichum_ciliolatum,158,113,10,30,5,10
1290,07019_Plantae_Tracheophyta_Magnoliopsida_Asterales_Asteraceae_Symphyotrichum_cordifolium,300,255,10,30,5,10
1291,07020_Plantae_Tracheophyta_Magnoliopsida_Asterales_Asteraceae_Symphyotrichum_divaricatum,205,160,10,30,5,10
1292,07021_Plantae_Tracheophyta_Magnoliopsida_Asterales_Asteraceae_Symphyotrichum_drummondii,186,141,10,30,5,10
1293,07022_Plantae_Tracheophyta_Magnoliopsida_Asterales_Asteraceae_Symphyotrichum_ericoides,300,255,10,30,5,10
1294,07023_Plantae_Tracheophyta_Magnoliopsida_Asterales_Asteraceae_Symphyotrichum_laeve,300,255,10,30,5,10
1295,07024_Plantae_Tracheophyta_Magnoliopsida_Asterales_Asteraceae_Symphyotrichum_lanceolatum,300,255,10,30,5,10
1296,07025_Plantae_Tracheophyta_Magnoliopsida_Asterales_Asteraceae_Symphyotrichum_lateriflorum,300,255,10,30,5,10
1297,07026_Plantae_Tracheophyta_Magnoliopsida_Asterales_Asteraceae_Symphyotrichum_novae-angliae,300,255,10,30,5,10
1298,07027_Plantae_Tracheophyta_Magnoliopsida_Asterales_Asteraceae_Symphyotrichum_novi-belgii,178,133,10,30,5,10
1299,07028_Plantae_Tracheophyta_Magnoliopsida_Asterales_Asteraceae_Symphyotrichum_pilosum,300,255,10,30,5,10
1300,07029_Plantae_Tracheophyta_Magnoliopsida_Asterales_Asteraceae_Symphyotrichum_puniceum,300,255,10,30,5,10
1301,07030_Plantae_Tracheophyta_Magnoliopsida_Asterales_Asteraceae_Symphyotrichum_sericeum,166,121,10,30,5,10
1302,07031_Plantae_Tracheophyta_Magnoliopsida_Asterales_Asteraceae_Symphyotrichum_subulatum,235,190,10,30,5,10
1303,07032_Plantae_Tracheophyta_Magnoliopsida_Asterales_Asteraceae_Syncarpha_vestita,166,121,10,30,5,10
1304,07033_Plantae_Tracheophyta_Magnoliopsida_Asterales_Asteraceae_Tagetes_lucida,168,123,10,30,5,10
1305,07034_Plantae_Tracheophyta_Magnoliopsida_Asterales_Asteraceae_Tagetes_lunulata,300,255,10,30,5,10
1306,07035_Plantae_Tracheophyta_Magnoliopsida_Asterales_Asteraceae_Tanacetum_bipinnatum,300,255,10,30,5,10
1307,07036_Plantae_Tracheophyta_Magnoliopsida_Asterales_Asteraceae_Tanacetum_parthenium,300,255,10,30,5,10
1308,07037_Plantae_Tracheophyta_Magnoliopsida_Asterales_Asteraceae_Tanacetum_vulgare,300,255,10,30,5,10
1309,07038_Plantae_Tracheophyta_Magnoliopsida_Asterales_Asteraceae_Taraxacum_erythrospermum,300,255,10,30,5,10
1310,07039_Plantae_Tracheophyta_Magnoliopsida_Asterales_Asteraceae_Taraxacum_officinale,300,255,10,30,5,10
1311,07040_Plantae_Tracheophyta_Magnoliopsida_Asterales_Asteraceae_Tarchonanthus_littoralis,158,113,10,30,5,10
1312,07041_Plantae_Tracheophyta_Magnoliopsida_Asterales_Asteraceae_Tetraneuris_linearifolia,165,120,10,30,5,10
1313,07042_Plantae_Tracheophyta_Magnoliopsida_Asterales_Asteraceae_Tetraneuris_scaposa,300,255,10,30,5,10
1314,07043_Plantae_Tracheophyta_Magnoliopsida_Asterales_Asteraceae_Thelesperma_filifolium,300,255,10,30,5,10
1315,07044_Plantae_Tracheophyta_Magnoliopsida_Asterales_Asteraceae_Thelesperma_megapotamicum,177,132,10,30,5,10
1316,07045_Plantae_Tracheophyta_Magnoliopsida_Asterales_Asteraceae_Thymophylla_pentachaeta,300,255,10,30,5,10
1317,07046_Plantae_Tracheophyta_Magnoliopsida_Asterales_Asteraceae_Tithonia_diversifolia,190,145,10,30,5,10
1318,07047_Plantae_Tracheophyta_Magnoliopsida_Asterales_Asteraceae_Tithonia_tubaeformis,292,247,10,30,5,10
1319,07048_Plantae_Tracheophyta_Magnoliopsida_Asterales_Asteraceae_Tragopogon_dubius,300,255,10,30,5,10
1320,07049_Plantae_Tracheophyta_Magnoliopsida_Asterales_Asteraceae_Tragopogon_porrifolius,300,255,10,30,5,10
1321,07050_Plantae_Tracheophyta_Magnoliopsida_Asterales_Asteraceae_Tragopogon_pratensis,300,255,10,30,5,10
1322,07051_Plantae_Tracheophyta_Magnoliopsida_Asterales_Asteraceae_Trichoptilium_incisum,176,131,10,30,5,10
1323,07052_Plantae_Tracheophyta_Magnoliopsida_Asterales_Asteraceae_Tridax_procumbens,300,255,10,30,5,10
1324,07053_Plantae_Tracheophyta_Magnoliopsida_Asterales_Asteraceae_Tripleurospermum_inodorum,300,255,10,30,5,10
1325,07054_Plantae_Tracheophyta_Magnoliopsida_Asterales_Asteraceae_Tripolium_pannonicum,274,229,10,30,5,10
1326,07055_Plantae_Tracheophyta_Magnoliopsida_Asterales_Asteraceae_Trixis_californica,300,255,10,30,5,10
1327,07056_Plantae_Tracheophyta_Magnoliopsida_Asterales_Asteraceae_Tussilago_farfara,300,255,10,30,5,10
1328,07057_Plantae_Tracheophyta_Magnoliopsida_Asterales_Asteraceae_Uropappus_lindleyi,300,255,10,30,5,10
1329,07058_Plantae_Tracheophyta_Magnoliopsida_Asterales_Asteraceae_Urospermum_dalechampii,183,138,10,30,5,10
1330,07059_Plantae_Tracheophyta_Magnoliopsida_Asterales_Asteraceae_Urospermum_picroides,300,255,10,30,5,10
1331,07060_Plantae_Tracheophyta_Magnoliopsida_Asterales_Asteraceae_Venegasia_carpesioides,300,255,10,30,5,10
1332,07061_Plantae_Tracheophyta_Magnoliopsida_Asterales_Asteraceae_Verbesina_alternifolia,300,255,10,30,5,10
1333,07062_Plantae_Tracheophyta_Magnoliopsida_Asterales_Asteraceae_Verbesina_encelioides,300,255,10,30,5,10
1334,07063_Plantae_Tracheophyta_Magnoliopsida_Asterales_Asteraceae_Verbesina_virginica,300,255,10,30,5,10
1335,07064_Plantae_Tracheophyta_Magnoliopsida_Asterales_Asteraceae_Vernonia_baldwinii,300,255,10,30,5,10
1336,07065_Plantae_Tracheophyta_Magnoliopsida_Asterales_Asteraceae_Vernonia_fasciculata,164,119,10,30,5,10
1337,07066_Plantae_Tracheophyta_Magnoliopsida_Asterales_Asteraceae_Vernonia_gigantea,300,255,10,30,5,10
1338,07067_Plantae_Tracheophyta_Magnoliopsida_Asterales_Asteraceae_Vernonia_missurica,195,150,10,30,5,10
1339,07068_Plantae_Tracheophyta_Magnoliopsida_Asterales_Asteraceae_Vernonia_noveboracensis,251,206,10,30,5,10
1340,07069_Plantae_Tracheophyta_Magnoliopsida_Asterales_Asteraceae_Viguiera_dentata,214,169,10,30,5,10
1341,07070_Plantae_Tracheophyta_Magnoliopsida_Asterales_Asteraceae_Wedelia_hispida,286,241,10,30,5,10
1342,07071_Plantae_Tracheophyta_Magnoliopsida_Asterales_Asteraceae_Wyethia_angustifolia,300,255,10,30,5,10
1343,07072_Plantae_Tracheophyta_Magnoliopsida_Asterales_Asteraceae_Wyethia_glabra,181,136,10,30,5,10
1344,07073_Plantae_Tracheophyta_Magnoliopsida_Asterales_Asteraceae_Wyethia_mollis,300,255,10,30,5,10
1345,07074_Plantae_Tracheophyta_Magnoliopsida_Asterales_Asteraceae_Xanthisma_spinulosum,300,255,10,30,5,10
1346,07075_Plantae_Tracheophyta_Magnoliopsida_Asterales_Asteraceae_Xanthium_orientale,255,210,10,30,5,10
1347,07076_Plantae_Tracheophyta_Magnoliopsida_Asterales_Asteraceae_Xanthium_spinosum,230,185,10,30,5,10
1348,07077_Plantae_Tracheophyta_Magnoliopsida_Asterales_Asteraceae_Xanthium_strumarium,300,255,10,30,5,10
1349,07078_Plantae_Tracheophyta_Magnoliopsida_Asterales_Asteraceae_Xylorhiza_orcuttii,300,255,10,30,5,10
1350,07079_Plantae_Tracheophyta_Magnoliopsida_Asterales_Asteraceae_Xylorhiza_tortifolia,300,255,10,30,5,10
1351,07080_Plantae_Tracheophyta_Magnoliopsida_Asterales_Asteraceae_Youngia_japonica,300,255,10,30,5,10
1352,07081_Plantae_Tracheophyta_Magnoliopsida_Asterales_Asteraceae_Zinnia_acerosa,201,156,10,30,5,10
1353,07082_Plantae_Tracheophyta_Magnoliopsida_Asterales_Asteraceae_Zinnia_elegans,235,190,10,30,5,10
1354,07083_Plantae_Tracheophyta_Magnoliopsida_Asterales_Asteraceae_Zinnia_grandiflora,300,255,10,30,5,10
1355,07084_Plantae_Tracheophyta_Magnoliopsida_Asterales_Asteraceae_Zinnia_peruviana,300,255,10,30,5,10
1356,07085_Plantae_Tracheophyta_Magnoliopsida_Asterales_Campanulaceae_Campanula_aparinoides,254,209,10,30,5,10
1357,07086_Plantae_Tracheophyta_Magnoliopsida_Asterales_Campanulaceae_Campanula_barbata,247,202,10,30,5,10
1358,07087_Plantae_Tracheophyta_Magnoliopsida_Asterales_Campanulaceae_Campanula_glomerata,300,255,10,30,5,10
1359,07088_Plantae_Tracheophyta_Magnoliopsida_Asterales_Campanulaceae_Campanula_lasiocarpa,217,172,10,30,5,10
1360,07089_Plantae_Tracheophyta_Magnoliopsida_Asterales_Campanulaceae_Campanula_latifolia,248,203,10,30,5,10
1361,07090_Plantae_Tracheophyta_Magnoliopsida_Asterales_Campanulaceae_Campanula_patula,300,255,10,30,5,10
1362,07091_Plantae_Tracheophyta_Magnoliopsida_Asterales_Campanulaceae_Campanula_persicifolia,300,255,10,30,5,10
1363,07092_Plantae_Tracheophyta_Magnoliopsida_Asterales_Campanulaceae_Campanula_prenanthoides,265,220,10,30,5,10
1364,07093_Plantae_Tracheophyta_Magnoliopsida_Asterales_Campanulaceae_Campanula_rapunculoides,300,255,10,30,5,10
1365,07094_Plantae_Tracheophyta_Magnoliopsida_Asterales_Campanulaceae_Campanula_rapunculus,239,194,10,30,5,10
1366,07095_Plantae_Tracheophyta_Magnoliopsida_Asterales_Campanulaceae_Campanula_rotundifolia,300,255,10,30,5,10
1367,07096_Plantae_Tracheophyta_Magnoliopsida_Asterales_Campanulaceae_Campanula_sibirica,188,143,10,30,5,10
1368,07097_Plantae_Tracheophyta_Magnoliopsida_Asterales_Campanulaceae_Campanula_trachelium,300,255,10,30,5,10
1369,07098_Plantae_Tracheophyta_Magnoliopsida_Asterales_Campanulaceae_Campanulastrum_americanum,300,255,10,30,5,10
1370,07099_Plantae_Tracheophyta_Magnoliopsida_Asterales_Campanulaceae_Hippobroma_longiflora,300,255,10,30,5,10
1371,07100_Plantae_Tracheophyta_Magnoliopsida_Asterales_Campanulaceae_Jasione_montana,300,255,10,30,5,10
1372,07101_Plantae_Tracheophyta_Magnoliopsida_Asterales_Campanulaceae_Lobelia_anceps,300,255,10,30,5,10
1373,07102_Plantae_Tracheophyta_Magnoliopsida_Asterales_Campanulaceae_Lobelia_angulata,283,238,10,30,5,10
1374,07103_Plantae_Tracheophyta_Magnoliopsida_Asterales_Campanulaceae_Lobelia_cardinalis,300,255,10,30,5,10
1375,07104_Plantae_Tracheophyta_Magnoliopsida_Asterales_Campanulaceae_Lobelia_dortmanna,207,162,10,30,5,10
1376,07105_Plantae_Tracheophyta_Magnoliopsida_Asterales_Campanulaceae_Lobelia_inflata,300,255,10,30,5,10
1377,07106_Plantae_Tracheophyta_Magnoliopsida_Asterales_Campanulaceae_Lobelia_kalmii,300,255,10,30,5,10
1378,07107_Plantae_Tracheophyta_Magnoliopsida_Asterales_Campanulaceae_Lobelia_laxiflora,206,161,10,30,5,10
1379,07108_Plantae_Tracheophyta_Magnoliopsida_Asterales_Campanulaceae_Lobelia_pinifolia,179,134,10,30,5,10
1380,07109_Plantae_Tracheophyta_Magnoliopsida_Asterales_Campanulaceae_Lobelia_puberula,231,186,10,30,5,10
1381,07110_Plantae_Tracheophyta_Magnoliopsida_Asterales_Campanulaceae_Lobelia_siphilitica,300,255,10,30,5,10
1382,07111_Plantae_Tracheophyta_Magnoliopsida_Asterales_Campanulaceae_Lobelia_spicata,300,255,10,30,5,10
1383,07112_Plantae_Tracheophyta_Magnoliopsida_Asterales_Campanulaceae_Phyteuma_orbiculare,186,141,10,30,5,10
1384,07113_Plantae_Tracheophyta_Magnoliopsida_Asterales_Campanulaceae_Phyteuma_spicatum,219,174,10,30,5,10
1385,07114_Plantae_Tracheophyta_Magnoliopsida_Asterales_Campanulaceae_Triodanis_biflora,213,168,10,30,5,10
1386,07115_Plantae_Tracheophyta_Magnoliopsida_Asterales_Campanulaceae_Triodanis_perfoliata,300,255,10,30,5,10
1387,07116_Plantae_Tracheophyta_Magnoliopsida_Asterales_Campanulaceae_Wahlenbergia_albomarginata,183,138,10,30,5,10
1388,07117_Plantae_Tracheophyta_Magnoliopsida_Asterales_Campanulaceae_Wahlenbergia_marginata,215,170,10,30,5,10
1389,07118_Plantae_Tracheophyta_Magnoliopsida_Asterales_Goodeniaceae_Goodenia_ovata,239,194,10,30,5,10
1390,07119_Plantae_Tracheophyta_Magnoliopsida_Asterales_Goodeniaceae_Scaevola_plumieri,155,110,10,30,5,10
1391,07120_Plantae_Tracheophyta_Magnoliopsida_Asterales_Goodeniaceae_Scaevola_taccada,300,255,10,30,5,10
1392,07121_Plantae_Tracheophyta_Magnoliopsida_Asterales_Goodeniaceae_Selliera_radicans,295,250,10,30,5,10
1393,07122_Plantae_Tracheophyta_Magnoliopsida_Asterales_Menyanthaceae_Menyanthes_trifoliata,300,255,10,30,5,10
1394,07123_Plantae_Tracheophyta_Magnoliopsida_Asterales_Menyanthaceae_Nephrophyllidium_crista-galli,204,159,10,30,5,10
1395,07124_Plantae_Tracheophyta_Magnoliopsida_Asterales_Menyanthaceae_Nymphoides_indica,168,123,10,30,5,10
1396,07125_Plantae_Tracheophyta_Magnoliopsida_Asterales_Rousseaceae_Carpodetus_serratus,300,255,10,30,5,10
1397,07126_Plantae_Tracheophyta_Magnoliopsida_Boraginales_Boraginaceae_Adelinia_grande,300,255,10,30,5,10
1398,07127_Plantae_Tracheophyta_Magnoliopsida_Boraginales_Boraginaceae_Aegonychon_purpurocaeruleum,207,162,10,30,5,10
1399,07128_Plantae_Tracheophyta_Magnoliopsida_Boraginales_Boraginaceae_Amsinckia_menziesii,300,255,10,30,5,10
1400,07129_Plantae_Tracheophyta_Magnoliopsida_Boraginales_Boraginaceae_Amsinckia_tessellata,198,153,10,30,5,10
1401,07130_Plantae_Tracheophyta_Magnoliopsida_Boraginales_Boraginaceae_Anchusa_arvensis,300,255,10,30,5,10
1402,07131_Plantae_Tracheophyta_Magnoliopsida_Boraginales_Boraginaceae_Anchusa_officinalis,300,255,10,30,5,10
1403,07132_Plantae_Tracheophyta_Magnoliopsida_Boraginales_Boraginaceae_Andersonglossum_virginianum,300,255,10,30,5,10
1404,07133_Plantae_Tracheophyta_Magnoliopsida_Boraginales_Boraginaceae_Borago_officinalis,300,255,10,30,5,10
1405,07134_Plantae_Tracheophyta_Magnoliopsida_Boraginales_Boraginaceae_Buglossoides_arvensis,300,255,10,30,5,10
1406,07135_Plantae_Tracheophyta_Magnoliopsida_Boraginales_Boraginaceae_Cordia_boissieri,300,255,10,30,5,10
1407,07136_Plantae_Tracheophyta_Magnoliopsida_Boraginales_Boraginaceae_Cordia_sebestena,164,119,10,30,5,10
1408,07137_Plantae_Tracheophyta_Magnoliopsida_Boraginales_Boraginaceae_Cynoglossum_officinale,300,255,10,30,5,10
1409,07138_Plantae_Tracheophyta_Magnoliopsida_Boraginales_Boraginaceae_Echium_candicans,300,255,10,30,5,10
1410,07139_Plantae_Tracheophyta_Magnoliopsida_Boraginales_Boraginaceae_Echium_plantagineum,300,255,10,30,5,10
1411,07140_Plantae_Tracheophyta_Magnoliopsida_Boraginales_Boraginaceae_Echium_vulgare,300,255,10,30,5,10
1412,07141_Plantae_Tracheophyta_Magnoliopsida_Boraginales_Boraginaceae_Ehretia_anacua,276,231,10,30,5,10
1413,07142_Plantae_Tracheophyta_Magnoliopsida_Boraginales_Boraginaceae_Emmenanthe_penduliflora,300,255,10,30,5,10
1414,07143_Plantae_Tracheophyta_Magnoliopsida_Boraginales_Boraginaceae_Eriodictyon_californicum,300,255,10,30,5,10
1415,07144_Plantae_Tracheophyta_Magnoliopsida_Boraginales_Boraginaceae_Eriodictyon_crassifolium,300,255,10,30,5,10
1416,07145_Plantae_Tracheophyta_Magnoliopsida_Boraginales_Boraginaceae_Eriodictyon_trichocalyx,300,255,10,30,5,10
1417,07146_Plantae_Tracheophyta_Magnoliopsida_Boraginales_Boraginaceae_Eucrypta_chrysanthemifolia,300,255,10,30,5,10
1418,07147_Plantae_Tracheophyta_Magnoliopsida_Boraginales_Boraginaceae_Euploca_procumbens,188,143,10,30,5,10
1419,07148_Plantae_Tracheophyta_Magnoliopsida_Boraginales_Boraginaceae_Euploca_tenella,205,160,10,30,5,10
1420,07149_Plantae_Tracheophyta_Magnoliopsida_Boraginales_Boraginaceae_Hackelia_virginiana,300,255,10,30,5,10
1421,07150_Plantae_Tracheophyta_Magnoliopsida_Boraginales_Boraginaceae_Heliotropium_angiospermum,300,255,10,30,5,10
1422,07151_Plantae_Tracheophyta_Magnoliopsida_Boraginales_Boraginaceae_Heliotropium_arboreum,201,156,10,30,5,10
1423,07152_Plantae_Tracheophyta_Magnoliopsida_Boraginales_Boraginaceae_Heliotropium_curassavicum,300,255,10,30,5,10
1424,07153_Plantae_Tracheophyta_Magnoliopsida_Boraginales_Boraginaceae_Heliotropium_europaeum,224,179,10,30,5,10
1425,07154_Plantae_Tracheophyta_Magnoliopsida_Boraginales_Boraginaceae_Heliotropium_indicum,300,255,10,30,5,10
1426,07155_Plantae_Tracheophyta_Magnoliopsida_Boraginales_Boraginaceae_Hydrophyllum_appendiculatum,300,255,10,30,5,10
1427,07156_Plantae_Tracheophyta_Magnoliopsida_Boraginales_Boraginaceae_Hydrophyllum_canadense,280,235,10,30,5,10
1428,07157_Plantae_Tracheophyta_Magnoliopsida_Boraginales_Boraginaceae_Hydrophyllum_capitatum,300,255,10,30,5,10
1429,07158_Plantae_Tracheophyta_Magnoliopsida_Boraginales_Boraginaceae_Hydrophyllum_tenuipes,261,216,10,30,5,10
1430,07159_Plantae_Tracheophyta_Magnoliopsida_Boraginales_Boraginaceae_Hydrophyllum_virginianum,300,255,10,30,5,10
1431,07160_Plantae_Tracheophyta_Magnoliopsida_Boraginales_Boraginaceae_Johnstonella_angustifolia,300,255,10,30,5,10
1432,07161_Plantae_Tracheophyta_Magnoliopsida_Boraginales_Boraginaceae_Lithospermum_canescens,300,255,10,30,5,10
1433,07162_Plantae_Tracheophyta_Magnoliopsida_Boraginales_Boraginaceae_Lithospermum_caroliniense,300,255,10,30,5,10
1434,07163_Plantae_Tracheophyta_Magnoliopsida_Boraginales_Boraginaceae_Lithospermum_incisum,300,255,10,30,5,10
1435,07164_Plantae_Tracheophyta_Magnoliopsida_Boraginales_Boraginaceae_Lithospermum_officinale,244,199,10,30,5,10
1436,07165_Plantae_Tracheophyta_Magnoliopsida_Boraginales_Boraginaceae_Lithospermum_ruderale,300,255,10,30,5,10
1437,07166_Plantae_Tracheophyta_Magnoliopsida_Boraginales_Boraginaceae_Mertensia_ciliata,265,220,10,30,5,10
1438,07167_Plantae_Tracheophyta_Magnoliopsida_Boraginales_Boraginaceae_Mertensia_maritima,265,220,10,30,5,10
1439,07168_Plantae_Tracheophyta_Magnoliopsida_Boraginales_Boraginaceae_Mertensia_paniculata,300,255,10,30,5,10
1440,07169_Plantae_Tracheophyta_Magnoliopsida_Boraginales_Boraginaceae_Mertensia_virginica,300,255,10,30,5,10
1441,07170_Plantae_Tracheophyta_Magnoliopsida_Boraginales_Boraginaceae_Myosotis_arvensis,300,255,10,30,5,10
1442,07171_Plantae_Tracheophyta_Magnoliopsida_Boraginales_Boraginaceae_Myosotis_discolor,195,150,10,30,5,10
1443,07172_Plantae_Tracheophyta_Magnoliopsida_Boraginales_Boraginaceae_Myosotis_latifolia,300,255,10,30,5,10
1444,07173_Plantae_Tracheophyta_Magnoliopsida_Boraginales_Boraginaceae_Myosotis_scorpioides,300,255,10,30,5,10
1445,07174_Plantae_Tracheophyta_Magnoliopsida_Boraginales_Boraginaceae_Myosotis_sylvatica,300,255,10,30,5,10
1446,07175_Plantae_Tracheophyta_Magnoliopsida_Boraginales_Boraginaceae_Nama_demissa,300,255,10,30,5,10
1447,07176_Plantae_Tracheophyta_Magnoliopsida_Boraginales_Boraginaceae_Nama_hispida,300,255,10,30,5,10
1448,07177_Plantae_Tracheophyta_Magnoliopsida_Boraginales_Boraginaceae_Nemophila_heterophylla,300,255,10,30,5,10
1449,07178_Plantae_Tracheophyta_Magnoliopsida_Boraginales_Boraginaceae_Nemophila_maculata,176,131,10,30,5,10
1450,07179_Plantae_Tracheophyta_Magnoliopsida_Boraginales_Boraginaceae_Nemophila_menziesii,300,255,10,30,5,10
1451,07180_Plantae_Tracheophyta_Magnoliopsida_Boraginales_Boraginaceae_Nemophila_parviflora,213,168,10,30,5,10
1452,07181_Plantae_Tracheophyta_Magnoliopsida_Boraginales_Boraginaceae_Nemophila_phacelioides,300,255,10,30,5,10
1453,07182_Plantae_Tracheophyta_Magnoliopsida_Boraginales_Boraginaceae_Nonea_pulla,190,145,10,30,5,10
1454,07183_Plantae_Tracheophyta_Magnoliopsida_Boraginales_Boraginaceae_Nonea_rossica,154,109,10,30,5,10
1455,07184_Plantae_Tracheophyta_Magnoliopsida_Boraginales_Boraginaceae_Pentaglottis_sempervirens,300,255,10,30,5,10
1456,07185_Plantae_Tracheophyta_Magnoliopsida_Boraginales_Boraginaceae_Phacelia_bipinnatifida,178,133,10,30,5,10
1457,07186_Plantae_Tracheophyta_Magnoliopsida_Boraginales_Boraginaceae_Phacelia_californica,273,228,10,30,5,10
1458,07187_Plantae_Tracheophyta_Magnoliopsida_Boraginales_Boraginaceae_Phacelia_campanularia,300,255,10,30,5,10
1459,07188_Plantae_Tracheophyta_Magnoliopsida_Boraginales_Boraginaceae_Phacelia_cicutaria,300,255,10,30,5,10
1460,07189_Plantae_Tracheophyta_Magnoliopsida_Boraginales_Boraginaceae_Phacelia_congesta,300,255,10,30,5,10
1461,07190_Plantae_Tracheophyta_Magnoliopsida_Boraginales_Boraginaceae_Phacelia_crenulata,300,255,10,30,5,10
1462,07191_Plantae_Tracheophyta_Magnoliopsida_Boraginales_Boraginaceae_Phacelia_distans,300,255,10,30,5,10
1463,07192_Plantae_Tracheophyta_Magnoliopsida_Boraginales_Boraginaceae_Phacelia_fremontii,261,216,10,30,5,10
1464,07193_Plantae_Tracheophyta_Magnoliopsida_Boraginales_Boraginaceae_Phacelia_grandiflora,265,220,10,30,5,10
1465,07194_Plantae_Tracheophyta_Magnoliopsida_Boraginales_Boraginaceae_Phacelia_hastata,245,200,10,30,5,10
1466,07195_Plantae_Tracheophyta_Magnoliopsida_Boraginales_Boraginaceae_Phacelia_minor,300,255,10,30,5,10
1467,07196_Plantae_Tracheophyta_Magnoliopsida_Boraginales_Boraginaceae_Phacelia_parryi,300,255,10,30,5,10
1468,07197_Plantae_Tracheophyta_Magnoliopsida_Boraginales_Boraginaceae_Phacelia_purshii,188,143,10,30,5,10
1469,07198_Plantae_Tracheophyta_Magnoliopsida_Boraginales_Boraginaceae_Phacelia_ramosissima,189,144,10,30,5,10
1470,07199_Plantae_Tracheophyta_Magnoliopsida_Boraginales_Boraginaceae_Phacelia_sericea,269,224,10,30,5,10
1471,07200_Plantae_Tracheophyta_Magnoliopsida_Boraginales_Boraginaceae_Phacelia_tanacetifolia,300,255,10,30,5,10
1472,07201_Plantae_Tracheophyta_Magnoliopsida_Boraginales_Boraginaceae_Pholistoma_auritum,300,255,10,30,5,10
1473,07202_Plantae_Tracheophyta_Magnoliopsida_Boraginales_Boraginaceae_Pholistoma_membranaceum,300,255,10,30,5,10
1474,07203_Plantae_Tracheophyta_Magnoliopsida_Boraginales_Boraginaceae_Pulmonaria_mollis,300,255,10,30,5,10
1475,07204_Plantae_Tracheophyta_Magnoliopsida_Boraginales_Boraginaceae_Pulmonaria_obscura,300,255,10,30,5,10
1476,07205_Plantae_Tracheophyta_Magnoliopsida_Boraginales_Boraginaceae_Pulmonaria_officinalis,300,255,10,30,5,10
1477,07206_Plantae_Tracheophyta_Magnoliopsida_Boraginales_Boraginaceae_Symphytum_officinale,300,255,10,30,5,10
1478,07207_Plantae_Tracheophyta_Magnoliopsida_Boraginales_Boraginaceae_Tiquilia_palmeri,156,111,10,30,5,10
1479,07208_Plantae_Tracheophyta_Magnoliopsida_Boraginales_Boraginaceae_Tiquilia_plicata,230,185,10,30,5,10
1480,07209_Plantae_Tracheophyta_Magnoliopsida_Boraginales_Boraginaceae_Tournefortia_gnaphalodes,198,153,10,30,5,10
1481,07210_Plantae_Tracheophyta_Magnoliopsida_Boraginales_Boraginaceae_Turricula_parryi,183,138,10,30,5,10
1482,07211_Plantae_Tracheophyta_Magnoliopsida_Boraginales_Boraginaceae_Wigandia_urens,300,255,10,30,5,10
1483,07212_Plantae_Tracheophyta_Magnoliopsida_Brassicales_Bataceae_Batis_maritima,295,250,10,30,5,10
1484,07213_Plantae_Tracheophyta_Magnoliopsida_Brassicales_Brassicaceae_Alliaria_petiolata,300,255,10,30,5,10
1485,07214_Plantae_Tracheophyta_Magnoliopsida_Brassicales_Brassicaceae_Arabidopsis_lyrata,300,255,10,30,5,10
1486,07215_Plantae_Tracheophyta_Magnoliopsida_Brassicales_Brassicaceae_Arabidopsis_thaliana,300,255,10,30,5,10
1487,07216_Plantae_Tracheophyta_Magnoliopsida_Brassicales_Brassicaceae_Armoracia_rusticana,300,255,10,30,5,10
1488,07217_Plantae_Tracheophyta_Magnoliopsida_Brassicales_Brassicaceae_Barbarea_orthoceras,223,178,10,30,5,10
1489,07218_Plantae_Tracheophyta_Magnoliopsida_Brassicales_Brassicaceae_Barbarea_vulgaris,300,255,10,30,5,10
1490,07219_Plantae_Tracheophyta_Magnoliopsida_Brassicales_Brassicaceae_Berteroa_incana,300,255,10,30,5,10
1491,07220_Plantae_Tracheophyta_Magnoliopsida_Brassicales_Brassicaceae_Borodinia_laevigata,238,193,10,30,5,10
1492,07221_Plantae_Tracheophyta_Magnoliopsida_Brassicales_Brassicaceae_Brassica_nigra,300,255,10,30,5,10
1493,07222_Plantae_Tracheophyta_Magnoliopsida_Brassicales_Brassicaceae_Brassica_rapa,300,255,10,30,5,10
1494,07223_Plantae_Tracheophyta_Magnoliopsida_Brassicales_Brassicaceae_Brassica_tournefortii,300,255,10,30,5,10
1495,07224_Plantae_Tracheophyta_Magnoliopsida_Brassicales_Brassicaceae_Bunias_orientalis,300,255,10,30,5,10
1496,07225_Plantae_Tracheophyta_Magnoliopsida_Brassicales_Brassicaceae_Cakile_edentula,300,255,10,30,5,10
1497,07226_Plantae_Tracheophyta_Magnoliopsida_Brassicales_Brassicaceae_Cakile_maritima,300,255,10,30,5,10
1498,07227_Plantae_Tracheophyta_Magnoliopsida_Brassicales_Brassicaceae_Capsella_bursa-pastoris,300,255,10,30,5,10
1499,07228_Plantae_Tracheophyta_Magnoliopsida_Brassicales_Brassicaceae_Cardamine_amara,218,173,10,30,5,10
1500,07229_Plantae_Tracheophyta_Magnoliopsida_Brassicales_Brassicaceae_Cardamine_bulbifera,164,119,10,30,5,10
1501,07230_Plantae_Tracheophyta_Magnoliopsida_Brassicales_Brassicaceae_Cardamine_bulbosa,300,255,10,30,5,10
1502,07231_Plantae_Tracheophyta_Magnoliopsida_Brassicales_Brassicaceae_Cardamine_californica,300,255,10,30,5,10
1503,07232_Plantae_Tracheophyta_Magnoliopsida_Brassicales_Brassicaceae_Cardamine_concatenata,300,255,10,30,5,10
1504,07233_Plantae_Tracheophyta_Magnoliopsida_Brassicales_Brassicaceae_Cardamine_diphylla,300,255,10,30,5,10
1505,07234_Plantae_Tracheophyta_Magnoliopsida_Brassicales_Brassicaceae_Cardamine_douglassii,300,255,10,30,5,10
1506,07235_Plantae_Tracheophyta_Magnoliopsida_Brassicales_Brassicaceae_Cardamine_flexuosa,200,155,10,30,5,10
1507,07236_Plantae_Tracheophyta_Magnoliopsida_Brassicales_Brassicaceae_Cardamine_hirsuta,300,255,10,30,5,10
1508,07237_Plantae_Tracheophyta_Magnoliopsida_Brassicales_Brassicaceae_Cardamine_impatiens,300,255,10,30,5,10
1509,07238_Plantae_Tracheophyta_Magnoliopsida_Brassicales_Brassicaceae_Cardamine_nuttallii,194,149,10,30,5,10
1510,07239_Plantae_Tracheophyta_Magnoliopsida_Brassicales_Brassicaceae_Cardamine_pratensis,300,255,10,30,5,10
1511,07240_Plantae_Tracheophyta_Magnoliopsida_Brassicales_Brassicaceae_Caulanthus_lasiophyllus,300,255,10,30,5,10
1512,07241_Plantae_Tracheophyta_Magnoliopsida_Brassicales_Brassicaceae_Chorispora_tenella,300,255,10,30,5,10
1513,07242_Plantae_Tracheophyta_Magnoliopsida_Brassicales_Brassicaceae_Crambe_maritima,196,151,10,30,5,10
1514,07243_Plantae_Tracheophyta_Magnoliopsida_Brassicales_Brassicaceae_Descurainia_pinnata,300,255,10,30,5,10
1515,07244_Plantae_Tracheophyta_Magnoliopsida_Brassicales_Brassicaceae_Descurainia_sophia,300,255,10,30,5,10
1516,07245_Plantae_Tracheophyta_Magnoliopsida_Brassicales_Brassicaceae_Diplotaxis_tenuifolia,300,255,10,30,5,10
1517,07246_Plantae_Tracheophyta_Magnoliopsida_Brassicales_Brassicaceae_Dithyrea_californica,300,255,10,30,5,10
1518,07247_Plantae_Tracheophyta_Magnoliopsida_Brassicales_Brassicaceae_Draba_cuneifolia,270,225,10,30,5,10
1519,07248_Plantae_Tracheophyta_Magnoliopsida_Brassicales_Brassicaceae_Draba_verna,300,255,10,30,5,10
1520,07249_Plantae_Tracheophyta_Magnoliopsida_Brassicales_Brassicaceae_Eruca_vesicaria,174,129,10,30,5,10
1521,07250_Plantae_Tracheophyta_Magnoliopsida_Brassicales_Brassicaceae_Erysimum_capitatum,300,255,10,30,5,10
1522,07251_Plantae_Tracheophyta_Magnoliopsida_Brassicales_Brassicaceae_Erysimum_cheiranthoides,300,255,10,30,5,10
1523,07252_Plantae_Tracheophyta_Magnoliopsida_Brassicales_Brassicaceae_Erysimum_cheiri,160,115,10,30,5,10
1524,07253_Plantae_Tracheophyta_Magnoliopsida_Brassicales_Brassicaceae_Hesperis_matronalis,300,255,10,30,5,10
1525,07254_Plantae_Tracheophyta_Magnoliopsida_Brassicales_Brassicaceae_Hirschfeldia_incana,300,255,10,30,5,10
1526,07255_Plantae_Tracheophyta_Magnoliopsida_Brassicales_Brassicaceae_Lepidium_campestre,253,208,10,30,5,10
1527,07256_Plantae_Tracheophyta_Magnoliopsida_Brassicales_Brassicaceae_Lepidium_densiflorum,225,180,10,30,5,10
1528,07257_Plantae_Tracheophyta_Magnoliopsida_Brassicales_Brassicaceae_Lepidium_didymum,300,255,10,30,5,10
1529,07258_Plantae_Tracheophyta_Magnoliopsida_Brassicales_Brassicaceae_Lepidium_draba,300,255,10,30,5,10
1530,07259_Plantae_Tracheophyta_Magnoliopsida_Brassicales_Brassicaceae_Lepidium_lasiocarpum,226,181,10,30,5,10
1531,07260_Plantae_Tracheophyta_Magnoliopsida_Brassicales_Brassicaceae_Lepidium_latifolium,300,255,10,30,5,10
1532,07261_Plantae_Tracheophyta_Magnoliopsida_Brassicales_Brassicaceae_Lepidium_nitidum,163,118,10,30,5,10
1533,07262_Plantae_Tracheophyta_Magnoliopsida_Brassicales_Brassicaceae_Lepidium_virginicum,300,255,10,30,5,10
1534,07263_Plantae_Tracheophyta_Magnoliopsida_Brassicales_Brassicaceae_Lobularia_maritima,300,255,10,30,5,10
1535,07264_Plantae_Tracheophyta_Magnoliopsida_Brassicales_Brassicaceae_Lunaria_annua,300,255,10,30,5,10
1536,07265_Plantae_Tracheophyta_Magnoliopsida_Brassicales_Brassicaceae_Lunaria_rediviva,249,204,10,30,5,10
1537,07266_Plantae_Tracheophyta_Magnoliopsida_Brassicales_Brassicaceae_Nasturtium_officinale,300,255,10,30,5,10
1538,07267_Plantae_Tracheophyta_Magnoliopsida_Brassicales_Brassicaceae_Physaria_gordonii,188,143,10,30,5,10
1539,07268_Plantae_Tracheophyta_Magnoliopsida_Brassicales_Brassicaceae_Raphanus_raphanistrum,300,255,10,30,5,10
1540,07269_Plantae_Tracheophyta_Magnoliopsida_Brassicales_Brassicaceae_Raphanus_sativus,300,255,10,30,5,10
1541,07270_Plantae_Tracheophyta_Magnoliopsida_Brassicales_Brassicaceae_Rapistrum_rugosum,300,255,10,30,5,10
1542,07271_Plantae_Tracheophyta_Magnoliopsida_Brassicales_Brassicaceae_Rorippa_palustris,300,255,10,30,5,10
1543,07272_Plantae_Tracheophyta_Magnoliopsida_Brassicales_Brassicaceae_Sinapis_arvensis,274,229,10,30,5,10
1544,07273_Plantae_Tracheophyta_Magnoliopsida_Brassicales_Brassicaceae_Sisymbrium_altissimum,300,255,10,30,5,10
1545,07274_Plantae_Tracheophyta_Magnoliopsida_Brassicales_Brassicaceae_Sisymbrium_irio,300,255,10,30,5,10
1546,07275_Plantae_Tracheophyta_Magnoliopsida_Brassicales_Brassicaceae_Sisymbrium_loeselii,300,255,10,30,5,10
1547,07276_Plantae_Tracheophyta_Magnoliopsida_Brassicales_Brassicaceae_Sisymbrium_officinale,300,255,10,30,5,10
1548,07277_Plantae_Tracheophyta_Magnoliopsida_Brassicales_Brassicaceae_Stanleya_pinnata,300,255,10,30,5,10
1549,07278_Plantae_Tracheophyta_Magnoliopsida_Brassicales_Brassicaceae_Streptanthus_glandulosus,300,255,10,30,5,10
1550,07279_Plantae_Tracheophyta_Magnoliopsida_Brassicales_Brassicaceae_Streptanthus_tortuosus,300,255,10,30,5,10
1551,07280_Plantae_Tracheophyta_Magnoliopsida_Brassicales_Brassicaceae_Thlaspi_arvense,300,255,10,30,5,10
1552,07281_Plantae_Tracheophyta_Magnoliopsida_Brassicales_Brassicaceae_Thysanocarpus_curvipes,295,250,10,30,5,10
1553,07282_Plantae_Tracheophyta_Magnoliopsida_Brassicales_Brassicaceae_Turritis_glabra,300,255,10,30,5,10
1554,07283_Plantae_Tracheophyta_Magnoliopsida_Brassicales_Capparaceae_Capparis_spinosa,300,255,10,30,5,10
1555,07284_Plantae_Tracheophyta_Magnoliopsida_Brassicales_Capparaceae_Capparis_zoharyi,300,255,10,30,5,10
1556,07285_Plantae_Tracheophyta_Magnoliopsida_Brassicales_Caricaceae_Carica_papaya,300,255,10,30,5,10
1557,07286_Plantae_Tracheophyta_Magnoliopsida_Brassicales_Cleomaceae_Cleome_rutidosperma,274,229,10,30,5,10
1558,07287_Plantae_Tracheophyta_Magnoliopsida_Brassicales_Cleomaceae_Cleome_viscosa,160,115,10,30,5,10
1559,07288_Plantae_Tracheophyta_Magnoliopsida_Brassicales_Cleomaceae_Peritoma_arborea,300,255,10,30,5,10
1560,07289_Plantae_Tracheophyta_Magnoliopsida_Brassicales_Cleomaceae_Peritoma_serrulata,300,255,10,30,5,10
1561,07290_Plantae_Tracheophyta_Magnoliopsida_Brassicales_Cleomaceae_Polanisia_dodecandra,300,255,10,30,5,10
1562,07291_Plantae_Tracheophyta_Magnoliopsida_Brassicales_Koeberliniaceae_Koeberlinia_spinosa,300,255,10,30,5,10
1563,07292_Plantae_Tracheophyta_Magnoliopsida_Brassicales_Limnanthaceae_Floerkea_proserpinacoides,300,255,10,30,5,10
1564,07293_Plantae_Tracheophyta_Magnoliopsida_Brassicales_Limnanthaceae_Limnanthes_douglasii,172,127,10,30,5,10
1565,07294_Plantae_Tracheophyta_Magnoliopsida_Brassicales_Resedaceae_Reseda_lutea,300,255,10,30,5,10
1566,07295_Plantae_Tracheophyta_Magnoliopsida_Brassicales_Resedaceae_Reseda_luteola,300,255,10,30,5,10
1567,07296_Plantae_Tracheophyta_Magnoliopsida_Brassicales_Tropaeolaceae_Tropaeolum_majus,300,255,10,30,5,10
1568,07297_Plantae_Tracheophyta_Magnoliopsida_Bruniales_Bruniaceae_Brunia_noduliflora,176,131,10,30,5,10
1569,07298_Plantae_Tracheophyta_Magnoliopsida_Buxales_Buxaceae_Pachysandra_terminalis,300,255,10,30,5,10
1570,07299_Plantae_Tracheophyta_Magnoliopsida_Canellales_Winteraceae_Pseudowintera_colorata,300,255,10,30,5,10
1571,07300_Plantae_Tracheophyta_Magnoliopsida_Caryophyllales_Aizoaceae_Carpobrotus_chilensis,300,255,10,30,5,10
1572,07301_Plantae_Tracheophyta_Magnoliopsida_Caryophyllales_Aizoaceae_Carpobrotus_edulis,300,255,10,30,5,10
1573,07302_Plantae_Tracheophyta_Magnoliopsida_Caryophyllales_Aizoaceae_Conicosia_pugioniformis,195,150,10,30,5,10
1574,07303_Plantae_Tracheophyta_Magnoliopsida_Caryophyllales_Aizoaceae_Disphyma_australe,259,214,10,30,5,10
1575,07304_Plantae_Tracheophyta_Magnoliopsida_Caryophyllales_Aizoaceae_Mesembryanthemum_cordifolium,300,255,10,30,5,10
1576,07305_Plantae_Tracheophyta_Magnoliopsida_Caryophyllales_Aizoaceae_Mesembryanthemum_crystallinum,300,255,10,30,5,10
1577,07306_Plantae_Tracheophyta_Magnoliopsida_Caryophyllales_Aizoaceae_Mesembryanthemum_nodiflorum,300,255,10,30,5,10
1578,07307_Plantae_Tracheophyta_Magnoliopsida_Caryophyllales_Aizoaceae_Sesuvium_portulacastrum,300,255,10,30,5,10
1579,07308_Plantae_Tracheophyta_Magnoliopsida_Caryophyllales_Aizoaceae_Tetragonia_implexicoma,300,255,10,30,5,10
1580,07309_Plantae_Tracheophyta_Magnoliopsida_Caryophyllales_Aizoaceae_Tetragonia_tetragonoides,300,255,10,30,5,10
1581,07310_Plantae_Tracheophyta_Magnoliopsida_Caryophyllales_Amaranthaceae_Achyranthes_aspera,163,118,10,30,5,10
1582,07311_Plantae_Tracheophyta_Magnoliopsida_Caryophyllales_Amaranthaceae_Allenrolfea_occidentalis,183,138,10,30,5,10
1583,07312_Plantae_Tracheophyta_Magnoliopsida_Caryophyllales_Amaranthaceae_Alternanthera_philoxeroides,300,255,10,30,5,10
1584,07313_Plantae_Tracheophyta_Magnoliopsida_Caryophyllales_Amaranthaceae_Amaranthus_palmeri,203,158,10,30,5,10
1585,07314_Plantae_Tracheophyta_Magnoliopsida_Caryophyllales_Amaranthaceae_Amaranthus_retroflexus,300,255,10,30,5,10
1586,07315_Plantae_Tracheophyta_Magnoliopsida_Caryophyllales_Amaranthaceae_Atriplex_canescens,300,255,10,30,5,10
1587,07316_Plantae_Tracheophyta_Magnoliopsida_Caryophyllales_Amaranthaceae_Atriplex_hymenelytra,300,255,10,30,5,10
1588,07317_Plantae_Tracheophyta_Magnoliopsida_Caryophyllales_Amaranthaceae_Atriplex_lentiformis,300,255,10,30,5,10
1589,07318_Plantae_Tracheophyta_Magnoliopsida_Caryophyllales_Amaranthaceae_Atriplex_polycarpa,172,127,10,30,5,10
1590,07319_Plantae_Tracheophyta_Magnoliopsida_Caryophyllales_Amaranthaceae_Atriplex_prostrata,300,255,10,30,5,10
1591,07320_Plantae_Tracheophyta_Magnoliopsida_Caryophyllales_Amaranthaceae_Atriplex_sagittata,192,147,10,30,5,10
1592,07321_Plantae_Tracheophyta_Magnoliopsida_Caryophyllales_Amaranthaceae_Atriplex_semibaccata,292,247,10,30,5,10
1593,07322_Plantae_Tracheophyta_Magnoliopsida_Caryophyllales_Amaranthaceae_Bassia_scoparia,300,255,10,30,5,10
1594,07323_Plantae_Tracheophyta_Magnoliopsida_Caryophyllales_Amaranthaceae_Beta_vulgaris,213,168,10,30,5,10
1595,07324_Plantae_Tracheophyta_Magnoliopsida_Caryophyllales_Amaranthaceae_Celosia_argentea,285,240,10,30,5,10
1596,07325_Plantae_Tracheophyta_Magnoliopsida_Caryophyllales_Amaranthaceae_Chenopodiastrum_murale,300,255,10,30,5,10
1597,07326_Plantae_Tracheophyta_Magnoliopsida_Caryophyllales_Amaranthaceae_Chenopodium_album,300,255,10,30,5,10
1598,07327_Plantae_Tracheophyta_Magnoliopsida_Caryophyllales_Amaranthaceae_Dysphania_ambrosioides,256,211,10,30,5,10
1599,07328_Plantae_Tracheophyta_Magnoliopsida_Caryophyllales_Amaranthaceae_Dysphania_pumilio,271,226,10,30,5,10
1600,07329_Plantae_Tracheophyta_Magnoliopsida_Caryophyllales_Amaranthaceae_Froelichia_floridana,172,127,10,30,5,10
1601,07330_Plantae_Tracheophyta_Magnoliopsida_Caryophyllales_Amaranthaceae_Gomphrena_celosioides,171,126,10,30,5,10
1602,07331_Plantae_Tracheophyta_Magnoliopsida_Caryophyllales_Amaranthaceae_Gomphrena_serrata,300,255,10,30,5,10
1603,07332_Plantae_Tracheophyta_Magnoliopsida_Caryophyllales_Amaranthaceae_Grayia_spinosa,248,203,10,30,5,10
1604,07333_Plantae_Tracheophyta_Magnoliopsida_Caryophyllales_Amaranthaceae_Krascheninnikovia_lanata,300,255,10,30,5,10
1605,07334_Plantae_Tracheophyta_Magnoliopsida_Caryophyllales_Amaranthaceae_Oxybasis_glauca,221,176,10,30,5,10
1606,07335_Plantae_Tracheophyta_Magnoliopsida_Caryophyllales_Amaranthaceae_Salicornia_pacifica,300,255,10,30,5,10
1607,07336_Plantae_Tracheophyta_Magnoliopsida_Caryophyllales_Amaranthaceae_Salicornia_quinqueflora,300,255,10,30,5,10
1608,07337_Plantae_Tracheophyta_Magnoliopsida_Caryophyllales_Amaranthaceae_Salsola_kali,194,149,10,30,5,10
1609,07338_Plantae_Tracheophyta_Magnoliopsida_Caryophyllales_Amaranthaceae_Salsola_tragus,300,255,10,30,5,10
1610,07339_Plantae_Tracheophyta_Magnoliopsida_Caryophyllales_Basellaceae_Anredera_cordifolia,226,181,10,30,5,10
1611,07340_Plantae_Tracheophyta_Magnoliopsida_Caryophyllales_Cactaceae_Acanthocereus_tetragonus,300,255,10,30,5,10
1612,07341_Plantae_Tracheophyta_Magnoliopsida_Caryophyllales_Cactaceae_Bergerocactus_emoryi,259,214,10,30,5,10
1613,07342_Plantae_Tracheophyta_Magnoliopsida_Caryophyllales_Cactaceae_Carnegiea_gigantea,300,255,10,30,5,10
1614,07343_Plantae_Tracheophyta_Magnoliopsida_Caryophyllales_Cactaceae_Coryphantha_macromeris,179,134,10,30,5,10
1615,07344_Plantae_Tracheophyta_Magnoliopsida_Caryophyllales_Cactaceae_Coryphantha_sulcata,193,148,10,30,5,10
1616,07345_Plantae_Tracheophyta_Magnoliopsida_Caryophyllales_Cactaceae_Cylindropuntia_acanthocarpa,300,255,10,30,5,10
1617,07346_Plantae_Tracheophyta_Magnoliopsida_Caryophyllales_Cactaceae_Cylindropuntia_bigelovii,300,255,10,30,5,10
1618,07347_Plantae_Tracheophyta_Magnoliopsida_Caryophyllales_Cactaceae_Cylindropuntia_californica,274,229,10,30,5,10
1619,07348_Plantae_Tracheophyta_Magnoliopsida_Caryophyllales_Cactaceae_Cylindropuntia_echinocarpa,300,255,10,30,5,10
1620,07349_Plantae_Tracheophyta_Magnoliopsida_Caryophyllales_Cactaceae_Cylindropuntia_fulgida,300,255,10,30,5,10
1621,07350_Plantae_Tracheophyta_Magnoliopsida_Caryophyllales_Cactaceae_Cylindropuntia_ganderi,300,255,10,30,5,10
1622,07351_Plantae_Tracheophyta_Magnoliopsida_Caryophyllales_Cactaceae_Cylindropuntia_imbricata,300,255,10,30,5,10
1623,07352_Plantae_Tracheophyta_Magnoliopsida_Caryophyllales_Cactaceae_Cylindropuntia_leptocaulis,300,255,10,30,5,10
1624,07353_Plantae_Tracheophyta_Magnoliopsida_Caryophyllales_Cactaceae_Cylindropuntia_prolifera,300,255,10,30,5,10
1625,07354_Plantae_Tracheophyta_Magnoliopsida_Caryophyllales_Cactaceae_Cylindropuntia_ramosissima,300,255,10,30,5,10
1626,07355_Plantae_Tracheophyta_Magnoliopsida_Caryophyllales_Cactaceae_Cylindropuntia_thurberi,300,255,10,30,5,10
1627,07356_Plantae_Tracheophyta_Magnoliopsida_Caryophyllales_Cactaceae_Cylindropuntia_whipplei,192,147,10,30,5,10
1628,07357_Plantae_Tracheophyta_Magnoliopsida_Caryophyllales_Cactaceae_Echinocactus_horizonthalonius,300,255,10,30,5,10
1629,07358_Plantae_Tracheophyta_Magnoliopsida_Caryophyllales_Cactaceae_Echinocactus_platyacanthus,300,255,10,30,5,10
1630,07359_Plantae_Tracheophyta_Magnoliopsida_Caryophyllales_Cactaceae_Echinocereus_bakeri,154,109,10,30,5,10
1631,07360_Plantae_Tracheophyta_Magnoliopsida_Caryophyllales_Cactaceae_Echinocereus_chloranthus,294,249,10,30,5,10
1632,07361_Plantae_Tracheophyta_Magnoliopsida_Caryophyllales_Cactaceae_Echinocereus_coccineus,300,255,10,30,5,10
1633,07362_Plantae_Tracheophyta_Magnoliopsida_Caryophyllales_Cactaceae_Echinocereus_dasyacanthus,300,255,10,30,5,10
1634,07363_Plantae_Tracheophyta_Magnoliopsida_Caryophyllales_Cactaceae_Echinocereus_engelmannii,300,255,10,30,5,10
1635,07364_Plantae_Tracheophyta_Magnoliopsida_Caryophyllales_Cactaceae_Echinocereus_enneacanthus,300,255,10,30,5,10
1636,07365_Plantae_Tracheophyta_Magnoliopsida_Caryophyllales_Cactaceae_Echinocereus_fendleri,261,216,10,30,5,10
1637,07366_Plantae_Tracheophyta_Magnoliopsida_Caryophyllales_Cactaceae_Echinocereus_pectinatus,276,231,10,30,5,10
1638,07367_Plantae_Tracheophyta_Magnoliopsida_Caryophyllales_Cactaceae_Echinocereus_pentalophus,235,190,10,30,5,10
1639,07368_Plantae_Tracheophyta_Magnoliopsida_Caryophyllales_Cactaceae_Echinocereus_reichenbachii,300,255,10,30,5,10
1640,07369_Plantae_Tracheophyta_Magnoliopsida_Caryophyllales_Cactaceae_Echinocereus_rigidissimus,173,128,10,30,5,10
1641,07370_Plantae_Tracheophyta_Magnoliopsida_Caryophyllales_Cactaceae_Echinocereus_santaritensis,153,108,10,30,5,10
1642,07371_Plantae_Tracheophyta_Magnoliopsida_Caryophyllales_Cactaceae_Echinocereus_stramineus,300,255,10,30,5,10
1643,07372_Plantae_Tracheophyta_Magnoliopsida_Caryophyllales_Cactaceae_Echinocereus_triglochidiatus,300,255,10,30,5,10
1644,07373_Plantae_Tracheophyta_Magnoliopsida_Caryophyllales_Cactaceae_Escobaria_missouriensis,300,255,10,30,5,10
1645,07374_Plantae_Tracheophyta_Magnoliopsida_Caryophyllales_Cactaceae_Escobaria_tuberculosa,300,255,10,30,5,10
1646,07375_Plantae_Tracheophyta_Magnoliopsida_Caryophyllales_Cactaceae_Escobaria_vivipara,300,255,10,30,5,10
1647,07376_Plantae_Tracheophyta_Magnoliopsida_Caryophyllales_Cactaceae_Ferocactus_cylindraceus,300,255,10,30,5,10
1648,07377_Plantae_Tracheophyta_Magnoliopsida_Caryophyllales_Cactaceae_Ferocactus_emoryi,178,133,10,30,5,10
1649,07378_Plantae_Tracheophyta_Magnoliopsida_Caryophyllales_Cactaceae_Ferocactus_histrix,279,234,10,30,5,10
1650,07379_Plantae_Tracheophyta_Magnoliopsida_Caryophyllales_Cactaceae_Ferocactus_latispinus,216,171,10,30,5,10
1651,07380_Plantae_Tracheophyta_Magnoliopsida_Caryophyllales_Cactaceae_Ferocactus_viridescens,300,255,10,30,5,10
1652,07381_Plantae_Tracheophyta_Magnoliopsida_Caryophyllales_Cactaceae_Ferocactus_wislizeni,300,255,10,30,5,10
1653,07382_Plantae_Tracheophyta_Magnoliopsida_Caryophyllales_Cactaceae_Hamatocactus_hamatacanthus,300,255,10,30,5,10
1654,07383_Plantae_Tracheophyta_Magnoliopsida_Caryophyllales_Cactaceae_Homalocephala_polycephala,300,255,10,30,5,10
1655,07384_Plantae_Tracheophyta_Magnoliopsida_Caryophyllales_Cactaceae_Homalocephala_texensis,300,255,10,30,5,10
1656,07385_Plantae_Tracheophyta_Magnoliopsida_Caryophyllales_Cactaceae_Lophocereus_schottii,300,255,10,30,5,10
1657,07386_Plantae_Tracheophyta_Magnoliopsida_Caryophyllales_Cactaceae_Lophophora_williamsii,197,152,10,30,5,10
1658,07387_Plantae_Tracheophyta_Magnoliopsida_Caryophyllales_Cactaceae_Mammillaria_dioica,300,255,10,30,5,10
1659,07388_Plantae_Tracheophyta_Magnoliopsida_Caryophyllales_Cactaceae_Mammillaria_grahamii,300,255,10,30,5,10
1660,07389_Plantae_Tracheophyta_Magnoliopsida_Caryophyllales_Cactaceae_Mammillaria_heyderi,300,255,10,30,5,10
1661,07390_Plantae_Tracheophyta_Magnoliopsida_Caryophyllales_Cactaceae_Mammillaria_magnimamma,300,255,10,30,5,10
1662,07391_Plantae_Tracheophyta_Magnoliopsida_Caryophyllales_Cactaceae_Mammillaria_tetrancistra,300,255,10,30,5,10
1663,07392_Plantae_Tracheophyta_Magnoliopsida_Caryophyllales_Cactaceae_Myrtillocactus_geometrizans,300,255,10,30,5,10
1664,07393_Plantae_Tracheophyta_Magnoliopsida_Caryophyllales_Cactaceae_Neolloydia_conoidea,225,180,10,30,5,10
1665,07394_Plantae_Tracheophyta_Magnoliopsida_Caryophyllales_Cactaceae_Opuntia_basilaris,300,255,10,30,5,10
1666,07395_Plantae_Tracheophyta_Magnoliopsida_Caryophyllales_Cactaceae_Opuntia_cespitosa,248,203,10,30,5,10
1667,07396_Plantae_Tracheophyta_Magnoliopsida_Caryophyllales_Cactaceae_Opuntia_chlorotica,300,255,10,30,5,10
1668,07397_Plantae_Tracheophyta_Magnoliopsida_Caryophyllales_Cactaceae_Opuntia_cochenillifera,159,114,10,30,5,10
1669,07398_Plantae_Tracheophyta_Magnoliopsida_Caryophyllales_Cactaceae_Opuntia_decumbens,297,252,10,30,5,10
1670,07399_Plantae_Tracheophyta_Magnoliopsida_Caryophyllales_Cactaceae_Opuntia_engelmannii,300,255,10,30,5,10
1671,07400_Plantae_Tracheophyta_Magnoliopsida_Caryophyllales_Cactaceae_Opuntia_ficus-indica,300,255,10,30,5,10
1672,07401_Plantae_Tracheophyta_Magnoliopsida_Caryophyllales_Cactaceae_Opuntia_fragilis,300,255,10,30,5,10
1673,07402_Plantae_Tracheophyta_Magnoliopsida_Caryophyllales_Cactaceae_Opuntia_humifusa,300,255,10,30,5,10
1674,07403_Plantae_Tracheophyta_Magnoliopsida_Caryophyllales_Cactaceae_Opuntia_lindheimeri,232,187,10,30,5,10
1675,07404_Plantae_Tracheophyta_Magnoliopsida_Caryophyllales_Cactaceae_Opuntia_littoralis,300,255,10,30,5,10
1676,07405_Plantae_Tracheophyta_Magnoliopsida_Caryophyllales_Cactaceae_Opuntia_macrocentra,292,247,10,30,5,10
1677,07406_Plantae_Tracheophyta_Magnoliopsida_Caryophyllales_Cactaceae_Opuntia_macrorhiza,269,224,10,30,5,10
1678,07407_Plantae_Tracheophyta_Magnoliopsida_Caryophyllales_Cactaceae_Opuntia_microdasys,293,248,10,30,5,10
1679,07408_Plantae_Tracheophyta_Magnoliopsida_Caryophyllales_Cactaceae_Opuntia_phaeacantha,300,255,10,30,5,10
1680,07409_Plantae_Tracheophyta_Magnoliopsida_Caryophyllales_Cactaceae_Opuntia_polyacantha,300,255,10,30,5,10
1681,07410_Plantae_Tracheophyta_Magnoliopsida_Caryophyllales_Cactaceae_Opuntia_robusta,300,255,10,30,5,10
1682,07411_Plantae_Tracheophyta_Magnoliopsida_Caryophyllales_Cactaceae_Opuntia_stricta,164,119,10,30,5,10
1683,07412_Plantae_Tracheophyta_Magnoliopsida_Caryophyllales_Cactaceae_Opuntia_tomentosa,300,255,10,30,5,10
1684,07413_Plantae_Tracheophyta_Magnoliopsida_Caryophyllales_Cactaceae_Pachycereus_pecten-aboriginum,300,255,10,30,5,10
1685,07414_Plantae_Tracheophyta_Magnoliopsida_Caryophyllales_Cactaceae_Pachycereus_pringlei,300,255,10,30,5,10
1686,07415_Plantae_Tracheophyta_Magnoliopsida_Caryophyllales_Cactaceae_Pediocactus_simpsonii,214,169,10,30,5,10
1687,07416_Plantae_Tracheophyta_Magnoliopsida_Caryophyllales_Cactaceae_Peniocereus_greggii,179,134,10,30,5,10
1688,07417_Plantae_Tracheophyta_Magnoliopsida_Caryophyllales_Cactaceae_Selenicereus_undatus,208,163,10,30,5,10
1689,07418_Plantae_Tracheophyta_Magnoliopsida_Caryophyllales_Cactaceae_Stenocereus_gummosus,176,131,10,30,5,10
1690,07419_Plantae_Tracheophyta_Magnoliopsida_Caryophyllales_Cactaceae_Stenocereus_thurberi,300,255,10,30,5,10
1691,07420_Plantae_Tracheophyta_Magnoliopsida_Caryophyllales_Caryophyllaceae_Achyronychia_cooperi,220,175,10,30,5,10
1692,07421_Plantae_Tracheophyta_Magnoliopsida_Caryophyllales_Caryophyllaceae_Arenaria_serpyllifolia,300,255,10,30,5,10
1693,07422_Plantae_Tracheophyta_Magnoliopsida_Caryophyllales_Caryophyllaceae_Cardionema_ramosissimum,239,194,10,30,5,10
1694,07423_Plantae_Tracheophyta_Magnoliopsida_Caryophyllales_Caryophyllaceae_Cerastium_arvense,300,255,10,30,5,10
1695,07424_Plantae_Tracheophyta_Magnoliopsida_Caryophyllales_Caryophyllaceae_Cerastium_fontanum,300,255,10,30,5,10
1696,07425_Plantae_Tracheophyta_Magnoliopsida_Caryophyllales_Caryophyllaceae_Cerastium_glomeratum,300,255,10,30,5,10
1697,07426_Plantae_Tracheophyta_Magnoliopsida_Caryophyllales_Caryophyllaceae_Dianthus_armeria,300,255,10,30,5,10
1698,07427_Plantae_Tracheophyta_Magnoliopsida_Caryophyllales_Caryophyllaceae_Dianthus_barbatus,258,213,10,30,5,10
1699,07428_Plantae_Tracheophyta_Magnoliopsida_Caryophyllales_Caryophyllaceae_Dianthus_carthusianorum,300,255,10,30,5,10
1700,07429_Plantae_Tracheophyta_Magnoliopsida_Caryophyllales_Caryophyllaceae_Dianthus_chinensis,300,255,10,30,5,10
1701,07430_Plantae_Tracheophyta_Magnoliopsida_Caryophyllales_Caryophyllaceae_Dianthus_deltoides,300,255,10,30,5,10
1702,07431_Plantae_Tracheophyta_Magnoliopsida_Caryophyllales_Caryophyllaceae_Dianthus_superbus,300,255,10,30,5,10
1703,07432_Plantae_Tracheophyta_Magnoliopsida_Caryophyllales_Caryophyllaceae_Drymaria_cordata,248,203,10,30,5,10
1704,07433_Plantae_Tracheophyta_Magnoliopsida_Caryophyllales_Caryophyllaceae_Herniaria_glabra,291,246,10,30,5,10
1705,07434_Plantae_Tracheophyta_Magnoliopsida_Caryophyllales_Caryophyllaceae_Honckenya_peploides,300,255,10,30,5,10
1706,07435_Plantae_Tracheophyta_Magnoliopsida_Caryophyllales_Caryophyllaceae_Moehringia_lateriflora,300,255,10,30,5,10
1707,07436_Plantae_Tracheophyta_Magnoliopsida_Caryophyllales_Caryophyllaceae_Moehringia_macrophylla,163,118,10,30,5,10
1708,07437_Plantae_Tracheophyta_Magnoliopsida_Caryophyllales_Caryophyllaceae_Moehringia_trinervia,170,125,10,30,5,10
1709,07438_Plantae_Tracheophyta_Magnoliopsida_Caryophyllales_Caryophyllaceae_Mononeuria_groenlandica,207,162,10,30,5,10
1710,07439_Plantae_Tracheophyta_Magnoliopsida_Caryophyllales_Caryophyllaceae_Petrorhagia_dubia,257,212,10,30,5,10
1711,07440_Plantae_Tracheophyta_Magnoliopsida_Caryophyllales_Caryophyllaceae_Polycarpon_tetraphyllum,300,255,10,30,5,10
1712,07441_Plantae_Tracheophyta_Magnoliopsida_Caryophyllales_Caryophyllaceae_Rabelera_holostea,300,255,10,30,5,10
1713,07442_Plantae_Tracheophyta_Magnoliopsida_Caryophyllales_Caryophyllaceae_Sabulina_michauxii,168,123,10,30,5,10
1714,07443_Plantae_Tracheophyta_Magnoliopsida_Caryophyllales_Caryophyllaceae_Sagina_procumbens,300,255,10,30,5,10
1715,07444_Plantae_Tracheophyta_Magnoliopsida_Caryophyllales_Caryophyllaceae_Saponaria_ocymoides,153,108,10,30,5,10
1716,07445_Plantae_Tracheophyta_Magnoliopsida_Caryophyllales_Caryophyllaceae_Saponaria_officinalis,300,255,10,30,5,10
1717,07446_Plantae_Tracheophyta_Magnoliopsida_Caryophyllales_Caryophyllaceae_Scleranthus_annuus,231,186,10,30,5,10
1718,07447_Plantae_Tracheophyta_Magnoliopsida_Caryophyllales_Caryophyllaceae_Silene_acaulis,300,255,10,30,5,10
1719,07448_Plantae_Tracheophyta_Magnoliopsida_Caryophyllales_Caryophyllaceae_Silene_antirrhina,192,147,10,30,5,10
1720,07449_Plantae_Tracheophyta_Magnoliopsida_Caryophyllales_Caryophyllaceae_Silene_coronaria,300,255,10,30,5,10
1721,07450_Plantae_Tracheophyta_Magnoliopsida_Caryophyllales_Caryophyllaceae_Silene_dioica,300,255,10,30,5,10
1722,07451_Plantae_Tracheophyta_Magnoliopsida_Caryophyllales_Caryophyllaceae_Silene_flos-cuculi,300,255,10,30,5,10
1723,07452_Plantae_Tracheophyta_Magnoliopsida_Caryophyllales_Caryophyllaceae_Silene_gallica,300,255,10,30,5,10
1724,07453_Plantae_Tracheophyta_Magnoliopsida_Caryophyllales_Caryophyllaceae_Silene_laciniata,300,255,10,30,5,10
1725,07454_Plantae_Tracheophyta_Magnoliopsida_Caryophyllales_Caryophyllaceae_Silene_latifolia,300,255,10,30,5,10
1726,07455_Plantae_Tracheophyta_Magnoliopsida_Caryophyllales_Caryophyllaceae_Silene_nutans,300,255,10,30,5,10
1727,07456_Plantae_Tracheophyta_Magnoliopsida_Caryophyllales_Caryophyllaceae_Silene_regia,185,140,10,30,5,10
1728,07457_Plantae_Tracheophyta_Magnoliopsida_Caryophyllales_Caryophyllaceae_Silene_stellata,300,255,10,30,5,10
1729,07458_Plantae_Tracheophyta_Magnoliopsida_Caryophyllales_Caryophyllaceae_Silene_uniflora,300,255,10,30,5,10
1730,07459_Plantae_Tracheophyta_Magnoliopsida_Caryophyllales_Caryophyllaceae_Silene_virginica,300,255,10,30,5,10
1731,07460_Plantae_Tracheophyta_Magnoliopsida_Caryophyllales_Caryophyllaceae_Silene_vulgaris,300,255,10,30,5,10
1732,07461_Plantae_Tracheophyta_Magnoliopsida_Caryophyllales_Caryophyllaceae_Spergula_arvensis,243,198,10,30,5,10
1733,07462_Plantae_Tracheophyta_Magnoliopsida_Caryophyllales_Caryophyllaceae_Spergularia_rubra,300,255,10,30,5,10
1734,07463_Plantae_Tracheophyta_Magnoliopsida_Caryophyllales_Caryophyllaceae_Stellaria_aquatica,300,255,10,30,5,10
1735,07464_Plantae_Tracheophyta_Magnoliopsida_Caryophyllales_Caryophyllaceae_Stellaria_graminea,300,255,10,30,5,10
1736,07465_Plantae_Tracheophyta_Magnoliopsida_Caryophyllales_Caryophyllaceae_Stellaria_media,300,255,10,30,5,10
1737,07466_Plantae_Tracheophyta_Magnoliopsida_Caryophyllales_Caryophyllaceae_Stellaria_nemorum,269,224,10,30,5,10
1738,07467_Plantae_Tracheophyta_Magnoliopsida_Caryophyllales_Caryophyllaceae_Stellaria_pubera,300,255,10,30,5,10
1739,07468_Plantae_Tracheophyta_Magnoliopsida_Caryophyllales_Caryophyllaceae_Viscaria_vulgaris,300,255,10,30,5,10
1740,07469_Plantae_Tracheophyta_Magnoliopsida_Caryophyllales_Didiereaceae_Portulacaria_afra,206,161,10,30,5,10
1741,07470_Plantae_Tracheophyta_Magnoliopsida_Caryophyllales_Droseraceae_Drosera_aberrans,155,110,10,30,5,10
1742,07471_Plantae_Tracheophyta_Magnoliopsida_Caryophyllales_Droseraceae_Drosera_anglica,300,255,10,30,5,10
1743,07472_Plantae_Tracheophyta_Magnoliopsida_Caryophyllales_Droseraceae_Drosera_arcturi,164,119,10,30,5,10
1744,07473_Plantae_Tracheophyta_Magnoliopsida_Caryophyllales_Droseraceae_Drosera_auriculata,300,255,10,30,5,10
1745,07474_Plantae_Tracheophyta_Magnoliopsida_Caryophyllales_Droseraceae_Drosera_brevifolia,300,255,10,30,5,10
1746,07475_Plantae_Tracheophyta_Magnoliopsida_Caryophyllales_Droseraceae_Drosera_capillaris,300,255,10,30,5,10
1747,07476_Plantae_Tracheophyta_Magnoliopsida_Caryophyllales_Droseraceae_Drosera_cistiflora,211,166,10,30,5,10
1748,07477_Plantae_Tracheophyta_Magnoliopsida_Caryophyllales_Droseraceae_Drosera_intermedia,300,255,10,30,5,10
1749,07478_Plantae_Tracheophyta_Magnoliopsida_Caryophyllales_Droseraceae_Drosera_planchonii,182,137,10,30,5,10
1750,07479_Plantae_Tracheophyta_Magnoliopsida_Caryophyllales_Droseraceae_Drosera_rotundifolia,300,255,10,30,5,10
1751,07480_Plantae_Tracheophyta_Magnoliopsida_Caryophyllales_Droseraceae_Drosera_spatulata,300,255,10,30,5,10
1752,07481_Plantae_Tracheophyta_Magnoliopsida_Caryophyllales_Droseraceae_Drosera_whittakeri,300,255,10,30,5,10
1753,07482_Plantae_Tracheophyta_Magnoliopsida_Caryophyllales_Frankeniaceae_Frankenia_salina,300,255,10,30,5,10
1754,07483_Plantae_Tracheophyta_Magnoliopsida_Caryophyllales_Molluginaceae_Mollugo_verticillata,300,255,10,30,5,10
1755,07484_Plantae_Tracheophyta_Magnoliopsida_Caryophyllales_Montiaceae_Calandrinia_menziesii,300,255,10,30,5,10
1756,07485_Plantae_Tracheophyta_Magnoliopsida_Caryophyllales_Montiaceae_Calyptridium_monandrum,264,219,10,30,5,10
1757,07486_Plantae_Tracheophyta_Magnoliopsida_Caryophyllales_Montiaceae_Calyptridium_monospermum,300,255,10,30,5,10
1758,07487_Plantae_Tracheophyta_Magnoliopsida_Caryophyllales_Montiaceae_Calyptridium_umbellatum,242,197,10,30,5,10
1759,07488_Plantae_Tracheophyta_Magnoliopsida_Caryophyllales_Montiaceae_Claytonia_caroliniana,300,255,10,30,5,10
1760,07489_Plantae_Tracheophyta_Magnoliopsida_Caryophyllales_Montiaceae_Claytonia_lanceolata,300,255,10,30,5,10
1761,07490_Plantae_Tracheophyta_Magnoliopsida_Caryophyllales_Montiaceae_Claytonia_parviflora,202,157,10,30,5,10
1762,07491_Plantae_Tracheophyta_Magnoliopsida_Caryophyllales_Montiaceae_Claytonia_perfoliata,300,255,10,30,5,10
1763,07492_Plantae_Tracheophyta_Magnoliopsida_Caryophyllales_Montiaceae_Claytonia_rubra,172,127,10,30,5,10
1764,07493_Plantae_Tracheophyta_Magnoliopsida_Caryophyllales_Montiaceae_Claytonia_sibirica,300,255,10,30,5,10
1765,07494_Plantae_Tracheophyta_Magnoliopsida_Caryophyllales_Montiaceae_Claytonia_virginica,300,255,10,30,5,10
1766,07495_Plantae_Tracheophyta_Magnoliopsida_Caryophyllales_Montiaceae_Lewisia_rediviva,300,255,10,30,5,10
1767,07496_Plantae_Tracheophyta_Magnoliopsida_Caryophyllales_Montiaceae_Montia_parvifolia,248,203,10,30,5,10
1768,07497_Plantae_Tracheophyta_Magnoliopsida_Caryophyllales_Nyctaginaceae_Abronia_latifolia,300,255,10,30,5,10
1769,07498_Plantae_Tracheophyta_Magnoliopsida_Caryophyllales_Nyctaginaceae_Abronia_maritima,300,255,10,30,5,10
1770,07499_Plantae_Tracheophyta_Magnoliopsida_Caryophyllales_Nyctaginaceae_Abronia_umbellata,300,255,10,30,5,10
1771,07500_Plantae_Tracheophyta_Magnoliopsida_Caryophyllales_Nyctaginaceae_Abronia_villosa,300,255,10,30,5,10
1772,07501_Plantae_Tracheophyta_Magnoliopsida_Caryophyllales_Nyctaginaceae_Allionia_incarnata,300,255,10,30,5,10
1773,07502_Plantae_Tracheophyta_Magnoliopsida_Caryophyllales_Nyctaginaceae_Boerhavia_coccinea,300,255,10,30,5,10
1774,07503_Plantae_Tracheophyta_Magnoliopsida_Caryophyllales_Nyctaginaceae_Mirabilis_jalapa,300,255,10,30,5,10
1775,07504_Plantae_Tracheophyta_Magnoliopsida_Caryophyllales_Nyctaginaceae_Mirabilis_laevis,300,255,10,30,5,10
1776,07505_Plantae_Tracheophyta_Magnoliopsida_Caryophyllales_Nyctaginaceae_Mirabilis_multiflora,300,255,10,30,5,10
1777,07506_Plantae_Tracheophyta_Magnoliopsida_Caryophyllales_Nyctaginaceae_Mirabilis_nyctaginea,300,255,10,30,5,10
1778,07507_Plantae_Tracheophyta_Magnoliopsida_Caryophyllales_Petiveriaceae_Rivina_humilis,300,255,10,30,5,10
1779,07508_Plantae_Tracheophyta_Magnoliopsida_Caryophyllales_Phytolaccaceae_Phytolacca_americana,300,255,10,30,5,10
1780,07509_Plantae_Tracheophyta_Magnoliopsida_Caryophyllales_Phytolaccaceae_Phytolacca_icosandra,177,132,10,30,5,10
1781,07510_Plantae_Tracheophyta_Magnoliopsida_Caryophyllales_Phytolaccaceae_Phytolacca_octandra,273,228,10,30,5,10
1782,07511_Plantae_Tracheophyta_Magnoliopsida_Caryophyllales_Plumbaginaceae_Armeria_maritima,300,255,10,30,5,10
1783,07512_Plantae_Tracheophyta_Magnoliopsida_Caryophyllales_Plumbaginaceae_Limonium_carolinianum,266,221,10,30,5,10
1784,07513_Plantae_Tracheophyta_Magnoliopsida_Caryophyllales_Plumbaginaceae_Limonium_perezii,300,255,10,30,5,10
1785,07514_Plantae_Tracheophyta_Magnoliopsida_Caryophyllales_Plumbaginaceae_Limonium_sinuatum,197,152,10,30,5,10
1786,07515_Plantae_Tracheophyta_Magnoliopsida_Caryophyllales_Plumbaginaceae_Plumbago_auriculata,300,255,10,30,5,10
1787,07516_Plantae_Tracheophyta_Magnoliopsida_Caryophyllales_Plumbaginaceae_Plumbago_zeylanica,192,147,10,30,5,10
1788,07517_Plantae_Tracheophyta_Magnoliopsida_Caryophyllales_Polygonaceae_Antigonon_leptopus,300,255,10,30,5,10
1789,07518_Plantae_Tracheophyta_Magnoliopsida_Caryophyllales_Polygonaceae_Bistorta_bistortoides,300,255,10,30,5,10
1790,07519_Plantae_Tracheophyta_Magnoliopsida_Caryophyllales_Polygonaceae_Bistorta_officinalis,300,255,10,30,5,10
1791,07520_Plantae_Tracheophyta_Magnoliopsida_Caryophyllales_Polygonaceae_Bistorta_vivipara,300,255,10,30,5,10
1792,07521_Plantae_Tracheophyta_Magnoliopsida_Caryophyllales_Polygonaceae_Chorizanthe_brevicornu,199,154,10,30,5,10
1793,07522_Plantae_Tracheophyta_Magnoliopsida_Caryophyllales_Polygonaceae_Chorizanthe_fimbriata,204,159,10,30,5,10
1794,07523_Plantae_Tracheophyta_Magnoliopsida_Caryophyllales_Polygonaceae_Chorizanthe_rigida,300,255,10,30,5,10
1795,07524_Plantae_Tracheophyta_Magnoliopsida_Caryophyllales_Polygonaceae_Coccoloba_uvifera,300,255,10,30,5,10
1796,07525_Plantae_Tracheophyta_Magnoliopsida_Caryophyllales_Polygonaceae_Eriogonum_cinereum,300,255,10,30,5,10
1797,07526_Plantae_Tracheophyta_Magnoliopsida_Caryophyllales_Polygonaceae_Eriogonum_deflexum,211,166,10,30,5,10
1798,07527_Plantae_Tracheophyta_Magnoliopsida_Caryophyllales_Polygonaceae_Eriogonum_fasciculatum,300,255,10,30,5,10
1799,07528_Plantae_Tracheophyta_Magnoliopsida_Caryophyllales_Polygonaceae_Eriogonum_inflatum,300,255,10,30,5,10
1800,07529_Plantae_Tracheophyta_Magnoliopsida_Caryophyllales_Polygonaceae_Eriogonum_latifolium,300,255,10,30,5,10
1801,07530_Plantae_Tracheophyta_Magnoliopsida_Caryophyllales_Polygonaceae_Eriogonum_longifolium,166,121,10,30,5,10
1802,07531_Plantae_Tracheophyta_Magnoliopsida_Caryophyllales_Polygonaceae_Eriogonum_nudum,300,255,10,30,5,10
1803,07532_Plantae_Tracheophyta_Magnoliopsida_Caryophyllales_Polygonaceae_Eriogonum_ovalifolium,300,255,10,30,5,10
1804,07533_Plantae_Tracheophyta_Magnoliopsida_Caryophyllales_Polygonaceae_Eriogonum_parvifolium,300,255,10,30,5,10
1805,07534_Plantae_Tracheophyta_Magnoliopsida_Caryophyllales_Polygonaceae_Eriogonum_umbellatum,300,255,10,30,5,10
1806,07535_Plantae_Tracheophyta_Magnoliopsida_Caryophyllales_Polygonaceae_Eriogonum_wrightii,300,255,10,30,5,10
1807,07536_Plantae_Tracheophyta_Magnoliopsida_Caryophyllales_Polygonaceae_Fallopia_cilinodis,244,199,10,30,5,10
1808,07537_Plantae_Tracheophyta_Magnoliopsida_Caryophyllales_Polygonaceae_Fallopia_convolvulus,300,255,10,30,5,10
1809,07538_Plantae_Tracheophyta_Magnoliopsida_Caryophyllales_Polygonaceae_Fallopia_dumetorum,154,109,10,30,5,10
1810,07539_Plantae_Tracheophyta_Magnoliopsida_Caryophyllales_Polygonaceae_Fallopia_scandens,232,187,10,30,5,10
1811,07540_Plantae_Tracheophyta_Magnoliopsida_Caryophyllales_Polygonaceae_Muehlenbeckia_australis,300,255,10,30,5,10
1812,07541_Plantae_Tracheophyta_Magnoliopsida_Caryophyllales_Polygonaceae_Muehlenbeckia_axillaris,270,225,10,30,5,10
1813,07542_Plantae_Tracheophyta_Magnoliopsida_Caryophyllales_Polygonaceae_Muehlenbeckia_complexa,300,255,10,30,5,10
1814,07543_Plantae_Tracheophyta_Magnoliopsida_Caryophyllales_Polygonaceae_Oxyria_digyna,300,255,10,30,5,10
1815,07544_Plantae_Tracheophyta_Magnoliopsida_Caryophyllales_Polygonaceae_Persicaria_amphibia,300,255,10,30,5,10
1816,07545_Plantae_Tracheophyta_Magnoliopsida_Caryophyllales_Polygonaceae_Persicaria_arifolia,300,255,10,30,5,10
1817,07546_Plantae_Tracheophyta_Magnoliopsida_Caryophyllales_Polygonaceae_Persicaria_capitata,300,255,10,30,5,10
1818,07547_Plantae_Tracheophyta_Magnoliopsida_Caryophyllales_Polygonaceae_Persicaria_chinensis,300,255,10,30,5,10
1819,07548_Plantae_Tracheophyta_Magnoliopsida_Caryophyllales_Polygonaceae_Persicaria_hydropiper,272,227,10,30,5,10
1820,07549_Plantae_Tracheophyta_Magnoliopsida_Caryophyllales_Polygonaceae_Persicaria_hydropiperoides,281,236,10,30,5,10
1821,07550_Plantae_Tracheophyta_Magnoliopsida_Caryophyllales_Polygonaceae_Persicaria_lapathifolia,300,255,10,30,5,10
1822,07551_Plantae_Tracheophyta_Magnoliopsida_Caryophyllales_Polygonaceae_Persicaria_longiseta,300,255,10,30,5,10
1823,07552_Plantae_Tracheophyta_Magnoliopsida_Caryophyllales_Polygonaceae_Persicaria_maculosa,300,255,10,30,5,10
1824,07553_Plantae_Tracheophyta_Magnoliopsida_Caryophyllales_Polygonaceae_Persicaria_pensylvanica,300,255,10,30,5,10
1825,07554_Plantae_Tracheophyta_Magnoliopsida_Caryophyllales_Polygonaceae_Persicaria_perfoliata,300,255,10,30,5,10
1826,07555_Plantae_Tracheophyta_Magnoliopsida_Caryophyllales_Polygonaceae_Persicaria_punctata,172,127,10,30,5,10
1827,07556_Plantae_Tracheophyta_Magnoliopsida_Caryophyllales_Polygonaceae_Persicaria_sagittata,300,255,10,30,5,10
1828,07557_Plantae_Tracheophyta_Magnoliopsida_Caryophyllales_Polygonaceae_Persicaria_virginiana,300,255,10,30,5,10
1829,07558_Plantae_Tracheophyta_Magnoliopsida_Caryophyllales_Polygonaceae_Polygonum_aviculare,300,255,10,30,5,10
1830,07559_Plantae_Tracheophyta_Magnoliopsida_Caryophyllales_Polygonaceae_Polygonum_paronychia,235,190,10,30,5,10
1831,07560_Plantae_Tracheophyta_Magnoliopsida_Caryophyllales_Polygonaceae_Pterostegia_drymarioides,265,220,10,30,5,10
1832,07561_Plantae_Tracheophyta_Magnoliopsida_Caryophyllales_Polygonaceae_Reynoutria_japonica,300,255,10,30,5,10
1833,07562_Plantae_Tracheophyta_Magnoliopsida_Caryophyllales_Polygonaceae_Reynoutria_sachalinensis,159,114,10,30,5,10
1834,07563_Plantae_Tracheophyta_Magnoliopsida_Caryophyllales_Polygonaceae_Rumex_acetosa,300,255,10,30,5,10
1835,07564_Plantae_Tracheophyta_Magnoliopsida_Caryophyllales_Polygonaceae_Rumex_acetosella,300,255,10,30,5,10
1836,07565_Plantae_Tracheophyta_Magnoliopsida_Caryophyllales_Polygonaceae_Rumex_confertus,296,251,10,30,5,10
1837,07566_Plantae_Tracheophyta_Magnoliopsida_Caryophyllales_Polygonaceae_Rumex_crispus,300,255,10,30,5,10
1838,07567_Plantae_Tracheophyta_Magnoliopsida_Caryophyllales_Polygonaceae_Rumex_hymenosepalus,285,240,10,30,5,10
1839,07568_Plantae_Tracheophyta_Magnoliopsida_Caryophyllales_Polygonaceae_Rumex_maritimus,155,110,10,30,5,10
1840,07569_Plantae_Tracheophyta_Magnoliopsida_Caryophyllales_Polygonaceae_Rumex_obtusifolius,300,255,10,30,5,10
1841,07570_Plantae_Tracheophyta_Magnoliopsida_Caryophyllales_Portulacaceae_Portulaca_oleracea,300,255,10,30,5,10
1842,07571_Plantae_Tracheophyta_Magnoliopsida_Caryophyllales_Portulacaceae_Portulaca_pilosa,300,255,10,30,5,10
1843,07572_Plantae_Tracheophyta_Magnoliopsida_Caryophyllales_Sarcobataceae_Sarcobatus_vermiculatus,157,112,10,30,5,10
1844,07573_Plantae_Tracheophyta_Magnoliopsida_Caryophyllales_Simmondsiaceae_Simmondsia_chinensis,300,255,10,30,5,10
1845,07574_Plantae_Tracheophyta_Magnoliopsida_Caryophyllales_Talinaceae_Talinum_paniculatum,223,178,10,30,5,10
1846,07575_Plantae_Tracheophyta_Magnoliopsida_Caryophyllales_Tamaricaceae_Tamarix_ramosissima,300,255,10,30,5,10
1847,07576_Plantae_Tracheophyta_Magnoliopsida_Celastrales_Celastraceae_Canotia_holacantha,184,139,10,30,5,10
1848,07577_Plantae_Tracheophyta_Magnoliopsida_Celastrales_Celastraceae_Celastrus_orbiculatus,300,255,10,30,5,10
1849,07578_Plantae_Tracheophyta_Magnoliopsida_Celastrales_Celastraceae_Celastrus_scandens,300,255,10,30,5,10
1850,07579_Plantae_Tracheophyta_Magnoliopsida_Celastrales_Celastraceae_Euonymus_alatus,300,255,10,30,5,10
1851,07580_Plantae_Tracheophyta_Magnoliopsida_Celastrales_Celastraceae_Euonymus_americanus,300,255,10,30,5,10
1852,07581_Plantae_Tracheophyta_Magnoliopsida_Celastrales_Celastraceae_Euonymus_atropurpureus,203,158,10,30,5,10
1853,07582_Plantae_Tracheophyta_Magnoliopsida_Celastrales_Celastraceae_Euonymus_europaeus,300,255,10,30,5,10
1854,07583_Plantae_Tracheophyta_Magnoliopsida_Celastrales_Celastraceae_Euonymus_fortunei,300,255,10,30,5,10
1855,07584_Plantae_Tracheophyta_Magnoliopsida_Celastrales_Celastraceae_Euonymus_japonicus,168,123,10,30,5,10
1856,07585_Plantae_Tracheophyta_Magnoliopsida_Celastrales_Celastraceae_Euonymus_obovatus,300,255,10,30,5,10
1857,07586_Plantae_Tracheophyta_Magnoliopsida_Celastrales_Celastraceae_Euonymus_verrucosus,300,255,10,30,5,10
1858,07587_Plantae_Tracheophyta_Magnoliopsida_Celastrales_Celastraceae_Parnassia_fimbriata,300,255,10,30,5,10
1859,07588_Plantae_Tracheophyta_Magnoliopsida_Celastrales_Celastraceae_Parnassia_glauca,300,255,10,30,5,10
1860,07589_Plantae_Tracheophyta_Magnoliopsida_Celastrales_Celastraceae_Parnassia_palustris,300,255,10,30,5,10
1861,07590_Plantae_Tracheophyta_Magnoliopsida_Celastrales_Celastraceae_Paxistima_myrsinites,300,255,10,30,5,10
1862,07591_Plantae_Tracheophyta_Magnoliopsida_Celastrales_Celastraceae_Pterocelastrus_tricuspidatus,177,132,10,30,5,10
1863,07592_Plantae_Tracheophyta_Magnoliopsida_Ceratophyllales_Ceratophyllaceae_Ceratophyllum_demersum,300,255,10,30,5,10
1864,07593_Plantae_Tracheophyta_Magnoliopsida_Cornales_Cornaceae_Cornus_alba,156,111,10,30,5,10
1865,07594_Plantae_Tracheophyta_Magnoliopsida_Cornales_Cornaceae_Cornus_alternifolia,300,255,10,30,5,10
1866,07595_Plantae_Tracheophyta_Magnoliopsida_Cornales_Cornaceae_Cornus_amomum,300,255,10,30,5,10
1867,07596_Plantae_Tracheophyta_Magnoliopsida_Cornales_Cornaceae_Cornus_canadensis,300,255,10,30,5,10
1868,07597_Plantae_Tracheophyta_Magnoliopsida_Cornales_Cornaceae_Cornus_drummondii,300,255,10,30,5,10
1869,07598_Plantae_Tracheophyta_Magnoliopsida_Cornales_Cornaceae_Cornus_florida,300,255,10,30,5,10
1870,07599_Plantae_Tracheophyta_Magnoliopsida_Cornales_Cornaceae_Cornus_mas,300,255,10,30,5,10
1871,07600_Plantae_Tracheophyta_Magnoliopsida_Cornales_Cornaceae_Cornus_nuttallii,300,255,10,30,5,10
1872,07601_Plantae_Tracheophyta_Magnoliopsida_Cornales_Cornaceae_Cornus_racemosa,300,255,10,30,5,10
1873,07602_Plantae_Tracheophyta_Magnoliopsida_Cornales_Cornaceae_Cornus_rugosa,300,255,10,30,5,10
1874,07603_Plantae_Tracheophyta_Magnoliopsida_Cornales_Cornaceae_Cornus_sanguinea,300,255,10,30,5,10
1875,07604_Plantae_Tracheophyta_Magnoliopsida_Cornales_Cornaceae_Cornus_sericea,300,255,10,30,5,10
1876,07605_Plantae_Tracheophyta_Magnoliopsida_Cornales_Cornaceae_Cornus_suecica,300,255,10,30,5,10
1877,07606_Plantae_Tracheophyta_Magnoliopsida_Cornales_Cornaceae_Cornus_unalaschkensis,300,255,10,30,5,10
1878,07607_Plantae_Tracheophyta_Magnoliopsida_Cornales_Hydrangeaceae_Hydrangea_arborescens,300,255,10,30,5,10
1879,07608_Plantae_Tracheophyta_Magnoliopsida_Cornales_Hydrangeaceae_Hydrangea_macrophylla,202,157,10,30,5,10
1880,07609_Plantae_Tracheophyta_Magnoliopsida_Cornales_Hydrangeaceae_Hydrangea_quercifolia,300,255,10,30,5,10
1881,07610_Plantae_Tracheophyta_Magnoliopsida_Cornales_Hydrangeaceae_Philadelphus_lewisii,261,216,10,30,5,10
1882,07611_Plantae_Tracheophyta_Magnoliopsida_Cornales_Loasaceae_Cevallia_sinuata,178,133,10,30,5,10
1883,07612_Plantae_Tracheophyta_Magnoliopsida_Cornales_Loasaceae_Eucnide_urens,161,116,10,30,5,10
1884,07613_Plantae_Tracheophyta_Magnoliopsida_Cornales_Loasaceae_Mentzelia_hispida,215,170,10,30,5,10
1885,07614_Plantae_Tracheophyta_Magnoliopsida_Cornales_Loasaceae_Mentzelia_involucrata,300,255,10,30,5,10
1886,07615_Plantae_Tracheophyta_Magnoliopsida_Cornales_Loasaceae_Mentzelia_laevicaulis,300,255,10,30,5,10
1887,07616_Plantae_Tracheophyta_Magnoliopsida_Cornales_Loasaceae_Petalonyx_thurberi,289,244,10,30,5,10
1888,07617_Plantae_Tracheophyta_Magnoliopsida_Cornales_Nyssaceae_Nyssa_sylvatica,300,255,10,30,5,10
1889,07618_Plantae_Tracheophyta_Magnoliopsida_Crossosomatales_Staphyleaceae_Staphylea_trifolia,300,255,10,30,5,10
1890,07619_Plantae_Tracheophyta_Magnoliopsida_Cucurbitales_Coriariaceae_Coriaria_arborea,273,228,10,30,5,10
1891,07620_Plantae_Tracheophyta_Magnoliopsida_Cucurbitales_Corynocarpaceae_Corynocarpus_laevigatus,300,255,10,30,5,10
1892,07621_Plantae_Tracheophyta_Magnoliopsida_Cucurbitales_Cucurbitaceae_Brandegea_bigelovii,182,137,10,30,5,10
1893,07622_Plantae_Tracheophyta_Magnoliopsida_Cucurbitales_Cucurbitaceae_Bryonia_cretica,300,255,10,30,5,10
1894,07623_Plantae_Tracheophyta_Magnoliopsida_Cucurbitales_Cucurbitaceae_Cucurbita_foetidissima,300,255,10,30,5,10
1895,07624_Plantae_Tracheophyta_Magnoliopsida_Cucurbitales_Cucurbitaceae_Cucurbita_palmata,214,169,10,30,5,10
1896,07625_Plantae_Tracheophyta_Magnoliopsida_Cucurbitales_Cucurbitaceae_Ecballium_elaterium,290,245,10,30,5,10
1897,07626_Plantae_Tracheophyta_Magnoliopsida_Cucurbitales_Cucurbitaceae_Echinocystis_lobata,300,255,10,30,5,10
1898,07627_Plantae_Tracheophyta_Magnoliopsida_Cucurbitales_Cucurbitaceae_Ibervillea_lindheimeri,251,206,10,30,5,10
1899,07628_Plantae_Tracheophyta_Magnoliopsida_Cucurbitales_Cucurbitaceae_Marah_fabacea,300,255,10,30,5,10
1900,07629_Plantae_Tracheophyta_Magnoliopsida_Cucurbitales_Cucurbitaceae_Marah_macrocarpa,300,255,10,30,5,10
1901,07630_Plantae_Tracheophyta_Magnoliopsida_Cucurbitales_Cucurbitaceae_Marah_oregana,300,255,10,30,5,10
1902,07631_Plantae_Tracheophyta_Magnoliopsida_Cucurbitales_Cucurbitaceae_Melothria_pendula,300,255,10,30,5,10
1903,07632_Plantae_Tracheophyta_Magnoliopsida_Cucurbitales_Cucurbitaceae_Momordica_charantia,300,255,10,30,5,10
1904,07633_Plantae_Tracheophyta_Magnoliopsida_Cucurbitales_Cucurbitaceae_Sicyos_angulatus,300,255,10,30,5,10
1905,07634_Plantae_Tracheophyta_Magnoliopsida_Dipsacales_Caprifoliaceae_Centranthus_ruber,300,255,10,30,5,10
1906,07635_Plantae_Tracheophyta_Magnoliopsida_Dipsacales_Caprifoliaceae_Diervilla_lonicera,300,255,10,30,5,10
1907,07636_Plantae_Tracheophyta_Magnoliopsida_Dipsacales_Caprifoliaceae_Dipsacus_fullonum,300,255,10,30,5,10
1908,07637_Plantae_Tracheophyta_Magnoliopsida_Dipsacales_Caprifoliaceae_Dipsacus_laciniatus,300,255,10,30,5,10
1909,07638_Plantae_Tracheophyta_Magnoliopsida_Dipsacales_Caprifoliaceae_Dipsacus_sativus,300,255,10,30,5,10
1910,07639_Plantae_Tracheophyta_Magnoliopsida_Dipsacales_Caprifoliaceae_Knautia_arvensis,300,255,10,30,5,10
1911,07640_Plantae_Tracheophyta_Magnoliopsida_Dipsacales_Caprifoliaceae_Leycesteria_formosa,300,255,10,30,5,10
1912,07641_Plantae_Tracheophyta_Magnoliopsida_Dipsacales_Caprifoliaceae_Linnaea_borealis,300,255,10,30,5,10
1913,07642_Plantae_Tracheophyta_Magnoliopsida_Dipsacales_Caprifoliaceae_Lonicera_albiflora,162,117,10,30,5,10
1914,07643_Plantae_Tracheophyta_Magnoliopsida_Dipsacales_Caprifoliaceae_Lonicera_canadensis,300,255,10,30,5,10
1915,07644_Plantae_Tracheophyta_Magnoliopsida_Dipsacales_Caprifoliaceae_Lonicera_ciliosa,300,255,10,30,5,10
1916,07645_Plantae_Tracheophyta_Magnoliopsida_Dipsacales_Caprifoliaceae_Lonicera_dioica,300,255,10,30,5,10
1917,07646_Plantae_Tracheophyta_Magnoliopsida_Dipsacales_Caprifoliaceae_Lonicera_hispidula,300,255,10,30,5,10
1918,07647_Plantae_Tracheophyta_Magnoliopsida_Dipsacales_Caprifoliaceae_Lonicera_involucrata,300,255,10,30,5,10
1919,07648_Plantae_Tracheophyta_Magnoliopsida_Dipsacales_Caprifoliaceae_Lonicera_japonica,300,255,10,30,5,10
1920,07649_Plantae_Tracheophyta_Magnoliopsida_Dipsacales_Caprifoliaceae_Lonicera_maackii,300,255,10,30,5,10
1921,07650_Plantae_Tracheophyta_Magnoliopsida_Dipsacales_Caprifoliaceae_Lonicera_morrowii,300,255,10,30,5,10
1922,07651_Plantae_Tracheophyta_Magnoliopsida_Dipsacales_Caprifoliaceae_Lonicera_periclymenum,300,255,10,30,5,10
1923,07652_Plantae_Tracheophyta_Magnoliopsida_Dipsacales_Caprifoliaceae_Lonicera_sempervirens,300,255,10,30,5,10
1924,07653_Plantae_Tracheophyta_Magnoliopsida_Dipsacales_Caprifoliaceae_Lonicera_subspicata,300,255,10,30,5,10
1925,07654_Plantae_Tracheophyta_Magnoliopsida_Dipsacales_Caprifoliaceae_Lonicera_tatarica,300,255,10,30,5,10
1926,07655_Plantae_Tracheophyta_Magnoliopsida_Dipsacales_Caprifoliaceae_Lonicera_xylosteum,300,255,10,30,5,10
1927,07656_Plantae_Tracheophyta_Magnoliopsida_Dipsacales_Caprifoliaceae_Plectritis_congesta,300,255,10,30,5,10
1928,07657_Plantae_Tracheophyta_Magnoliopsida_Dipsacales_Caprifoliaceae_Scabiosa_columbaria,198,153,10,30,5,10
1929,07658_Plantae_Tracheophyta_Magnoliopsida_Dipsacales_Caprifoliaceae_Scabiosa_ochroleuca,223,178,10,30,5,10
1930,07659_Plantae_Tracheophyta_Magnoliopsida_Dipsacales_Caprifoliaceae_Sixalix_atropurpurea,300,255,10,30,5,10
1931,07660_Plantae_Tracheophyta_Magnoliopsida_Dipsacales_Caprifoliaceae_Succisa_pratensis,300,255,10,30,5,10
1932,07661_Plantae_Tracheophyta_Magnoliopsida_Dipsacales_Caprifoliaceae_Symphoricarpos_albus,300,255,10,30,5,10
1933,07662_Plantae_Tracheophyta_Magnoliopsida_Dipsacales_Caprifoliaceae_Symphoricarpos_mollis,178,133,10,30,5,10
1934,07663_Plantae_Tracheophyta_Magnoliopsida_Dipsacales_Caprifoliaceae_Symphoricarpos_occidentalis,300,255,10,30,5,10
1935,07664_Plantae_Tracheophyta_Magnoliopsida_Dipsacales_Caprifoliaceae_Symphoricarpos_orbiculatus,300,255,10,30,5,10
1936,07665_Plantae_Tracheophyta_Magnoliopsida_Dipsacales_Caprifoliaceae_Symphoricarpos_rotundifolius,181,136,10,30,5,10
1937,07666_Plantae_Tracheophyta_Magnoliopsida_Dipsacales_Caprifoliaceae_Triosteum_aurantiacum,300,255,10,30,5,10
1938,07667_Plantae_Tracheophyta_Magnoliopsida_Dipsacales_Caprifoliaceae_Valeriana_officinalis,300,255,10,30,5,10
1939,07668_Plantae_Tracheophyta_Magnoliopsida_Dipsacales_Caprifoliaceae_Valeriana_sitchensis,300,255,10,30,5,10
1940,07669_Plantae_Tracheophyta_Magnoliopsida_Dipsacales_Caprifoliaceae_Valerianella_locusta,165,120,10,30,5,10
1941,07670_Plantae_Tracheophyta_Magnoliopsida_Dipsacales_Caprifoliaceae_Valerianella_radiata,300,255,10,30,5,10
1942,07671_Plantae_Tracheophyta_Magnoliopsida_Dipsacales_Viburnaceae_Adoxa_moschatellina,260,215,10,30,5,10
1943,07672_Plantae_Tracheophyta_Magnoliopsida_Dipsacales_Viburnaceae_Sambucus_canadensis,300,255,10,30,5,10
1944,07673_Plantae_Tracheophyta_Magnoliopsida_Dipsacales_Viburnaceae_Sambucus_cerulea,300,255,10,30,5,10
1945,07674_Plantae_Tracheophyta_Magnoliopsida_Dipsacales_Viburnaceae_Sambucus_ebulus,300,255,10,30,5,10
1946,07675_Plantae_Tracheophyta_Magnoliopsida_Dipsacales_Viburnaceae_Sambucus_javanica,196,151,10,30,5,10
1947,07676_Plantae_Tracheophyta_Magnoliopsida_Dipsacales_Viburnaceae_Sambucus_nigra,300,255,10,30,5,10
1948,07677_Plantae_Tracheophyta_Magnoliopsida_Dipsacales_Viburnaceae_Sambucus_racemosa,300,255,10,30,5,10
1949,07678_Plantae_Tracheophyta_Magnoliopsida_Dipsacales_Viburnaceae_Viburnum_acerifolium,300,255,10,30,5,10
1950,07679_Plantae_Tracheophyta_Magnoliopsida_Dipsacales_Viburnaceae_Viburnum_dentatum,300,255,10,30,5,10
1951,07680_Plantae_Tracheophyta_Magnoliopsida_Dipsacales_Viburnaceae_Viburnum_edule,300,255,10,30,5,10
1952,07681_Plantae_Tracheophyta_Magnoliopsida_Dipsacales_Viburnaceae_Viburnum_lantana,300,255,10,30,5,10
1953,07682_Plantae_Tracheophyta_Magnoliopsida_Dipsacales_Viburnaceae_Viburnum_lantanoides,300,255,10,30,5,10
1954,07683_Plantae_Tracheophyta_Magnoliopsida_Dipsacales_Viburnaceae_Viburnum_lentago,300,255,10,30,5,10
1955,07684_Plantae_Tracheophyta_Magnoliopsida_Dipsacales_Viburnaceae_Viburnum_nudum,300,255,10,30,5,10
1956,07685_Plantae_Tracheophyta_Magnoliopsida_Dipsacales_Viburnaceae_Viburnum_opulus,300,255,10,30,5,10
1957,07686_Plantae_Tracheophyta_Magnoliopsida_Dipsacales_Viburnaceae_Viburnum_prunifolium,300,255,10,30,5,10
1958,07687_Plantae_Tracheophyta_Magnoliopsida_Dipsacales_Viburnaceae_Viburnum_rafinesquianum,261,216,10,30,5,10
1959,07688_Plantae_Tracheophyta_Magnoliopsida_Dipsacales_Viburnaceae_Viburnum_rhytidophyllum,211,166,10,30,5,10
1960,07689_Plantae_Tracheophyta_Magnoliopsida_Dipsacales_Viburnaceae_Viburnum_rufidulum,300,255,10,30,5,10
1961,07690_Plantae_Tracheophyta_Magnoliopsida_Dipsacales_Viburnaceae_Viburnum_tinus,214,169,10,30,5,10
1962,07691_Plantae_Tracheophyta_Magnoliopsida_Ericales_Balsaminaceae_Impatiens_balfourii,169,124,10,30,5,10
1963,07692_Plantae_Tracheophyta_Magnoliopsida_Ericales_Balsaminaceae_Impatiens_capensis,300,255,10,30,5,10
1964,07693_Plantae_Tracheophyta_Magnoliopsida_Ericales_Balsaminaceae_Impatiens_glandulifera,300,255,10,30,5,10
1965,07694_Plantae_Tracheophyta_Magnoliopsida_Ericales_Balsaminaceae_Impatiens_noli-tangere,300,255,10,30,5,10
1966,07695_Plantae_Tracheophyta_Magnoliopsida_Ericales_Balsaminaceae_Impatiens_pallida,300,255,10,30,5,10
1967,07696_Plantae_Tracheophyta_Magnoliopsida_Ericales_Balsaminaceae_Impatiens_parviflora,300,255,10,30,5,10
1968,07697_Plantae_Tracheophyta_Magnoliopsida_Ericales_Balsaminaceae_Impatiens_walleriana,300,255,10,30,5,10
1969,07698_Plantae_Tracheophyta_Magnoliopsida_Ericales_Clethraceae_Clethra_alnifolia,300,255,10,30,5,10
1970,07699_Plantae_Tracheophyta_Magnoliopsida_Ericales_Cyrillaceae_Cyrilla_racemiflora,267,222,10,30,5,10
1971,07700_Plantae_Tracheophyta_Magnoliopsida_Ericales_Diapensiaceae_Diapensia_lapponica,300,255,10,30,5,10
1972,07701_Plantae_Tracheophyta_Magnoliopsida_Ericales_Diapensiaceae_Galax_urceolata,300,255,10,30,5,10
1973,07702_Plantae_Tracheophyta_Magnoliopsida_Ericales_Ebenaceae_Diospyros_texana,300,255,10,30,5,10
1974,07703_Plantae_Tracheophyta_Magnoliopsida_Ericales_Ebenaceae_Diospyros_virginiana,300,255,10,30,5,10
1975,07704_Plantae_Tracheophyta_Magnoliopsida_Ericales_Ericaceae_Allotropa_virgata,230,185,10,30,5,10
1976,07705_Plantae_Tracheophyta_Magnoliopsida_Ericales_Ericaceae_Andromeda_polifolia,300,255,10,30,5,10
1977,07706_Plantae_Tracheophyta_Magnoliopsida_Ericales_Ericaceae_Arbutus_menziesii,300,255,10,30,5,10
1978,07707_Plantae_Tracheophyta_Magnoliopsida_Ericales_Ericaceae_Arbutus_unedo,300,255,10,30,5,10
1979,07708_Plantae_Tracheophyta_Magnoliopsida_Ericales_Ericaceae_Arbutus_xalapensis,300,255,10,30,5,10
1980,07709_Plantae_Tracheophyta_Magnoliopsida_Ericales_Ericaceae_Arctostaphylos_glauca,300,255,10,30,5,10
1981,07710_Plantae_Tracheophyta_Magnoliopsida_Ericales_Ericaceae_Arctostaphylos_nevadensis,223,178,10,30,5,10
1982,07711_Plantae_Tracheophyta_Magnoliopsida_Ericales_Ericaceae_Arctostaphylos_patula,300,255,10,30,5,10
1983,07712_Plantae_Tracheophyta_Magnoliopsida_Ericales_Ericaceae_Arctostaphylos_pungens,300,255,10,30,5,10
1984,07713_Plantae_Tracheophyta_Magnoliopsida_Ericales_Ericaceae_Arctostaphylos_uva-ursi,300,255,10,30,5,10
1985,07714_Plantae_Tracheophyta_Magnoliopsida_Ericales_Ericaceae_Arctous_alpina,283,238,10,30,5,10
1986,07715_Plantae_Tracheophyta_Magnoliopsida_Ericales_Ericaceae_Calluna_vulgaris,300,255,10,30,5,10
1987,07716_Plantae_Tracheophyta_Magnoliopsida_Ericales_Ericaceae_Cassiope_mertensiana,300,255,10,30,5,10
1988,07717_Plantae_Tracheophyta_Magnoliopsida_Ericales_Ericaceae_Cassiope_tetragona,262,217,10,30,5,10
1989,07718_Plantae_Tracheophyta_Magnoliopsida_Ericales_Ericaceae_Ceratiola_ericoides,192,147,10,30,5,10
1990,07719_Plantae_Tracheophyta_Magnoliopsida_Ericales_Ericaceae_Chamaedaphne_calyculata,300,255,10,30,5,10
1991,07720_Plantae_Tracheophyta_Magnoliopsida_Ericales_Ericaceae_Chimaphila_maculata,300,255,10,30,5,10
1992,07721_Plantae_Tracheophyta_Magnoliopsida_Ericales_Ericaceae_Chimaphila_menziesii,243,198,10,30,5,10
1993,07722_Plantae_Tracheophyta_Magnoliopsida_Ericales_Ericaceae_Chimaphila_umbellata,300,255,10,30,5,10
1994,07723_Plantae_Tracheophyta_Magnoliopsida_Ericales_Ericaceae_Dracophyllum_longifolium,153,108,10,30,5,10
1995,07724_Plantae_Tracheophyta_Magnoliopsida_Ericales_Ericaceae_Elliottia_pyroliflora,160,115,10,30,5,10
1996,07725_Plantae_Tracheophyta_Magnoliopsida_Ericales_Ericaceae_Empetrum_nigrum,300,255,10,30,5,10
1997,07726_Plantae_Tracheophyta_Magnoliopsida_Ericales_Ericaceae_Epacris_impressa,300,255,10,30,5,10
1998,07727_Plantae_Tracheophyta_Magnoliopsida_Ericales_Ericaceae_Epigaea_repens,300,255,10,30,5,10
1999,07728_Plantae_Tracheophyta_Magnoliopsida_Ericales_Ericaceae_Erica_abietina,300,255,10,30,5,10
2000,07729_Plantae_Tracheophyta_Magnoliopsida_Ericales_Ericaceae_Erica_arborea,231,186,10,30,5,10
2001,07730_Plantae_Tracheophyta_Magnoliopsida_Ericales_Ericaceae_Erica_cerinthoides,300,255,10,30,5,10
2002,07731_Plantae_Tracheophyta_Magnoliopsida_Ericales_Ericaceae_Erica_cinerea,300,255,10,30,5,10
2003,07732_Plantae_Tracheophyta_Magnoliopsida_Ericales_Ericaceae_Erica_coccinea,251,206,10,30,5,10
2004,07733_Plantae_Tracheophyta_Magnoliopsida_Ericales_Ericaceae_Erica_corifolia,157,112,10,30,5,10
2005,07734_Plantae_Tracheophyta_Magnoliopsida_Ericales_Ericaceae_Erica_discolor,251,206,10,30,5,10
2006,07735_Plantae_Tracheophyta_Magnoliopsida_Ericales_Ericaceae_Erica_imbricata,190,145,10,30,5,10
2007,07736_Plantae_Tracheophyta_Magnoliopsida_Ericales_Ericaceae_Erica_lusitanica,168,123,10,30,5,10
2008,07737_Plantae_Tracheophyta_Magnoliopsida_Ericales_Ericaceae_Erica_plukenetii,300,255,10,30,5,10
2009,07738_Plantae_Tracheophyta_Magnoliopsida_Ericales_Ericaceae_Erica_tetralix,264,219,10,30,5,10
2010,07739_Plantae_Tracheophyta_Magnoliopsida_Ericales_Ericaceae_Erica_viscaria,260,215,10,30,5,10
2011,07740_Plantae_Tracheophyta_Magnoliopsida_Ericales_Ericaceae_Gaultheria_antipoda,210,165,10,30,5,10
2012,07741_Plantae_Tracheophyta_Magnoliopsida_Ericales_Ericaceae_Gaultheria_depressa,189,144,10,30,5,10
2013,07742_Plantae_Tracheophyta_Magnoliopsida_Ericales_Ericaceae_Gaultheria_hispidula,300,255,10,30,5,10
2014,07743_Plantae_Tracheophyta_Magnoliopsida_Ericales_Ericaceae_Gaultheria_procumbens,300,255,10,30,5,10
2015,07744_Plantae_Tracheophyta_Magnoliopsida_Ericales_Ericaceae_Gaultheria_shallon,300,255,10,30,5,10
2016,07745_Plantae_Tracheophyta_Magnoliopsida_Ericales_Ericaceae_Gaylussacia_baccata,300,255,10,30,5,10
2017,07746_Plantae_Tracheophyta_Magnoliopsida_Ericales_Ericaceae_Kalmia_angustifolia,300,255,10,30,5,10
2018,07747_Plantae_Tracheophyta_Magnoliopsida_Ericales_Ericaceae_Kalmia_latifolia,300,255,10,30,5,10
2019,07748_Plantae_Tracheophyta_Magnoliopsida_Ericales_Ericaceae_Kalmia_microphylla,300,255,10,30,5,10
2020,07749_Plantae_Tracheophyta_Magnoliopsida_Ericales_Ericaceae_Kalmia_polifolia,300,255,10,30,5,10
2021,07750_Plantae_Tracheophyta_Magnoliopsida_Ericales_Ericaceae_Kalmia_procumbens,300,255,10,30,5,10
2022,07751_Plantae_Tracheophyta_Magnoliopsida_Ericales_Ericaceae_Leptecophylla_juniperina,300,255,10,30,5,10
2023,07752_Plantae_Tracheophyta_Magnoliopsida_Ericales_Ericaceae_Leptecophylla_tameiameiae,213,168,10,30,5,10
2024,07753_Plantae_Tracheophyta_Magnoliopsida_Ericales_Ericaceae_Leucopogon_fasciculatus,300,255,10,30,5,10
2025,07754_Plantae_Tracheophyta_Magnoliopsida_Ericales_Ericaceae_Leucopogon_fraseri,289,244,10,30,5,10
2026,07755_Plantae_Tracheophyta_Magnoliopsida_Ericales_Ericaceae_Leucothoe_fontanesiana,197,152,10,30,5,10
2027,07756_Plantae_Tracheophyta_Magnoliopsida_Ericales_Ericaceae_Lyonia_lucida,250,205,10,30,5,10
2028,07757_Plantae_Tracheophyta_Magnoliopsida_Ericales_Ericaceae_Moneses_uniflora,300,255,10,30,5,10
2029,07758_Plantae_Tracheophyta_Magnoliopsida_Ericales_Ericaceae_Monotropa_hypopitys,300,255,10,30,5,10
2030,07759_Plantae_Tracheophyta_Magnoliopsida_Ericales_Ericaceae_Monotropa_uniflora,300,255,10,30,5,10
2031,07760_Plantae_Tracheophyta_Magnoliopsida_Ericales_Ericaceae_Orthilia_secunda,300,255,10,30,5,10
2032,07761_Plantae_Tracheophyta_Magnoliopsida_Ericales_Ericaceae_Oxydendrum_arboreum,300,255,10,30,5,10
2033,07762_Plantae_Tracheophyta_Magnoliopsida_Ericales_Ericaceae_Pentachondra_pumila,214,169,10,30,5,10
2034,07763_Plantae_Tracheophyta_Magnoliopsida_Ericales_Ericaceae_Phyllodoce_breweri,300,255,10,30,5,10
2035,07764_Plantae_Tracheophyta_Magnoliopsida_Ericales_Ericaceae_Phyllodoce_empetriformis,300,255,10,30,5,10
2036,07765_Plantae_Tracheophyta_Magnoliopsida_Ericales_Ericaceae_Pterospora_andromedea,300,255,10,30,5,10
2037,07766_Plantae_Tracheophyta_Magnoliopsida_Ericales_Ericaceae_Pyrola_americana,300,255,10,30,5,10
2038,07767_Plantae_Tracheophyta_Magnoliopsida_Ericales_Ericaceae_Pyrola_asarifolia,300,255,10,30,5,10
2039,07768_Plantae_Tracheophyta_Magnoliopsida_Ericales_Ericaceae_Pyrola_chlorantha,204,159,10,30,5,10
2040,07769_Plantae_Tracheophyta_Magnoliopsida_Ericales_Ericaceae_Pyrola_elliptica,300,255,10,30,5,10
2041,07770_Plantae_Tracheophyta_Magnoliopsida_Ericales_Ericaceae_Pyrola_minor,256,211,10,30,5,10
2042,07771_Plantae_Tracheophyta_Magnoliopsida_Ericales_Ericaceae_Pyrola_picta,300,255,10,30,5,10
2043,07772_Plantae_Tracheophyta_Magnoliopsida_Ericales_Ericaceae_Pyrola_rotundifolia,300,255,10,30,5,10
2044,07773_Plantae_Tracheophyta_Magnoliopsida_Ericales_Ericaceae_Rhododendron_albiflorum,266,221,10,30,5,10
2045,07774_Plantae_Tracheophyta_Magnoliopsida_Ericales_Ericaceae_Rhododendron_calendulaceum,220,175,10,30,5,10
2046,07775_Plantae_Tracheophyta_Magnoliopsida_Ericales_Ericaceae_Rhododendron_canadense,300,255,10,30,5,10
2047,07776_Plantae_Tracheophyta_Magnoliopsida_Ericales_Ericaceae_Rhododendron_canescens,266,221,10,30,5,10
2048,07777_Plantae_Tracheophyta_Magnoliopsida_Ericales_Ericaceae_Rhododendron_columbianum,300,255,10,30,5,10
2049,07778_Plantae_Tracheophyta_Magnoliopsida_Ericales_Ericaceae_Rhododendron_ferrugineum,300,255,10,30,5,10
2050,07779_Plantae_Tracheophyta_Magnoliopsida_Ericales_Ericaceae_Rhododendron_groenlandicum,300,255,10,30,5,10
2051,07780_Plantae_Tracheophyta_Magnoliopsida_Ericales_Ericaceae_Rhododendron_lapponicum,293,248,10,30,5,10
2052,07781_Plantae_Tracheophyta_Magnoliopsida_Ericales_Ericaceae_Rhododendron_macrophyllum,300,255,10,30,5,10
2053,07782_Plantae_Tracheophyta_Magnoliopsida_Ericales_Ericaceae_Rhododendron_maximum,300,255,10,30,5,10
2054,07783_Plantae_Tracheophyta_Magnoliopsida_Ericales_Ericaceae_Rhododendron_menziesii,300,255,10,30,5,10
2055,07784_Plantae_Tracheophyta_Magnoliopsida_Ericales_Ericaceae_Rhododendron_occidentale,300,255,10,30,5,10
2056,07785_Plantae_Tracheophyta_Magnoliopsida_Ericales_Ericaceae_Rhododendron_periclymenoides,300,255,10,30,5,10
2057,07786_Plantae_Tracheophyta_Magnoliopsida_Ericales_Ericaceae_Rhododendron_tomentosum,300,255,10,30,5,10
2058,07787_Plantae_Tracheophyta_Magnoliopsida_Ericales_Ericaceae_Sarcodes_sanguinea,300,255,10,30,5,10
2059,07788_Plantae_Tracheophyta_Magnoliopsida_Ericales_Ericaceae_Vaccinium_angustifolium,300,255,10,30,5,10
2060,07789_Plantae_Tracheophyta_Magnoliopsida_Ericales_Ericaceae_Vaccinium_arboreum,300,255,10,30,5,10
2061,07790_Plantae_Tracheophyta_Magnoliopsida_Ericales_Ericaceae_Vaccinium_corymbosum,300,255,10,30,5,10
2062,07791_Plantae_Tracheophyta_Magnoliopsida_Ericales_Ericaceae_Vaccinium_macrocarpon,300,255,10,30,5,10
2063,07792_Plantae_Tracheophyta_Magnoliopsida_Ericales_Ericaceae_Vaccinium_membranaceum,168,123,10,30,5,10
2064,07793_Plantae_Tracheophyta_Magnoliopsida_Ericales_Ericaceae_Vaccinium_myrtilloides,300,255,10,30,5,10
2065,07794_Plantae_Tracheophyta_Magnoliopsida_Ericales_Ericaceae_Vaccinium_myrtillus,300,255,10,30,5,10
2066,07795_Plantae_Tracheophyta_Magnoliopsida_Ericales_Ericaceae_Vaccinium_ovalifolium,273,228,10,30,5,10
2067,07796_Plantae_Tracheophyta_Magnoliopsida_Ericales_Ericaceae_Vaccinium_ovatum,300,255,10,30,5,10
2068,07797_Plantae_Tracheophyta_Magnoliopsida_Ericales_Ericaceae_Vaccinium_oxycoccos,300,255,10,30,5,10
2069,07798_Plantae_Tracheophyta_Magnoliopsida_Ericales_Ericaceae_Vaccinium_parvifolium,300,255,10,30,5,10
2070,07799_Plantae_Tracheophyta_Magnoliopsida_Ericales_Ericaceae_Vaccinium_stamineum,300,255,10,30,5,10
2071,07800_Plantae_Tracheophyta_Magnoliopsida_Ericales_Ericaceae_Vaccinium_uliginosum,300,255,10,30,5,10
2072,07801_Plantae_Tracheophyta_Magnoliopsida_Ericales_Ericaceae_Vaccinium_vitis-idaea,300,255,10,30,5,10
2073,07802_Plantae_Tracheophyta_Magnoliopsida_Ericales_Ericaceae_Xylococcus_bicolor,300,255,10,30,5,10
2074,07803_Plantae_Tracheophyta_Magnoliopsida_Ericales_Fouquieriaceae_Fouquieria_splendens,300,255,10,30,5,10
2075,07804_Plantae_Tracheophyta_Magnoliopsida_Ericales_Polemoniaceae_Aliciella_latifolia,287,242,10,30,5,10
2076,07805_Plantae_Tracheophyta_Magnoliopsida_Ericales_Polemoniaceae_Collomia_grandiflora,300,255,10,30,5,10
2077,07806_Plantae_Tracheophyta_Magnoliopsida_Ericales_Polemoniaceae_Collomia_heterophylla,226,181,10,30,5,10
2078,07807_Plantae_Tracheophyta_Magnoliopsida_Ericales_Polemoniaceae_Collomia_linearis,249,204,10,30,5,10
2079,07808_Plantae_Tracheophyta_Magnoliopsida_Ericales_Polemoniaceae_Eriastrum_densifolium,168,123,10,30,5,10
2080,07809_Plantae_Tracheophyta_Magnoliopsida_Ericales_Polemoniaceae_Eriastrum_eremicum,233,188,10,30,5,10
2081,07810_Plantae_Tracheophyta_Magnoliopsida_Ericales_Polemoniaceae_Gilia_capitata,300,255,10,30,5,10
2082,07811_Plantae_Tracheophyta_Magnoliopsida_Ericales_Polemoniaceae_Gilia_stellata,182,137,10,30,5,10
2083,07812_Plantae_Tracheophyta_Magnoliopsida_Ericales_Polemoniaceae_Gilia_tricolor,300,255,10,30,5,10
2084,07813_Plantae_Tracheophyta_Magnoliopsida_Ericales_Polemoniaceae_Ipomopsis_aggregata,300,255,10,30,5,10
2085,07814_Plantae_Tracheophyta_Magnoliopsida_Ericales_Polemoniaceae_Ipomopsis_longiflora,206,161,10,30,5,10
2086,07815_Plantae_Tracheophyta_Magnoliopsida_Ericales_Polemoniaceae_Ipomopsis_rubra,300,255,10,30,5,10
2087,07816_Plantae_Tracheophyta_Magnoliopsida_Ericales_Polemoniaceae_Langloisia_setosissima,300,255,10,30,5,10
2088,07817_Plantae_Tracheophyta_Magnoliopsida_Ericales_Polemoniaceae_Leptosiphon_bicolor,188,143,10,30,5,10
2089,07818_Plantae_Tracheophyta_Magnoliopsida_Ericales_Polemoniaceae_Leptosiphon_ciliatus,300,255,10,30,5,10
2090,07819_Plantae_Tracheophyta_Magnoliopsida_Ericales_Polemoniaceae_Leptosiphon_nuttallii,199,154,10,30,5,10
2091,07820_Plantae_Tracheophyta_Magnoliopsida_Ericales_Polemoniaceae_Leptosiphon_parviflorus,300,255,10,30,5,10
2092,07821_Plantae_Tracheophyta_Magnoliopsida_Ericales_Polemoniaceae_Linanthus_californicus,283,238,10,30,5,10
2093,07822_Plantae_Tracheophyta_Magnoliopsida_Ericales_Polemoniaceae_Linanthus_dianthiflorus,300,255,10,30,5,10
2094,07823_Plantae_Tracheophyta_Magnoliopsida_Ericales_Polemoniaceae_Linanthus_pungens,298,253,10,30,5,10
2095,07824_Plantae_Tracheophyta_Magnoliopsida_Ericales_Polemoniaceae_Loeselia_mexicana,247,202,10,30,5,10
2096,07825_Plantae_Tracheophyta_Magnoliopsida_Ericales_Polemoniaceae_Loeseliastrum_matthewsii,172,127,10,30,5,10
2097,07826_Plantae_Tracheophyta_Magnoliopsida_Ericales_Polemoniaceae_Microsteris_gracilis,300,255,10,30,5,10
2098,07827_Plantae_Tracheophyta_Magnoliopsida_Ericales_Polemoniaceae_Navarretia_squarrosa,300,255,10,30,5,10
2099,07828_Plantae_Tracheophyta_Magnoliopsida_Ericales_Polemoniaceae_Phlox_diffusa,300,255,10,30,5,10
2100,07829_Plantae_Tracheophyta_Magnoliopsida_Ericales_Polemoniaceae_Phlox_divaricata,300,255,10,30,5,10
2101,07830_Plantae_Tracheophyta_Magnoliopsida_Ericales_Polemoniaceae_Phlox_drummondii,300,255,10,30,5,10
2102,07831_Plantae_Tracheophyta_Magnoliopsida_Ericales_Polemoniaceae_Phlox_hoodii,300,255,10,30,5,10
2103,07832_Plantae_Tracheophyta_Magnoliopsida_Ericales_Polemoniaceae_Phlox_longifolia,300,255,10,30,5,10
2104,07833_Plantae_Tracheophyta_Magnoliopsida_Ericales_Polemoniaceae_Phlox_paniculata,300,255,10,30,5,10
2105,07834_Plantae_Tracheophyta_Magnoliopsida_Ericales_Polemoniaceae_Phlox_pilosa,300,255,10,30,5,10
2106,07835_Plantae_Tracheophyta_Magnoliopsida_Ericales_Polemoniaceae_Phlox_roemeriana,159,114,10,30,5,10
2107,07836_Plantae_Tracheophyta_Magnoliopsida_Ericales_Polemoniaceae_Phlox_subulata,276,231,10,30,5,10
2108,07837_Plantae_Tracheophyta_Magnoliopsida_Ericales_Polemoniaceae_Polemonium_acutiflorum,183,138,10,30,5,10
2109,07838_Plantae_Tracheophyta_Magnoliopsida_Ericales_Polemoniaceae_Polemonium_caeruleum,300,255,10,30,5,10
2110,07839_Plantae_Tracheophyta_Magnoliopsida_Ericales_Polemoniaceae_Polemonium_californicum,153,108,10,30,5,10
2111,07840_Plantae_Tracheophyta_Magnoliopsida_Ericales_Polemoniaceae_Polemonium_pulcherrimum,300,255,10,30,5,10
2112,07841_Plantae_Tracheophyta_Magnoliopsida_Ericales_Polemoniaceae_Polemonium_reptans,300,255,10,30,5,10
2113,07842_Plantae_Tracheophyta_Magnoliopsida_Ericales_Polemoniaceae_Polemonium_viscosum,174,129,10,30,5,10
2114,07843_Plantae_Tracheophyta_Magnoliopsida_Ericales_Primulaceae_Androsace_septentrionalis,227,182,10,30,5,10
2115,07844_Plantae_Tracheophyta_Magnoliopsida_Ericales_Primulaceae_Ardisia_crenata,284,239,10,30,5,10
2116,07845_Plantae_Tracheophyta_Magnoliopsida_Ericales_Primulaceae_Bonellia_macrocarpa,179,134,10,30,5,10
2117,07846_Plantae_Tracheophyta_Magnoliopsida_Ericales_Primulaceae_Cyclamen_hederifolium,268,223,10,30,5,10
2118,07847_Plantae_Tracheophyta_Magnoliopsida_Ericales_Primulaceae_Cyclamen_purpurascens,207,162,10,30,5,10
2119,07848_Plantae_Tracheophyta_Magnoliopsida_Ericales_Primulaceae_Lysimachia_arvensis,300,255,10,30,5,10
2120,07849_Plantae_Tracheophyta_Magnoliopsida_Ericales_Primulaceae_Lysimachia_borealis,300,255,10,30,5,10
2121,07850_Plantae_Tracheophyta_Magnoliopsida_Ericales_Primulaceae_Lysimachia_ciliata,300,255,10,30,5,10
2122,07851_Plantae_Tracheophyta_Magnoliopsida_Ericales_Primulaceae_Lysimachia_clethroides,200,155,10,30,5,10
2123,07852_Plantae_Tracheophyta_Magnoliopsida_Ericales_Primulaceae_Lysimachia_europaea,300,255,10,30,5,10
2124,07853_Plantae_Tracheophyta_Magnoliopsida_Ericales_Primulaceae_Lysimachia_latifolia,300,255,10,30,5,10
2125,07854_Plantae_Tracheophyta_Magnoliopsida_Ericales_Primulaceae_Lysimachia_maritima,300,255,10,30,5,10
2126,07855_Plantae_Tracheophyta_Magnoliopsida_Ericales_Primulaceae_Lysimachia_nemorum,191,146,10,30,5,10
2127,07856_Plantae_Tracheophyta_Magnoliopsida_Ericales_Primulaceae_Lysimachia_nummularia,300,255,10,30,5,10
2128,07857_Plantae_Tracheophyta_Magnoliopsida_Ericales_Primulaceae_Lysimachia_punctata,300,255,10,30,5,10
2129,07858_Plantae_Tracheophyta_Magnoliopsida_Ericales_Primulaceae_Lysimachia_quadriflora,228,183,10,30,5,10
2130,07859_Plantae_Tracheophyta_Magnoliopsida_Ericales_Primulaceae_Lysimachia_quadrifolia,300,255,10,30,5,10
2131,07860_Plantae_Tracheophyta_Magnoliopsida_Ericales_Primulaceae_Lysimachia_terrestris,300,255,10,30,5,10
2132,07861_Plantae_Tracheophyta_Magnoliopsida_Ericales_Primulaceae_Lysimachia_thyrsiflora,300,255,10,30,5,10
2133,07862_Plantae_Tracheophyta_Magnoliopsida_Ericales_Primulaceae_Lysimachia_vulgaris,300,255,10,30,5,10
2134,07863_Plantae_Tracheophyta_Magnoliopsida_Ericales_Primulaceae_Myrsine_australis,300,255,10,30,5,10
2135,07864_Plantae_Tracheophyta_Magnoliopsida_Ericales_Primulaceae_Myrsine_divaricata,216,171,10,30,5,10
2136,07865_Plantae_Tracheophyta_Magnoliopsida_Ericales_Primulaceae_Myrsine_salicina,161,116,10,30,5,10
2137,07866_Plantae_Tracheophyta_Magnoliopsida_Ericales_Primulaceae_Primula_clevelandii,300,255,10,30,5,10
2138,07867_Plantae_Tracheophyta_Magnoliopsida_Ericales_Primulaceae_Primula_elatior,300,255,10,30,5,10
2139,07868_Plantae_Tracheophyta_Magnoliopsida_Ericales_Primulaceae_Primula_farinosa,180,135,10,30,5,10
2140,07869_Plantae_Tracheophyta_Magnoliopsida_Ericales_Primulaceae_Primula_hendersonii,300,255,10,30,5,10
2141,07870_Plantae_Tracheophyta_Magnoliopsida_Ericales_Primulaceae_Primula_meadia,300,255,10,30,5,10
2142,07871_Plantae_Tracheophyta_Magnoliopsida_Ericales_Primulaceae_Primula_parryi,159,114,10,30,5,10
2143,07872_Plantae_Tracheophyta_Magnoliopsida_Ericales_Primulaceae_Primula_pauciflora,300,255,10,30,5,10
2144,07873_Plantae_Tracheophyta_Magnoliopsida_Ericales_Primulaceae_Primula_veris,300,255,10,30,5,10
2145,07874_Plantae_Tracheophyta_Magnoliopsida_Ericales_Primulaceae_Primula_vulgaris,300,255,10,30,5,10
2146,07875_Plantae_Tracheophyta_Magnoliopsida_Ericales_Primulaceae_Samolus_parviflorus,177,132,10,30,5,10
2147,07876_Plantae_Tracheophyta_Magnoliopsida_Ericales_Primulaceae_Samolus_repens,300,255,10,30,5,10
2148,07877_Plantae_Tracheophyta_Magnoliopsida_Ericales_Primulaceae_Soldanella_alpina,188,143,10,30,5,10
2149,07878_Plantae_Tracheophyta_Magnoliopsida_Ericales_Sapotaceae_Sideroxylon_inerme,204,159,10,30,5,10
2150,07879_Plantae_Tracheophyta_Magnoliopsida_Ericales_Sapotaceae_Sideroxylon_lanuginosum,300,255,10,30,5,10
2151,07880_Plantae_Tracheophyta_Magnoliopsida_Ericales_Sarraceniaceae_Darlingtonia_californica,300,255,10,30,5,10
2152,07881_Plantae_Tracheophyta_Magnoliopsida_Ericales_Sarraceniaceae_Sarracenia_alata,300,255,10,30,5,10
2153,07882_Plantae_Tracheophyta_Magnoliopsida_Ericales_Sarraceniaceae_Sarracenia_flava,300,255,10,30,5,10
2154,07883_Plantae_Tracheophyta_Magnoliopsida_Ericales_Sarraceniaceae_Sarracenia_leucophylla,184,139,10,30,5,10
2155,07884_Plantae_Tracheophyta_Magnoliopsida_Ericales_Sarraceniaceae_Sarracenia_minor,219,174,10,30,5,10
2156,07885_Plantae_Tracheophyta_Magnoliopsida_Ericales_Sarraceniaceae_Sarracenia_purpurea,300,255,10,30,5,10
2157,07886_Plantae_Tracheophyta_Magnoliopsida_Ericales_Symplocaceae_Symplocos_tinctoria,285,240,10,30,5,10
2158,07887_Plantae_Tracheophyta_Magnoliopsida_Fabales_Fabaceae_Abrus_precatorius,300,255,10,30,5,10
2159,07888_Plantae_Tracheophyta_Magnoliopsida_Fabales_Fabaceae_Acacia_confusa,162,117,10,30,5,10
2160,07889_Plantae_Tracheophyta_Magnoliopsida_Fabales_Fabaceae_Acacia_cyclops,188,143,10,30,5,10
2161,07890_Plantae_Tracheophyta_Magnoliopsida_Fabales_Fabaceae_Acacia_dealbata,300,255,10,30,5,10
2162,07891_Plantae_Tracheophyta_Magnoliopsida_Fabales_Fabaceae_Acacia_longifolia,300,255,10,30,5,10
2163,07892_Plantae_Tracheophyta_Magnoliopsida_Fabales_Fabaceae_Acacia_mearnsii,300,255,10,30,5,10
2164,07893_Plantae_Tracheophyta_Magnoliopsida_Fabales_Fabaceae_Acacia_melanoxylon,300,255,10,30,5,10
2165,07894_Plantae_Tracheophyta_Magnoliopsida_Fabales_Fabaceae_Acacia_myrtifolia,163,118,10,30,5,10
2166,07895_Plantae_Tracheophyta_Magnoliopsida_Fabales_Fabaceae_Acacia_paradoxa,247,202,10,30,5,10
2167,07896_Plantae_Tracheophyta_Magnoliopsida_Fabales_Fabaceae_Acacia_pycnantha,223,178,10,30,5,10
2168,07897_Plantae_Tracheophyta_Magnoliopsida_Fabales_Fabaceae_Acacia_saligna,284,239,10,30,5,10
2169,07898_Plantae_Tracheophyta_Magnoliopsida_Fabales_Fabaceae_Acmispon_americanus,300,255,10,30,5,10
2170,07899_Plantae_Tracheophyta_Magnoliopsida_Fabales_Fabaceae_Acmispon_argophyllus,278,233,10,30,5,10
2171,07900_Plantae_Tracheophyta_Magnoliopsida_Fabales_Fabaceae_Acmispon_glaber,300,255,10,30,5,10
2172,07901_Plantae_Tracheophyta_Magnoliopsida_Fabales_Fabaceae_Acmispon_rigidus,300,255,10,30,5,10
2173,07902_Plantae_Tracheophyta_Magnoliopsida_Fabales_Fabaceae_Acmispon_strigosus,300,255,10,30,5,10
2174,07903_Plantae_Tracheophyta_Magnoliopsida_Fabales_Fabaceae_Albizia_julibrissin,300,255,10,30,5,10
2175,07904_Plantae_Tracheophyta_Magnoliopsida_Fabales_Fabaceae_Amorpha_canescens,300,255,10,30,5,10
2176,07905_Plantae_Tracheophyta_Magnoliopsida_Fabales_Fabaceae_Amorpha_fruticosa,300,255,10,30,5,10
2177,07906_Plantae_Tracheophyta_Magnoliopsida_Fabales_Fabaceae_Amphicarpaea_bracteata,300,255,10,30,5,10
2178,07907_Plantae_Tracheophyta_Magnoliopsida_Fabales_Fabaceae_Anthyllis_vulneraria,300,255,10,30,5,10
2179,07908_Plantae_Tracheophyta_Magnoliopsida_Fabales_Fabaceae_Apios_americana,300,255,10,30,5,10
2180,07909_Plantae_Tracheophyta_Magnoliopsida_Fabales_Fabaceae_Astragalus_alpinus,214,169,10,30,5,10
2181,07910_Plantae_Tracheophyta_Magnoliopsida_Fabales_Fabaceae_Astragalus_canadensis,245,200,10,30,5,10
2182,07911_Plantae_Tracheophyta_Magnoliopsida_Fabales_Fabaceae_Astragalus_cicer,216,171,10,30,5,10
2183,07912_Plantae_Tracheophyta_Magnoliopsida_Fabales_Fabaceae_Astragalus_crassicarpus,300,255,10,30,5,10
2184,07913_Plantae_Tracheophyta_Magnoliopsida_Fabales_Fabaceae_Astragalus_danicus,173,128,10,30,5,10
2185,07914_Plantae_Tracheophyta_Magnoliopsida_Fabales_Fabaceae_Astragalus_glycyphyllos,275,230,10,30,5,10
2186,07915_Plantae_Tracheophyta_Magnoliopsida_Fabales_Fabaceae_Astragalus_lentiginosus,300,255,10,30,5,10
2187,07916_Plantae_Tracheophyta_Magnoliopsida_Fabales_Fabaceae_Astragalus_mollissimus,260,215,10,30,5,10
2188,07917_Plantae_Tracheophyta_Magnoliopsida_Fabales_Fabaceae_Astragalus_nuttallianus,203,158,10,30,5,10
2189,07918_Plantae_Tracheophyta_Magnoliopsida_Fabales_Fabaceae_Astragalus_purshii,300,255,10,30,5,10
2190,07919_Plantae_Tracheophyta_Magnoliopsida_Fabales_Fabaceae_Astragalus_trichopodus,300,255,10,30,5,10
2191,07920_Plantae_Tracheophyta_Magnoliopsida_Fabales_Fabaceae_Baptisia_alba,300,255,10,30,5,10
2192,07921_Plantae_Tracheophyta_Magnoliopsida_Fabales_Fabaceae_Baptisia_australis,300,255,10,30,5,10
2193,07922_Plantae_Tracheophyta_Magnoliopsida_Fabales_Fabaceae_Baptisia_bracteata,300,255,10,30,5,10
2194,07923_Plantae_Tracheophyta_Magnoliopsida_Fabales_Fabaceae_Baptisia_tinctoria,265,220,10,30,5,10
2195,07924_Plantae_Tracheophyta_Magnoliopsida_Fabales_Fabaceae_Bituminaria_bituminosa,266,221,10,30,5,10
2196,07925_Plantae_Tracheophyta_Magnoliopsida_Fabales_Fabaceae_Caesalpinia_pulcherrima,300,255,10,30,5,10
2197,07926_Plantae_Tracheophyta_Magnoliopsida_Fabales_Fabaceae_Calliandra_eriophylla,300,255,10,30,5,10
2198,07927_Plantae_Tracheophyta_Magnoliopsida_Fabales_Fabaceae_Calliandra_houstoniana,184,139,10,30,5,10
2199,07928_Plantae_Tracheophyta_Magnoliopsida_Fabales_Fabaceae_Canavalia_rosea,279,234,10,30,5,10
2200,07929_Plantae_Tracheophyta_Magnoliopsida_Fabales_Fabaceae_Caragana_arborescens,300,255,10,30,5,10
2201,07930_Plantae_Tracheophyta_Magnoliopsida_Fabales_Fabaceae_Carmichaelia_australis,200,155,10,30,5,10
2202,07931_Plantae_Tracheophyta_Magnoliopsida_Fabales_Fabaceae_Cassia_fistula,279,234,10,30,5,10
2203,07932_Plantae_Tracheophyta_Magnoliopsida_Fabales_Fabaceae_Centrosema_virginianum,300,255,10,30,5,10
2204,07933_Plantae_Tracheophyta_Magnoliopsida_Fabales_Fabaceae_Ceratonia_siliqua,281,236,10,30,5,10
2205,07934_Plantae_Tracheophyta_Magnoliopsida_Fabales_Fabaceae_Cercis_canadensis,300,255,10,30,5,10
2206,07935_Plantae_Tracheophyta_Magnoliopsida_Fabales_Fabaceae_Cercis_occidentalis,300,255,10,30,5,10
2207,07936_Plantae_Tracheophyta_Magnoliopsida_Fabales_Fabaceae_Chamaecrista_fasciculata,300,255,10,30,5,10
2208,07937_Plantae_Tracheophyta_Magnoliopsida_Fabales_Fabaceae_Chamaecrista_nictitans,267,222,10,30,5,10
2209,07938_Plantae_Tracheophyta_Magnoliopsida_Fabales_Fabaceae_Chamaecytisus_ruthenicus,283,238,10,30,5,10
2210,07939_Plantae_Tracheophyta_Magnoliopsida_Fabales_Fabaceae_Clitoria_mariana,300,255,10,30,5,10
2211,07940_Plantae_Tracheophyta_Magnoliopsida_Fabales_Fabaceae_Clitoria_ternatea,300,255,10,30,5,10
2212,07941_Plantae_Tracheophyta_Magnoliopsida_Fabales_Fabaceae_Crotalaria_spectabilis,164,119,10,30,5,10
2213,07942_Plantae_Tracheophyta_Magnoliopsida_Fabales_Fabaceae_Cytisus_proliferus,225,180,10,30,5,10
2214,07943_Plantae_Tracheophyta_Magnoliopsida_Fabales_Fabaceae_Cytisus_scoparius,300,255,10,30,5,10
2215,07944_Plantae_Tracheophyta_Magnoliopsida_Fabales_Fabaceae_Dalea_aurea,165,120,10,30,5,10
2216,07945_Plantae_Tracheophyta_Magnoliopsida_Fabales_Fabaceae_Dalea_candida,300,255,10,30,5,10
2217,07946_Plantae_Tracheophyta_Magnoliopsida_Fabales_Fabaceae_Dalea_formosa,300,255,10,30,5,10
2218,07947_Plantae_Tracheophyta_Magnoliopsida_Fabales_Fabaceae_Dalea_purpurea,300,255,10,30,5,10
2219,07948_Plantae_Tracheophyta_Magnoliopsida_Fabales_Fabaceae_Delonix_regia,300,255,10,30,5,10
2220,07949_Plantae_Tracheophyta_Magnoliopsida_Fabales_Fabaceae_Dermatophyllum_secundiflorum,300,255,10,30,5,10
2221,07950_Plantae_Tracheophyta_Magnoliopsida_Fabales_Fabaceae_Desmanthus_illinoensis,300,255,10,30,5,10
2222,07951_Plantae_Tracheophyta_Magnoliopsida_Fabales_Fabaceae_Desmodium_canadense,300,255,10,30,5,10
2223,07952_Plantae_Tracheophyta_Magnoliopsida_Fabales_Fabaceae_Desmodium_paniculatum,300,255,10,30,5,10
2224,07953_Plantae_Tracheophyta_Magnoliopsida_Fabales_Fabaceae_Dichrostachys_cinerea,165,120,10,30,5,10
2225,07954_Plantae_Tracheophyta_Magnoliopsida_Fabales_Fabaceae_Ebenopsis_ebano,253,208,10,30,5,10
2226,07955_Plantae_Tracheophyta_Magnoliopsida_Fabales_Fabaceae_Enterolobium_cyclocarpum,256,211,10,30,5,10
2227,07956_Plantae_Tracheophyta_Magnoliopsida_Fabales_Fabaceae_Erythrina_herbacea,300,255,10,30,5,10
2228,07957_Plantae_Tracheophyta_Magnoliopsida_Fabales_Fabaceae_Erythrostemon_gilliesii,285,240,10,30,5,10
2229,07958_Plantae_Tracheophyta_Magnoliopsida_Fabales_Fabaceae_Erythrostemon_mexicanus,192,147,10,30,5,10
2230,07959_Plantae_Tracheophyta_Magnoliopsida_Fabales_Fabaceae_Eysenhardtia_texana,287,242,10,30,5,10
2231,07960_Plantae_Tracheophyta_Magnoliopsida_Fabales_Fabaceae_Galega_officinalis,173,128,10,30,5,10
2232,07961_Plantae_Tracheophyta_Magnoliopsida_Fabales_Fabaceae_Genista_monspessulana,300,255,10,30,5,10
2233,07962_Plantae_Tracheophyta_Magnoliopsida_Fabales_Fabaceae_Genista_tinctoria,249,204,10,30,5,10
2234,07963_Plantae_Tracheophyta_Magnoliopsida_Fabales_Fabaceae_Gleditsia_triacanthos,300,255,10,30,5,10
2235,07964_Plantae_Tracheophyta_Magnoliopsida_Fabales_Fabaceae_Gliricidia_sepium,240,195,10,30,5,10
2236,07965_Plantae_Tracheophyta_Magnoliopsida_Fabales_Fabaceae_Glycyrrhiza_lepidota,300,255,10,30,5,10
2237,07966_Plantae_Tracheophyta_Magnoliopsida_Fabales_Fabaceae_Guilandina_bonduc,214,169,10,30,5,10
2238,07967_Plantae_Tracheophyta_Magnoliopsida_Fabales_Fabaceae_Gymnocladus_dioicus,300,255,10,30,5,10
2239,07968_Plantae_Tracheophyta_Magnoliopsida_Fabales_Fabaceae_Hardenbergia_violacea,262,217,10,30,5,10
2240,07969_Plantae_Tracheophyta_Magnoliopsida_Fabales_Fabaceae_Hedysarum_alpinum,184,139,10,30,5,10
2241,07970_Plantae_Tracheophyta_Magnoliopsida_Fabales_Fabaceae_Hedysarum_boreale,214,169,10,30,5,10
2242,07971_Plantae_Tracheophyta_Magnoliopsida_Fabales_Fabaceae_Hoffmannseggia_glauca,199,154,10,30,5,10
2243,07972_Plantae_Tracheophyta_Magnoliopsida_Fabales_Fabaceae_Hoffmannseggia_microphylla,158,113,10,30,5,10
2244,07973_Plantae_Tracheophyta_Magnoliopsida_Fabales_Fabaceae_Hosackia_gracilis,300,255,10,30,5,10
2245,07974_Plantae_Tracheophyta_Magnoliopsida_Fabales_Fabaceae_Hylodesmum_glutinosum,300,255,10,30,5,10
2246,07975_Plantae_Tracheophyta_Magnoliopsida_Fabales_Fabaceae_Hylodesmum_nudiflorum,187,142,10,30,5,10
2247,07976_Plantae_Tracheophyta_Magnoliopsida_Fabales_Fabaceae_Indigofera_miniata,300,255,10,30,5,10
2248,07977_Plantae_Tracheophyta_Magnoliopsida_Fabales_Fabaceae_Kennedia_prostrata,197,152,10,30,5,10
2249,07978_Plantae_Tracheophyta_Magnoliopsida_Fabales_Fabaceae_Laburnum_anagyroides,177,132,10,30,5,10
2250,07979_Plantae_Tracheophyta_Magnoliopsida_Fabales_Fabaceae_Lathyrus_hirsutus,296,251,10,30,5,10
2251,07980_Plantae_Tracheophyta_Magnoliopsida_Fabales_Fabaceae_Lathyrus_japonicus,300,255,10,30,5,10
2252,07981_Plantae_Tracheophyta_Magnoliopsida_Fabales_Fabaceae_Lathyrus_latifolius,300,255,10,30,5,10
2253,07982_Plantae_Tracheophyta_Magnoliopsida_Fabales_Fabaceae_Lathyrus_ochroleucus,220,175,10,30,5,10
2254,07983_Plantae_Tracheophyta_Magnoliopsida_Fabales_Fabaceae_Lathyrus_palustris,200,155,10,30,5,10
2255,07984_Plantae_Tracheophyta_Magnoliopsida_Fabales_Fabaceae_Lathyrus_pratensis,300,255,10,30,5,10
2256,07985_Plantae_Tracheophyta_Magnoliopsida_Fabales_Fabaceae_Lathyrus_sylvestris,300,255,10,30,5,10
2257,07986_Plantae_Tracheophyta_Magnoliopsida_Fabales_Fabaceae_Lathyrus_tuberosus,300,255,10,30,5,10
2258,07987_Plantae_Tracheophyta_Magnoliopsida_Fabales_Fabaceae_Lathyrus_vernus,300,255,10,30,5,10
2259,07988_Plantae_Tracheophyta_Magnoliopsida_Fabales_Fabaceae_Lathyrus_vestitus,300,255,10,30,5,10
2260,07989_Plantae_Tracheophyta_Magnoliopsida_Fabales_Fabaceae_Lespedeza_capitata,300,255,10,30,5,10
2261,07990_Plantae_Tracheophyta_Magnoliopsida_Fabales_Fabaceae_Lespedeza_cuneata,300,255,10,30,5,10
2262,07991_Plantae_Tracheophyta_Magnoliopsida_Fabales_Fabaceae_Lespedeza_virginica,205,160,10,30,5,10
2263,07992_Plantae_Tracheophyta_Magnoliopsida_Fabales_Fabaceae_Lessertia_frutescens,239,194,10,30,5,10
2264,07993_Plantae_Tracheophyta_Magnoliopsida_Fabales_Fabaceae_Leucaena_leucocephala,300,255,10,30,5,10
2265,07994_Plantae_Tracheophyta_Magnoliopsida_Fabales_Fabaceae_Lotus_corniculatus,300,255,10,30,5,10
2266,07995_Plantae_Tracheophyta_Magnoliopsida_Fabales_Fabaceae_Lotus_pedunculatus,173,128,10,30,5,10
2267,07996_Plantae_Tracheophyta_Magnoliopsida_Fabales_Fabaceae_Lupinus_albifrons,300,255,10,30,5,10
2268,07997_Plantae_Tracheophyta_Magnoliopsida_Fabales_Fabaceae_Lupinus_angustifolius,168,123,10,30,5,10
2269,07998_Plantae_Tracheophyta_Magnoliopsida_Fabales_Fabaceae_Lupinus_arboreus,300,255,10,30,5,10
2270,07999_Plantae_Tracheophyta_Magnoliopsida_Fabales_Fabaceae_Lupinus_arcticus,203,158,10,30,5,10
2271,08000_Plantae_Tracheophyta_Magnoliopsida_Fabales_Fabaceae_Lupinus_argenteus,298,253,10,30,5,10
2272,08001_Plantae_Tracheophyta_Magnoliopsida_Fabales_Fabaceae_Lupinus_arizonicus,300,255,10,30,5,10
2273,08002_Plantae_Tracheophyta_Magnoliopsida_Fabales_Fabaceae_Lupinus_bicolor,300,255,10,30,5,10
2274,08003_Plantae_Tracheophyta_Magnoliopsida_Fabales_Fabaceae_Lupinus_concinnus,290,245,10,30,5,10
2275,08004_Plantae_Tracheophyta_Magnoliopsida_Fabales_Fabaceae_Lupinus_hirsutissimus,300,255,10,30,5,10
2276,08005_Plantae_Tracheophyta_Magnoliopsida_Fabales_Fabaceae_Lupinus_lepidus,221,176,10,30,5,10
2277,08006_Plantae_Tracheophyta_Magnoliopsida_Fabales_Fabaceae_Lupinus_microcarpus,253,208,10,30,5,10
2278,08007_Plantae_Tracheophyta_Magnoliopsida_Fabales_Fabaceae_Lupinus_nanus,255,210,10,30,5,10
2279,08008_Plantae_Tracheophyta_Magnoliopsida_Fabales_Fabaceae_Lupinus_nootkatensis,300,255,10,30,5,10
2280,08009_Plantae_Tracheophyta_Magnoliopsida_Fabales_Fabaceae_Lupinus_perennis,300,255,10,30,5,10
2281,08010_Plantae_Tracheophyta_Magnoliopsida_Fabales_Fabaceae_Lupinus_polyphyllus,300,255,10,30,5,10
2282,08011_Plantae_Tracheophyta_Magnoliopsida_Fabales_Fabaceae_Lupinus_sparsiflorus,300,255,10,30,5,10
2283,08012_Plantae_Tracheophyta_Magnoliopsida_Fabales_Fabaceae_Lupinus_succulentus,300,255,10,30,5,10
2284,08013_Plantae_Tracheophyta_Magnoliopsida_Fabales_Fabaceae_Lupinus_texensis,300,255,10,30,5,10
2285,08014_Plantae_Tracheophyta_Magnoliopsida_Fabales_Fabaceae_Lupinus_truncatus,234,189,10,30,5,10
2286,08015_Plantae_Tracheophyta_Magnoliopsida_Fabales_Fabaceae_Macroptilium_atropurpureum,300,255,10,30,5,10
2287,08016_Plantae_Tracheophyta_Magnoliopsida_Fabales_Fabaceae_Macroptilium_gibbosifolium,186,141,10,30,5,10
2288,08017_Plantae_Tracheophyta_Magnoliopsida_Fabales_Fabaceae_Macroptilium_lathyroides,180,135,10,30,5,10
2289,08018_Plantae_Tracheophyta_Magnoliopsida_Fabales_Fabaceae_Medicago_arabica,300,255,10,30,5,10
2290,08019_Plantae_Tracheophyta_Magnoliopsida_Fabales_Fabaceae_Medicago_falcata,300,255,10,30,5,10
2291,08020_Plantae_Tracheophyta_Magnoliopsida_Fabales_Fabaceae_Medicago_lupulina,300,255,10,30,5,10
2292,08021_Plantae_Tracheophyta_Magnoliopsida_Fabales_Fabaceae_Medicago_minima,234,189,10,30,5,10
2293,08022_Plantae_Tracheophyta_Magnoliopsida_Fabales_Fabaceae_Medicago_polymorpha,300,255,10,30,5,10
2294,08023_Plantae_Tracheophyta_Magnoliopsida_Fabales_Fabaceae_Medicago_sativa,300,255,10,30,5,10
2295,08024_Plantae_Tracheophyta_Magnoliopsida_Fabales_Fabaceae_Melilotus_albus,300,255,10,30,5,10
2296,08025_Plantae_Tracheophyta_Magnoliopsida_Fabales_Fabaceae_Melilotus_indicus,300,255,10,30,5,10
2297,08026_Plantae_Tracheophyta_Magnoliopsida_Fabales_Fabaceae_Melilotus_officinalis,300,255,10,30,5,10
2298,08027_Plantae_Tracheophyta_Magnoliopsida_Fabales_Fabaceae_Mimosa_aculeaticarpa,237,192,10,30,5,10
2299,08028_Plantae_Tracheophyta_Magnoliopsida_Fabales_Fabaceae_Mimosa_nuttallii,213,168,10,30,5,10
2300,08029_Plantae_Tracheophyta_Magnoliopsida_Fabales_Fabaceae_Mimosa_pudica,300,255,10,30,5,10
2301,08030_Plantae_Tracheophyta_Magnoliopsida_Fabales_Fabaceae_Mimosa_quadrivalvis,250,205,10,30,5,10
2302,08031_Plantae_Tracheophyta_Magnoliopsida_Fabales_Fabaceae_Mimosa_strigillosa,292,247,10,30,5,10
2303,08032_Plantae_Tracheophyta_Magnoliopsida_Fabales_Fabaceae_Neptunia_lutea,300,255,10,30,5,10
2304,08033_Plantae_Tracheophyta_Magnoliopsida_Fabales_Fabaceae_Neptunia_pubescens,174,129,10,30,5,10
2305,08034_Plantae_Tracheophyta_Magnoliopsida_Fabales_Fabaceae_Olneya_tesota,300,255,10,30,5,10
2306,08035_Plantae_Tracheophyta_Magnoliopsida_Fabales_Fabaceae_Onobrychis_viciifolia,300,255,10,30,5,10
2307,08036_Plantae_Tracheophyta_Magnoliopsida_Fabales_Fabaceae_Ononis_spinosa,193,148,10,30,5,10
2308,08037_Plantae_Tracheophyta_Magnoliopsida_Fabales_Fabaceae_Oxytropis_campestris,218,173,10,30,5,10
2309,08038_Plantae_Tracheophyta_Magnoliopsida_Fabales_Fabaceae_Oxytropis_lambertii,216,171,10,30,5,10
2310,08039_Plantae_Tracheophyta_Magnoliopsida_Fabales_Fabaceae_Paraserianthes_lophantha,300,255,10,30,5,10
2311,08040_Plantae_Tracheophyta_Magnoliopsida_Fabales_Fabaceae_Parkinsonia_aculeata,300,255,10,30,5,10
2312,08041_Plantae_Tracheophyta_Magnoliopsida_Fabales_Fabaceae_Parkinsonia_florida,300,255,10,30,5,10
2313,08042_Plantae_Tracheophyta_Magnoliopsida_Fabales_Fabaceae_Parkinsonia_microphylla,300,255,10,30,5,10
2314,08043_Plantae_Tracheophyta_Magnoliopsida_Fabales_Fabaceae_Pediomelum_argophyllum,161,116,10,30,5,10
2315,08044_Plantae_Tracheophyta_Magnoliopsida_Fabales_Fabaceae_Pediomelum_tenuiflorum,190,145,10,30,5,10
2316,08045_Plantae_Tracheophyta_Magnoliopsida_Fabales_Fabaceae_Pickeringia_montana,300,255,10,30,5,10
2317,08046_Plantae_Tracheophyta_Magnoliopsida_Fabales_Fabaceae_Pithecellobium_dulce,300,255,10,30,5,10
2318,08047_Plantae_Tracheophyta_Magnoliopsida_Fabales_Fabaceae_Platylobium_obtusangulum,158,113,10,30,5,10
2319,08048_Plantae_Tracheophyta_Magnoliopsida_Fabales_Fabaceae_Prosopis_glandulosa,300,255,10,30,5,10
2320,08049_Plantae_Tracheophyta_Magnoliopsida_Fabales_Fabaceae_Prosopis_laevigata,170,125,10,30,5,10
2321,08050_Plantae_Tracheophyta_Magnoliopsida_Fabales_Fabaceae_Prosopis_pubescens,207,162,10,30,5,10
2322,08051_Plantae_Tracheophyta_Magnoliopsida_Fabales_Fabaceae_Prosopis_velutina,300,255,10,30,5,10
2323,08052_Plantae_Tracheophyta_Magnoliopsida_Fabales_Fabaceae_Psorothamnus_emoryi,278,233,10,30,5,10
2324,08053_Plantae_Tracheophyta_Magnoliopsida_Fabales_Fabaceae_Psorothamnus_schottii,300,255,10,30,5,10
2325,08054_Plantae_Tracheophyta_Magnoliopsida_Fabales_Fabaceae_Psorothamnus_spinosus,300,255,10,30,5,10
2326,08055_Plantae_Tracheophyta_Magnoliopsida_Fabales_Fabaceae_Pueraria_montana,300,255,10,30,5,10
2327,08056_Plantae_Tracheophyta_Magnoliopsida_Fabales_Fabaceae_Robinia_neomexicana,153,108,10,30,5,10
2328,08057_Plantae_Tracheophyta_Magnoliopsida_Fabales_Fabaceae_Robinia_pseudoacacia,300,255,10,30,5,10
2329,08058_Plantae_Tracheophyta_Magnoliopsida_Fabales_Fabaceae_Rupertia_physodes,180,135,10,30,5,10
2330,08059_Plantae_Tracheophyta_Magnoliopsida_Fabales_Fabaceae_Securigera_varia,300,255,10,30,5,10
2331,08060_Plantae_Tracheophyta_Magnoliopsida_Fabales_Fabaceae_Senegalia_greggii,300,255,10,30,5,10
2332,08061_Plantae_Tracheophyta_Magnoliopsida_Fabales_Fabaceae_Senna_alata,256,211,10,30,5,10
2333,08062_Plantae_Tracheophyta_Magnoliopsida_Fabales_Fabaceae_Senna_armata,271,226,10,30,5,10
2334,08063_Plantae_Tracheophyta_Magnoliopsida_Fabales_Fabaceae_Senna_covesii,300,255,10,30,5,10
2335,08064_Plantae_Tracheophyta_Magnoliopsida_Fabales_Fabaceae_Senna_didymobotrya,177,132,10,30,5,10
2336,08065_Plantae_Tracheophyta_Magnoliopsida_Fabales_Fabaceae_Senna_hebecarpa,211,166,10,30,5,10
2337,08066_Plantae_Tracheophyta_Magnoliopsida_Fabales_Fabaceae_Senna_lindheimeriana,300,255,10,30,5,10
2338,08067_Plantae_Tracheophyta_Magnoliopsida_Fabales_Fabaceae_Senna_marilandica,204,159,10,30,5,10
2339,08068_Plantae_Tracheophyta_Magnoliopsida_Fabales_Fabaceae_Senna_obtusifolia,300,255,10,30,5,10
2340,08069_Plantae_Tracheophyta_Magnoliopsida_Fabales_Fabaceae_Senna_occidentalis,279,234,10,30,5,10
2341,08070_Plantae_Tracheophyta_Magnoliopsida_Fabales_Fabaceae_Senna_roemeriana,300,255,10,30,5,10
2342,08071_Plantae_Tracheophyta_Magnoliopsida_Fabales_Fabaceae_Sesbania_drummondii,300,255,10,30,5,10
2343,08072_Plantae_Tracheophyta_Magnoliopsida_Fabales_Fabaceae_Sesbania_herbacea,300,255,10,30,5,10
2344,08073_Plantae_Tracheophyta_Magnoliopsida_Fabales_Fabaceae_Sesbania_punicea,161,116,10,30,5,10
2345,08074_Plantae_Tracheophyta_Magnoliopsida_Fabales_Fabaceae_Sesbania_vesicaria,300,255,10,30,5,10
2346,08075_Plantae_Tracheophyta_Magnoliopsida_Fabales_Fabaceae_Sophora_affinis,300,255,10,30,5,10
2347,08076_Plantae_Tracheophyta_Magnoliopsida_Fabales_Fabaceae_Sophora_microphylla,300,255,10,30,5,10
2348,08077_Plantae_Tracheophyta_Magnoliopsida_Fabales_Fabaceae_Spartium_junceum,300,255,10,30,5,10
2349,08078_Plantae_Tracheophyta_Magnoliopsida_Fabales_Fabaceae_Strophostyles_helvola,300,255,10,30,5,10
2350,08079_Plantae_Tracheophyta_Magnoliopsida_Fabales_Fabaceae_Strophostyles_umbellata,195,150,10,30,5,10
2351,08080_Plantae_Tracheophyta_Magnoliopsida_Fabales_Fabaceae_Stylosanthes_biflora,283,238,10,30,5,10
2352,08081_Plantae_Tracheophyta_Magnoliopsida_Fabales_Fabaceae_Tamarindus_indica,216,171,10,30,5,10
2353,08082_Plantae_Tracheophyta_Magnoliopsida_Fabales_Fabaceae_Tephrosia_virginiana,300,255,10,30,5,10
2354,08083_Plantae_Tracheophyta_Magnoliopsida_Fabales_Fabaceae_Thermopsis_californica,272,227,10,30,5,10
2355,08084_Plantae_Tracheophyta_Magnoliopsida_Fabales_Fabaceae_Thermopsis_rhombifolia,266,221,10,30,5,10
2356,08085_Plantae_Tracheophyta_Magnoliopsida_Fabales_Fabaceae_Trifolium_angustifolium,285,240,10,30,5,10
2357,08086_Plantae_Tracheophyta_Magnoliopsida_Fabales_Fabaceae_Trifolium_arvense,300,255,10,30,5,10
2358,08087_Plantae_Tracheophyta_Magnoliopsida_Fabales_Fabaceae_Trifolium_aureum,300,255,10,30,5,10
2359,08088_Plantae_Tracheophyta_Magnoliopsida_Fabales_Fabaceae_Trifolium_campestre,300,255,10,30,5,10
2360,08089_Plantae_Tracheophyta_Magnoliopsida_Fabales_Fabaceae_Trifolium_depauperatum,300,255,10,30,5,10
2361,08090_Plantae_Tracheophyta_Magnoliopsida_Fabales_Fabaceae_Trifolium_dubium,300,255,10,30,5,10
2362,08091_Plantae_Tracheophyta_Magnoliopsida_Fabales_Fabaceae_Trifolium_fragiferum,223,178,10,30,5,10
2363,08092_Plantae_Tracheophyta_Magnoliopsida_Fabales_Fabaceae_Trifolium_hirtum,300,255,10,30,5,10
2364,08093_Plantae_Tracheophyta_Magnoliopsida_Fabales_Fabaceae_Trifolium_hybridum,300,255,10,30,5,10
2365,08094_Plantae_Tracheophyta_Magnoliopsida_Fabales_Fabaceae_Trifolium_incarnatum,300,255,10,30,5,10
2366,08095_Plantae_Tracheophyta_Magnoliopsida_Fabales_Fabaceae_Trifolium_lupinaster,185,140,10,30,5,10
2367,08096_Plantae_Tracheophyta_Magnoliopsida_Fabales_Fabaceae_Trifolium_medium,300,255,10,30,5,10
2368,08097_Plantae_Tracheophyta_Magnoliopsida_Fabales_Fabaceae_Trifolium_montanum,300,255,10,30,5,10
2369,08098_Plantae_Tracheophyta_Magnoliopsida_Fabales_Fabaceae_Trifolium_pratense,300,255,10,30,5,10
2370,08099_Plantae_Tracheophyta_Magnoliopsida_Fabales_Fabaceae_Trifolium_repens,300,255,10,30,5,10
2371,08100_Plantae_Tracheophyta_Magnoliopsida_Fabales_Fabaceae_Trifolium_resupinatum,273,228,10,30,5,10
2372,08101_Plantae_Tracheophyta_Magnoliopsida_Fabales_Fabaceae_Trifolium_subterraneum,261,216,10,30,5,10
2373,08102_Plantae_Tracheophyta_Magnoliopsida_Fabales_Fabaceae_Trifolium_willdenovii,300,255,10,30,5,10
2374,08103_Plantae_Tracheophyta_Magnoliopsida_Fabales_Fabaceae_Ulex_europaeus,300,255,10,30,5,10
2375,08104_Plantae_Tracheophyta_Magnoliopsida_Fabales_Fabaceae_Vachellia_constricta,299,254,10,30,5,10
2376,08105_Plantae_Tracheophyta_Magnoliopsida_Fabales_Fabaceae_Vachellia_cornigera,169,124,10,30,5,10
2377,08106_Plantae_Tracheophyta_Magnoliopsida_Fabales_Fabaceae_Vachellia_farnesiana,300,255,10,30,5,10
2378,08107_Plantae_Tracheophyta_Magnoliopsida_Fabales_Fabaceae_Vachellia_karroo,300,255,10,30,5,10
2379,08108_Plantae_Tracheophyta_Magnoliopsida_Fabales_Fabaceae_Vachellia_rigidula,300,255,10,30,5,10
2380,08109_Plantae_Tracheophyta_Magnoliopsida_Fabales_Fabaceae_Vachellia_schaffneri,195,150,10,30,5,10
2381,08110_Plantae_Tracheophyta_Magnoliopsida_Fabales_Fabaceae_Vicia_americana,300,255,10,30,5,10
2382,08111_Plantae_Tracheophyta_Magnoliopsida_Fabales_Fabaceae_Vicia_benghalensis,187,142,10,30,5,10
2383,08112_Plantae_Tracheophyta_Magnoliopsida_Fabales_Fabaceae_Vicia_caroliniana,171,126,10,30,5,10
2384,08113_Plantae_Tracheophyta_Magnoliopsida_Fabales_Fabaceae_Vicia_cracca,300,255,10,30,5,10
2385,08114_Plantae_Tracheophyta_Magnoliopsida_Fabales_Fabaceae_Vicia_gigantea,300,255,10,30,5,10
2386,08115_Plantae_Tracheophyta_Magnoliopsida_Fabales_Fabaceae_Vicia_hirsuta,300,255,10,30,5,10
2387,08116_Plantae_Tracheophyta_Magnoliopsida_Fabales_Fabaceae_Vicia_ludoviciana,300,255,10,30,5,10
2388,08117_Plantae_Tracheophyta_Magnoliopsida_Fabales_Fabaceae_Vicia_sativa,300,255,10,30,5,10
2389,08118_Plantae_Tracheophyta_Magnoliopsida_Fabales_Fabaceae_Vicia_sepium,300,255,10,30,5,10
2390,08119_Plantae_Tracheophyta_Magnoliopsida_Fabales_Fabaceae_Vicia_sylvatica,174,129,10,30,5,10
2391,08120_Plantae_Tracheophyta_Magnoliopsida_Fabales_Fabaceae_Vicia_tetrasperma,237,192,10,30,5,10
2392,08121_Plantae_Tracheophyta_Magnoliopsida_Fabales_Fabaceae_Vicia_villosa,300,255,10,30,5,10
2393,08122_Plantae_Tracheophyta_Magnoliopsida_Fabales_Fabaceae_Vigna_luteola,233,188,10,30,5,10
2394,08123_Plantae_Tracheophyta_Magnoliopsida_Fabales_Fabaceae_Wisteria_sinensis,247,202,10,30,5,10
2395,08124_Plantae_Tracheophyta_Magnoliopsida_Fabales_Polygalaceae_Asemeia_grandiflora,159,114,10,30,5,10
2396,08125_Plantae_Tracheophyta_Magnoliopsida_Fabales_Polygalaceae_Muraltia_heisteria,229,184,10,30,5,10
2397,08126_Plantae_Tracheophyta_Magnoliopsida_Fabales_Polygalaceae_Muraltia_spinosa,238,193,10,30,5,10
2398,08127_Plantae_Tracheophyta_Magnoliopsida_Fabales_Polygalaceae_Polygala_alba,300,255,10,30,5,10
2399,08128_Plantae_Tracheophyta_Magnoliopsida_Fabales_Polygalaceae_Polygala_lutea,300,255,10,30,5,10
2400,08129_Plantae_Tracheophyta_Magnoliopsida_Fabales_Polygalaceae_Polygala_myrtifolia,300,255,10,30,5,10
2401,08130_Plantae_Tracheophyta_Magnoliopsida_Fabales_Polygalaceae_Polygala_nana,287,242,10,30,5,10
2402,08131_Plantae_Tracheophyta_Magnoliopsida_Fabales_Polygalaceae_Polygala_polygama,252,207,10,30,5,10
2403,08132_Plantae_Tracheophyta_Magnoliopsida_Fabales_Polygalaceae_Polygala_rugelii,190,145,10,30,5,10
2404,08133_Plantae_Tracheophyta_Magnoliopsida_Fabales_Polygalaceae_Polygala_sanguinea,267,222,10,30,5,10
2405,08134_Plantae_Tracheophyta_Magnoliopsida_Fabales_Polygalaceae_Polygala_senega,207,162,10,30,5,10
2406,08135_Plantae_Tracheophyta_Magnoliopsida_Fabales_Polygalaceae_Polygaloides_chamaebuxus,157,112,10,30,5,10
2407,08136_Plantae_Tracheophyta_Magnoliopsida_Fabales_Polygalaceae_Polygaloides_paucifolia,300,255,10,30,5,10
2408,08137_Plantae_Tracheophyta_Magnoliopsida_Fabales_Polygalaceae_Rhinotropis_californica,300,255,10,30,5,10
2409,08138_Plantae_Tracheophyta_Magnoliopsida_Fagales_Betulaceae_Alnus_alnobetula,300,255,10,30,5,10
2410,08139_Plantae_Tracheophyta_Magnoliopsida_Fagales_Betulaceae_Alnus_glutinosa,300,255,10,30,5,10
2411,08140_Plantae_Tracheophyta_Magnoliopsida_Fagales_Betulaceae_Alnus_incana,300,255,10,30,5,10
2412,08141_Plantae_Tracheophyta_Magnoliopsida_Fagales_Betulaceae_Alnus_rhombifolia,300,255,10,30,5,10
2413,08142_Plantae_Tracheophyta_Magnoliopsida_Fagales_Betulaceae_Alnus_rubra,300,255,10,30,5,10
2414,08143_Plantae_Tracheophyta_Magnoliopsida_Fagales_Betulaceae_Alnus_serrulata,300,255,10,30,5,10
2415,08144_Plantae_Tracheophyta_Magnoliopsida_Fagales_Betulaceae_Betula_alleghaniensis,300,255,10,30,5,10
2416,08145_Plantae_Tracheophyta_Magnoliopsida_Fagales_Betulaceae_Betula_lenta,300,255,10,30,5,10
2417,08146_Plantae_Tracheophyta_Magnoliopsida_Fagales_Betulaceae_Betula_nana,290,245,10,30,5,10
2418,08147_Plantae_Tracheophyta_Magnoliopsida_Fagales_Betulaceae_Betula_nigra,300,255,10,30,5,10
2419,08148_Plantae_Tracheophyta_Magnoliopsida_Fagales_Betulaceae_Betula_papyrifera,300,255,10,30,5,10
2420,08149_Plantae_Tracheophyta_Magnoliopsida_Fagales_Betulaceae_Betula_pendula,300,255,10,30,5,10
2421,08150_Plantae_Tracheophyta_Magnoliopsida_Fagales_Betulaceae_Betula_populifolia,300,255,10,30,5,10
2422,08151_Plantae_Tracheophyta_Magnoliopsida_Fagales_Betulaceae_Betula_pubescens,300,255,10,30,5,10
2423,08152_Plantae_Tracheophyta_Magnoliopsida_Fagales_Betulaceae_Betula_pumila,279,234,10,30,5,10
2424,08153_Plantae_Tracheophyta_Magnoliopsida_Fagales_Betulaceae_Carpinus_betulus,300,255,10,30,5,10
2425,08154_Plantae_Tracheophyta_Magnoliopsida_Fagales_Betulaceae_Carpinus_caroliniana,300,255,10,30,5,10
2426,08155_Plantae_Tracheophyta_Magnoliopsida_Fagales_Betulaceae_Corylus_americana,300,255,10,30,5,10
2427,08156_Plantae_Tracheophyta_Magnoliopsida_Fagales_Betulaceae_Corylus_avellana,300,255,10,30,5,10
2428,08157_Plantae_Tracheophyta_Magnoliopsida_Fagales_Betulaceae_Corylus_cornuta,300,255,10,30,5,10
2429,08158_Plantae_Tracheophyta_Magnoliopsida_Fagales_Betulaceae_Ostrya_virginiana,300,255,10,30,5,10
2430,08159_Plantae_Tracheophyta_Magnoliopsida_Fagales_Casuarinaceae_Casuarina_equisetifolia,300,255,10,30,5,10
2431,08160_Plantae_Tracheophyta_Magnoliopsida_Fagales_Fagaceae_Castanea_dentata,300,255,10,30,5,10
2432,08161_Plantae_Tracheophyta_Magnoliopsida_Fagales_Fagaceae_Castanea_sativa,300,255,10,30,5,10
2433,08162_Plantae_Tracheophyta_Magnoliopsida_Fagales_Fagaceae_Chrysolepis_chrysophylla,300,255,10,30,5,10
2434,08163_Plantae_Tracheophyta_Magnoliopsida_Fagales_Fagaceae_Chrysolepis_sempervirens,300,255,10,30,5,10
2435,08164_Plantae_Tracheophyta_Magnoliopsida_Fagales_Fagaceae_Fagus_grandifolia,300,255,10,30,5,10
2436,08165_Plantae_Tracheophyta_Magnoliopsida_Fagales_Fagaceae_Fagus_sylvatica,300,255,10,30,5,10
2437,08166_Plantae_Tracheophyta_Magnoliopsida_Fagales_Fagaceae_Notholithocarpus_densiflorus,300,255,10,30,5,10
2438,08167_Plantae_Tracheophyta_Magnoliopsida_Fagales_Fagaceae_Quercus_agrifolia,300,255,10,30,5,10
2439,08168_Plantae_Tracheophyta_Magnoliopsida_Fagales_Fagaceae_Quercus_alba,300,255,10,30,5,10
2440,08169_Plantae_Tracheophyta_Magnoliopsida_Fagales_Fagaceae_Quercus_berberidifolia,300,255,10,30,5,10
2441,08170_Plantae_Tracheophyta_Magnoliopsida_Fagales_Fagaceae_Quercus_bicolor,300,255,10,30,5,10
2442,08171_Plantae_Tracheophyta_Magnoliopsida_Fagales_Fagaceae_Quercus_buckleyi,200,155,10,30,5,10
2443,08172_Plantae_Tracheophyta_Magnoliopsida_Fagales_Fagaceae_Quercus_chrysolepis,300,255,10,30,5,10
2444,08173_Plantae_Tracheophyta_Magnoliopsida_Fagales_Fagaceae_Quercus_coccifera,234,189,10,30,5,10
2445,08174_Plantae_Tracheophyta_Magnoliopsida_Fagales_Fagaceae_Quercus_coccinea,202,157,10,30,5,10
2446,08175_Plantae_Tracheophyta_Magnoliopsida_Fagales_Fagaceae_Quercus_cornelius-mulleri,162,117,10,30,5,10
2447,08176_Plantae_Tracheophyta_Magnoliopsida_Fagales_Fagaceae_Quercus_douglasii,300,255,10,30,5,10
2448,08177_Plantae_Tracheophyta_Magnoliopsida_Fagales_Fagaceae_Quercus_durata,300,255,10,30,5,10
2449,08178_Plantae_Tracheophyta_Magnoliopsida_Fagales_Fagaceae_Quercus_emoryi,195,150,10,30,5,10
2450,08179_Plantae_Tracheophyta_Magnoliopsida_Fagales_Fagaceae_Quercus_engelmannii,161,116,10,30,5,10
2451,08180_Plantae_Tracheophyta_Magnoliopsida_Fagales_Fagaceae_Quercus_falcata,300,255,10,30,5,10
2452,08181_Plantae_Tracheophyta_Magnoliopsida_Fagales_Fagaceae_Quercus_fusiformis,300,255,10,30,5,10
2453,08182_Plantae_Tracheophyta_Magnoliopsida_Fagales_Fagaceae_Quercus_gambelii,300,255,10,30,5,10
2454,08183_Plantae_Tracheophyta_Magnoliopsida_Fagales_Fagaceae_Quercus_garryana,300,255,10,30,5,10
2455,08184_Plantae_Tracheophyta_Magnoliopsida_Fagales_Fagaceae_Quercus_geminata,155,110,10,30,5,10
2456,08185_Plantae_Tracheophyta_Magnoliopsida_Fagales_Fagaceae_Quercus_ilex,300,255,10,30,5,10
2457,08186_Plantae_Tracheophyta_Magnoliopsida_Fagales_Fagaceae_Quercus_ilicifolia,300,255,10,30,5,10
2458,08187_Plantae_Tracheophyta_Magnoliopsida_Fagales_Fagaceae_Quercus_imbricaria,194,149,10,30,5,10
2459,08188_Plantae_Tracheophyta_Magnoliopsida_Fagales_Fagaceae_Quercus_kelloggii,300,255,10,30,5,10
2460,08189_Plantae_Tracheophyta_Magnoliopsida_Fagales_Fagaceae_Quercus_laevis,231,186,10,30,5,10
2461,08190_Plantae_Tracheophyta_Magnoliopsida_Fagales_Fagaceae_Quercus_lobata,300,255,10,30,5,10
2462,08191_Plantae_Tracheophyta_Magnoliopsida_Fagales_Fagaceae_Quercus_macrocarpa,300,255,10,30,5,10
2463,08192_Plantae_Tracheophyta_Magnoliopsida_Fagales_Fagaceae_Quercus_marilandica,300,255,10,30,5,10
2464,08193_Plantae_Tracheophyta_Magnoliopsida_Fagales_Fagaceae_Quercus_michauxii,273,228,10,30,5,10
2465,08194_Plantae_Tracheophyta_Magnoliopsida_Fagales_Fagaceae_Quercus_montana,300,255,10,30,5,10
2466,08195_Plantae_Tracheophyta_Magnoliopsida_Fagales_Fagaceae_Quercus_muehlenbergii,300,255,10,30,5,10
2467,08196_Plantae_Tracheophyta_Magnoliopsida_Fagales_Fagaceae_Quercus_nigra,300,255,10,30,5,10
2468,08197_Plantae_Tracheophyta_Magnoliopsida_Fagales_Fagaceae_Quercus_palustris,300,255,10,30,5,10
2469,08198_Plantae_Tracheophyta_Magnoliopsida_Fagales_Fagaceae_Quercus_phellos,300,255,10,30,5,10
2470,08199_Plantae_Tracheophyta_Magnoliopsida_Fagales_Fagaceae_Quercus_robur,300,255,10,30,5,10
2471,08200_Plantae_Tracheophyta_Magnoliopsida_Fagales_Fagaceae_Quercus_rotundifolia,300,255,10,30,5,10
2472,08201_Plantae_Tracheophyta_Magnoliopsida_Fagales_Fagaceae_Quercus_rubra,300,255,10,30,5,10
2473,08202_Plantae_Tracheophyta_Magnoliopsida_Fagales_Fagaceae_Quercus_shumardii,270,225,10,30,5,10
2474,08203_Plantae_Tracheophyta_Magnoliopsida_Fagales_Fagaceae_Quercus_sinuata,234,189,10,30,5,10
2475,08204_Plantae_Tracheophyta_Magnoliopsida_Fagales_Fagaceae_Quercus_stellata,300,255,10,30,5,10
2476,08205_Plantae_Tracheophyta_Magnoliopsida_Fagales_Fagaceae_Quercus_suber,300,255,10,30,5,10
2477,08206_Plantae_Tracheophyta_Magnoliopsida_Fagales_Fagaceae_Quercus_turbinella,300,255,10,30,5,10
2478,08207_Plantae_Tracheophyta_Magnoliopsida_Fagales_Fagaceae_Quercus_velutina,300,255,10,30,5,10
2479,08208_Plantae_Tracheophyta_Magnoliopsida_Fagales_Fagaceae_Quercus_virginiana,300,255,10,30,5,10
2480,08209_Plantae_Tracheophyta_Magnoliopsida_Fagales_Fagaceae_Quercus_wislizeni,274,229,10,30,5,10
2481,08210_Plantae_Tracheophyta_Magnoliopsida_Fagales_Juglandaceae_Carya_cordiformis,300,255,10,30,5,10
2482,08211_Plantae_Tracheophyta_Magnoliopsida_Fagales_Juglandaceae_Carya_glabra,277,232,10,30,5,10
2483,08212_Plantae_Tracheophyta_Magnoliopsida_Fagales_Juglandaceae_Carya_illinoinensis,300,255,10,30,5,10
2484,08213_Plantae_Tracheophyta_Magnoliopsida_Fagales_Juglandaceae_Carya_ovata,300,255,10,30,5,10
2485,08214_Plantae_Tracheophyta_Magnoliopsida_Fagales_Juglandaceae_Carya_tomentosa,240,195,10,30,5,10
2486,08215_Plantae_Tracheophyta_Magnoliopsida_Fagales_Juglandaceae_Juglans_californica,300,255,10,30,5,10
2487,08216_Plantae_Tracheophyta_Magnoliopsida_Fagales_Juglandaceae_Juglans_cinerea,300,255,10,30,5,10
2488,08217_Plantae_Tracheophyta_Magnoliopsida_Fagales_Juglandaceae_Juglans_nigra,300,255,10,30,5,10
2489,08218_Plantae_Tracheophyta_Magnoliopsida_Fagales_Juglandaceae_Juglans_regia,300,255,10,30,5,10
2490,08219_Plantae_Tracheophyta_Magnoliopsida_Fagales_Myricaceae_Comptonia_peregrina,300,255,10,30,5,10
2491,08220_Plantae_Tracheophyta_Magnoliopsida_Fagales_Myricaceae_Morella_californica,300,255,10,30,5,10
2492,08221_Plantae_Tracheophyta_Magnoliopsida_Fagales_Myricaceae_Morella_cerifera,300,255,10,30,5,10
2493,08222_Plantae_Tracheophyta_Magnoliopsida_Fagales_Myricaceae_Morella_pensylvanica,300,255,10,30,5,10
2494,08223_Plantae_Tracheophyta_Magnoliopsida_Fagales_Myricaceae_Myrica_gale,300,255,10,30,5,10
2495,08224_Plantae_Tracheophyta_Magnoliopsida_Fagales_Nothofagaceae_Nothofagus_cliffortioides,300,255,10,30,5,10
2496,08225_Plantae_Tracheophyta_Magnoliopsida_Fagales_Nothofagaceae_Nothofagus_menziesii,181,136,10,30,5,10
2497,08226_Plantae_Tracheophyta_Magnoliopsida_Garryales_Garryaceae_Garrya_elliptica,291,246,10,30,5,10
2498,08227_Plantae_Tracheophyta_Magnoliopsida_Garryales_Garryaceae_Garrya_lindheimeri,163,118,10,30,5,10
2499,08228_Plantae_Tracheophyta_Magnoliopsida_Gentianales_Apocynaceae_Amsonia_ciliata,197,152,10,30,5,10
2500,08229_Plantae_Tracheophyta_Magnoliopsida_Gentianales_Apocynaceae_Amsonia_tabernaemontana,240,195,10,30,5,10
2501,08230_Plantae_Tracheophyta_Magnoliopsida_Gentianales_Apocynaceae_Apocynum_androsaemifolium,300,255,10,30,5,10
2502,08231_Plantae_Tracheophyta_Magnoliopsida_Gentianales_Apocynaceae_Apocynum_cannabinum,300,255,10,30,5,10
2503,08232_Plantae_Tracheophyta_Magnoliopsida_Gentianales_Apocynaceae_Araujia_sericifera,300,255,10,30,5,10
2504,08233_Plantae_Tracheophyta_Magnoliopsida_Gentianales_Apocynaceae_Asclepias_albicans,163,118,10,30,5,10
2505,08234_Plantae_Tracheophyta_Magnoliopsida_Gentianales_Apocynaceae_Asclepias_amplexicaulis,300,255,10,30,5,10
2506,08235_Plantae_Tracheophyta_Magnoliopsida_Gentianales_Apocynaceae_Asclepias_asperula,300,255,10,30,5,10
2507,08236_Plantae_Tracheophyta_Magnoliopsida_Gentianales_Apocynaceae_Asclepias_californica,167,122,10,30,5,10
2508,08237_Plantae_Tracheophyta_Magnoliopsida_Gentianales_Apocynaceae_Asclepias_cordifolia,300,255,10,30,5,10
2509,08238_Plantae_Tracheophyta_Magnoliopsida_Gentianales_Apocynaceae_Asclepias_curassavica,300,255,10,30,5,10
2510,08239_Plantae_Tracheophyta_Magnoliopsida_Gentianales_Apocynaceae_Asclepias_eriocarpa,300,255,10,30,5,10
2511,08240_Plantae_Tracheophyta_Magnoliopsida_Gentianales_Apocynaceae_Asclepias_erosa,174,129,10,30,5,10
2512,08241_Plantae_Tracheophyta_Magnoliopsida_Gentianales_Apocynaceae_Asclepias_exaltata,300,255,10,30,5,10
2513,08242_Plantae_Tracheophyta_Magnoliopsida_Gentianales_Apocynaceae_Asclepias_fascicularis,300,255,10,30,5,10
2514,08243_Plantae_Tracheophyta_Magnoliopsida_Gentianales_Apocynaceae_Asclepias_hirtella,224,179,10,30,5,10
2515,08244_Plantae_Tracheophyta_Magnoliopsida_Gentianales_Apocynaceae_Asclepias_humistrata,291,246,10,30,5,10
2516,08245_Plantae_Tracheophyta_Magnoliopsida_Gentianales_Apocynaceae_Asclepias_incarnata,300,255,10,30,5,10
2517,08246_Plantae_Tracheophyta_Magnoliopsida_Gentianales_Apocynaceae_Asclepias_lanceolata,215,170,10,30,5,10
2518,08247_Plantae_Tracheophyta_Magnoliopsida_Gentianales_Apocynaceae_Asclepias_latifolia,300,255,10,30,5,10
2519,08248_Plantae_Tracheophyta_Magnoliopsida_Gentianales_Apocynaceae_Asclepias_linaria,300,255,10,30,5,10
2520,08249_Plantae_Tracheophyta_Magnoliopsida_Gentianales_Apocynaceae_Asclepias_oenotheroides,300,255,10,30,5,10
2521,08250_Plantae_Tracheophyta_Magnoliopsida_Gentianales_Apocynaceae_Asclepias_perennis,300,255,10,30,5,10
2522,08251_Plantae_Tracheophyta_Magnoliopsida_Gentianales_Apocynaceae_Asclepias_purpurascens,272,227,10,30,5,10
2523,08252_Plantae_Tracheophyta_Magnoliopsida_Gentianales_Apocynaceae_Asclepias_quadrifolia,271,226,10,30,5,10
2524,08253_Plantae_Tracheophyta_Magnoliopsida_Gentianales_Apocynaceae_Asclepias_speciosa,300,255,10,30,5,10
2525,08254_Plantae_Tracheophyta_Magnoliopsida_Gentianales_Apocynaceae_Asclepias_subulata,300,255,10,30,5,10
2526,08255_Plantae_Tracheophyta_Magnoliopsida_Gentianales_Apocynaceae_Asclepias_subverticillata,215,170,10,30,5,10
2527,08256_Plantae_Tracheophyta_Magnoliopsida_Gentianales_Apocynaceae_Asclepias_syriaca,300,255,10,30,5,10
2528,08257_Plantae_Tracheophyta_Magnoliopsida_Gentianales_Apocynaceae_Asclepias_tuberosa,300,255,10,30,5,10
2529,08258_Plantae_Tracheophyta_Magnoliopsida_Gentianales_Apocynaceae_Asclepias_variegata,300,255,10,30,5,10
2530,08259_Plantae_Tracheophyta_Magnoliopsida_Gentianales_Apocynaceae_Asclepias_verticillata,300,255,10,30,5,10
2531,08260_Plantae_Tracheophyta_Magnoliopsida_Gentianales_Apocynaceae_Asclepias_viridiflora,300,255,10,30,5,10
2532,08261_Plantae_Tracheophyta_Magnoliopsida_Gentianales_Apocynaceae_Asclepias_viridis,300,255,10,30,5,10
2533,08262_Plantae_Tracheophyta_Magnoliopsida_Gentianales_Apocynaceae_Calotropis_gigantea,249,204,10,30,5,10
2534,08263_Plantae_Tracheophyta_Magnoliopsida_Gentianales_Apocynaceae_Calotropis_procera,300,255,10,30,5,10
2535,08264_Plantae_Tracheophyta_Magnoliopsida_Gentianales_Apocynaceae_Carissa_bispinosa,153,108,10,30,5,10
2536,08265_Plantae_Tracheophyta_Magnoliopsida_Gentianales_Apocynaceae_Carissa_macrocarpa,169,124,10,30,5,10
2537,08266_Plantae_Tracheophyta_Magnoliopsida_Gentianales_Apocynaceae_Cascabela_thevetia,253,208,10,30,5,10
2538,08267_Plantae_Tracheophyta_Magnoliopsida_Gentianales_Apocynaceae_Catharanthus_roseus,300,255,10,30,5,10
2539,08268_Plantae_Tracheophyta_Magnoliopsida_Gentianales_Apocynaceae_Cynanchum_laeve,300,255,10,30,5,10
2540,08269_Plantae_Tracheophyta_Magnoliopsida_Gentianales_Apocynaceae_Funastrum_cynanchoides,189,144,10,30,5,10
2541,08270_Plantae_Tracheophyta_Magnoliopsida_Gentianales_Apocynaceae_Funastrum_heterophyllum,300,255,10,30,5,10
2542,08271_Plantae_Tracheophyta_Magnoliopsida_Gentianales_Apocynaceae_Funastrum_hirtellum,200,155,10,30,5,10
2543,08272_Plantae_Tracheophyta_Magnoliopsida_Gentianales_Apocynaceae_Gomphocarpus_cancellatus,157,112,10,30,5,10
2544,08273_Plantae_Tracheophyta_Magnoliopsida_Gentianales_Apocynaceae_Gomphocarpus_fruticosus,165,120,10,30,5,10
2545,08274_Plantae_Tracheophyta_Magnoliopsida_Gentianales_Apocynaceae_Gomphocarpus_physocarpus,300,255,10,30,5,10
2546,08275_Plantae_Tracheophyta_Magnoliopsida_Gentianales_Apocynaceae_Gonolobus_suberosus,300,255,10,30,5,10
2547,08276_Plantae_Tracheophyta_Magnoliopsida_Gentianales_Apocynaceae_Matelea_biflora,271,226,10,30,5,10
2548,08277_Plantae_Tracheophyta_Magnoliopsida_Gentianales_Apocynaceae_Matelea_reticulata,300,255,10,30,5,10
2549,08278_Plantae_Tracheophyta_Magnoliopsida_Gentianales_Apocynaceae_Nerium_oleander,300,255,10,30,5,10
2550,08279_Plantae_Tracheophyta_Magnoliopsida_Gentianales_Apocynaceae_Parsonsia_heterophylla,300,255,10,30,5,10
2551,08280_Plantae_Tracheophyta_Magnoliopsida_Gentianales_Apocynaceae_Plumeria_rubra,300,255,10,30,5,10
2552,08281_Plantae_Tracheophyta_Magnoliopsida_Gentianales_Apocynaceae_Trachelospermum_jasminoides,162,117,10,30,5,10
2553,08282_Plantae_Tracheophyta_Magnoliopsida_Gentianales_Apocynaceae_Vinca_major,300,255,10,30,5,10
2554,08283_Plantae_Tracheophyta_Magnoliopsida_Gentianales_Apocynaceae_Vinca_minor,300,255,10,30,5,10
2555,08284_Plantae_Tracheophyta_Magnoliopsida_Gentianales_Apocynaceae_Vincetoxicum_hirundinaria,300,255,10,30,5,10
2556,08285_Plantae_Tracheophyta_Magnoliopsida_Gentianales_Apocynaceae_Vincetoxicum_nigrum,255,210,10,30,5,10
2557,08286_Plantae_Tracheophyta_Magnoliopsida_Gentianales_Apocynaceae_Vincetoxicum_rossicum,300,255,10,30,5,10
2558,08287_Plantae_Tracheophyta_Magnoliopsida_Gentianales_Gelsemiaceae_Gelsemium_sempervirens,300,255,10,30,5,10
2559,08288_Plantae_Tracheophyta_Magnoliopsida_Gentianales_Gentianaceae_Blackstonia_perfoliata,184,139,10,30,5,10
2560,08289_Plantae_Tracheophyta_Magnoliopsida_Gentianales_Gentianaceae_Centaurium_erythraea,300,255,10,30,5,10
2561,08290_Plantae_Tracheophyta_Magnoliopsida_Gentianales_Gentianaceae_Centaurium_pulchellum,300,255,10,30,5,10
2562,08291_Plantae_Tracheophyta_Magnoliopsida_Gentianales_Gentianaceae_Chironia_baccifera,236,191,10,30,5,10
2563,08292_Plantae_Tracheophyta_Magnoliopsida_Gentianales_Gentianaceae_Eustoma_exaltatum,300,255,10,30,5,10
2564,08293_Plantae_Tracheophyta_Magnoliopsida_Gentianales_Gentianaceae_Frasera_caroliniensis,185,140,10,30,5,10
2565,08294_Plantae_Tracheophyta_Magnoliopsida_Gentianales_Gentianaceae_Frasera_speciosa,300,255,10,30,5,10
2566,08295_Plantae_Tracheophyta_Magnoliopsida_Gentianales_Gentianaceae_Gentiana_acaulis,300,255,10,30,5,10
2567,08296_Plantae_Tracheophyta_Magnoliopsida_Gentianales_Gentianaceae_Gentiana_alba,245,200,10,30,5,10
2568,08297_Plantae_Tracheophyta_Magnoliopsida_Gentianales_Gentianaceae_Gentiana_algida,171,126,10,30,5,10
2569,08298_Plantae_Tracheophyta_Magnoliopsida_Gentianales_Gentianaceae_Gentiana_andrewsii,300,255,10,30,5,10
2570,08299_Plantae_Tracheophyta_Magnoliopsida_Gentianales_Gentianaceae_Gentiana_asclepiadea,300,255,10,30,5,10
2571,08300_Plantae_Tracheophyta_Magnoliopsida_Gentianales_Gentianaceae_Gentiana_calycosa,300,255,10,30,5,10
2572,08301_Plantae_Tracheophyta_Magnoliopsida_Gentianales_Gentianaceae_Gentiana_clausa,171,126,10,30,5,10
2573,08302_Plantae_Tracheophyta_Magnoliopsida_Gentianales_Gentianaceae_Gentiana_cruciata,254,209,10,30,5,10
2574,08303_Plantae_Tracheophyta_Magnoliopsida_Gentianales_Gentianaceae_Gentiana_linearis,158,113,10,30,5,10
2575,08304_Plantae_Tracheophyta_Magnoliopsida_Gentianales_Gentianaceae_Gentiana_lutea,300,255,10,30,5,10
2576,08305_Plantae_Tracheophyta_Magnoliopsida_Gentianales_Gentianaceae_Gentiana_pneumonanthe,182,137,10,30,5,10
2577,08306_Plantae_Tracheophyta_Magnoliopsida_Gentianales_Gentianaceae_Gentiana_sedifolia,167,122,10,30,5,10
2578,08307_Plantae_Tracheophyta_Magnoliopsida_Gentianales_Gentianaceae_Gentiana_verna,300,255,10,30,5,10
2579,08308_Plantae_Tracheophyta_Magnoliopsida_Gentianales_Gentianaceae_Gentianella_amarella,193,148,10,30,5,10
2580,08309_Plantae_Tracheophyta_Magnoliopsida_Gentianales_Gentianaceae_Gentianopsis_ciliata,168,123,10,30,5,10
2581,08310_Plantae_Tracheophyta_Magnoliopsida_Gentianales_Gentianaceae_Gentianopsis_crinita,231,186,10,30,5,10
2582,08311_Plantae_Tracheophyta_Magnoliopsida_Gentianales_Gentianaceae_Obolaria_virginica,277,232,10,30,5,10
2583,08312_Plantae_Tracheophyta_Magnoliopsida_Gentianales_Gentianaceae_Sabatia_angularis,300,255,10,30,5,10
2584,08313_Plantae_Tracheophyta_Magnoliopsida_Gentianales_Gentianaceae_Sabatia_campestris,300,255,10,30,5,10
2585,08314_Plantae_Tracheophyta_Magnoliopsida_Gentianales_Gentianaceae_Sabatia_stellaris,177,132,10,30,5,10
2586,08315_Plantae_Tracheophyta_Magnoliopsida_Gentianales_Gentianaceae_Zeltnera_texensis,182,137,10,30,5,10
2587,08316_Plantae_Tracheophyta_Magnoliopsida_Gentianales_Gentianaceae_Zeltnera_venusta,300,255,10,30,5,10
2588,08317_Plantae_Tracheophyta_Magnoliopsida_Gentianales_Loganiaceae_Geniostoma_ligustrifolium,300,255,10,30,5,10
2589,08318_Plantae_Tracheophyta_Magnoliopsida_Gentianales_Loganiaceae_Spigelia_marilandica,300,255,10,30,5,10
2590,08319_Plantae_Tracheophyta_Magnoliopsida_Gentianales_Rubiaceae_Bouvardia_ternifolia,300,255,10,30,5,10
2591,08320_Plantae_Tracheophyta_Magnoliopsida_Gentianales_Rubiaceae_Cephalanthus_occidentalis,300,255,10,30,5,10
2592,08321_Plantae_Tracheophyta_Magnoliopsida_Gentianales_Rubiaceae_Coffea_arabica,205,160,10,30,5,10
2593,08322_Plantae_Tracheophyta_Magnoliopsida_Gentianales_Rubiaceae_Coprosma_acerosa,300,255,10,30,5,10
2594,08323_Plantae_Tracheophyta_Magnoliopsida_Gentianales_Rubiaceae_Coprosma_areolata,253,208,10,30,5,10
2595,08324_Plantae_Tracheophyta_Magnoliopsida_Gentianales_Rubiaceae_Coprosma_crassifolia,209,164,10,30,5,10
2596,08325_Plantae_Tracheophyta_Magnoliopsida_Gentianales_Rubiaceae_Coprosma_dumosa,198,153,10,30,5,10
2597,08326_Plantae_Tracheophyta_Magnoliopsida_Gentianales_Rubiaceae_Coprosma_foetidissima,252,207,10,30,5,10
2598,08327_Plantae_Tracheophyta_Magnoliopsida_Gentianales_Rubiaceae_Coprosma_grandifolia,300,255,10,30,5,10
2599,08328_Plantae_Tracheophyta_Magnoliopsida_Gentianales_Rubiaceae_Coprosma_lucida,300,255,10,30,5,10
2600,08329_Plantae_Tracheophyta_Magnoliopsida_Gentianales_Rubiaceae_Coprosma_propinqua,300,255,10,30,5,10
2601,08330_Plantae_Tracheophyta_Magnoliopsida_Gentianales_Rubiaceae_Coprosma_repens,300,255,10,30,5,10
2602,08331_Plantae_Tracheophyta_Magnoliopsida_Gentianales_Rubiaceae_Coprosma_rhamnoides,300,255,10,30,5,10
2603,08332_Plantae_Tracheophyta_Magnoliopsida_Gentianales_Rubiaceae_Coprosma_robusta,300,255,10,30,5,10
2604,08333_Plantae_Tracheophyta_Magnoliopsida_Gentianales_Rubiaceae_Coprosma_rotundifolia,248,203,10,30,5,10
2605,08334_Plantae_Tracheophyta_Magnoliopsida_Gentianales_Rubiaceae_Cruciata_laevipes,300,255,10,30,5,10
2606,08335_Plantae_Tracheophyta_Magnoliopsida_Gentianales_Rubiaceae_Diodia_virginiana,300,255,10,30,5,10
2607,08336_Plantae_Tracheophyta_Magnoliopsida_Gentianales_Rubiaceae_Galium_album,173,128,10,30,5,10
2608,08337_Plantae_Tracheophyta_Magnoliopsida_Gentianales_Rubiaceae_Galium_angustifolium,288,243,10,30,5,10
2609,08338_Plantae_Tracheophyta_Magnoliopsida_Gentianales_Rubiaceae_Galium_aparine,300,255,10,30,5,10
2610,08339_Plantae_Tracheophyta_Magnoliopsida_Gentianales_Rubiaceae_Galium_boreale,300,255,10,30,5,10
2611,08340_Plantae_Tracheophyta_Magnoliopsida_Gentianales_Rubiaceae_Galium_circaezans,300,255,10,30,5,10
2612,08341_Plantae_Tracheophyta_Magnoliopsida_Gentianales_Rubiaceae_Galium_mollugo,300,255,10,30,5,10
2613,08342_Plantae_Tracheophyta_Magnoliopsida_Gentianales_Rubiaceae_Galium_odoratum,300,255,10,30,5,10
2614,08343_Plantae_Tracheophyta_Magnoliopsida_Gentianales_Rubiaceae_Galium_palustre,300,255,10,30,5,10
2615,08344_Plantae_Tracheophyta_Magnoliopsida_Gentianales_Rubiaceae_Galium_triflorum,300,255,10,30,5,10
2616,08345_Plantae_Tracheophyta_Magnoliopsida_Gentianales_Rubiaceae_Galium_verum,300,255,10,30,5,10
2617,08346_Plantae_Tracheophyta_Magnoliopsida_Gentianales_Rubiaceae_Hamelia_patens,300,255,10,30,5,10
2618,08347_Plantae_Tracheophyta_Magnoliopsida_Gentianales_Rubiaceae_Hexasepalum_teres,300,255,10,30,5,10
2619,08348_Plantae_Tracheophyta_Magnoliopsida_Gentianales_Rubiaceae_Houstonia_caerulea,300,255,10,30,5,10
2620,08349_Plantae_Tracheophyta_Magnoliopsida_Gentianales_Rubiaceae_Houstonia_longifolia,274,229,10,30,5,10
2621,08350_Plantae_Tracheophyta_Magnoliopsida_Gentianales_Rubiaceae_Houstonia_procumbens,187,142,10,30,5,10
2622,08351_Plantae_Tracheophyta_Magnoliopsida_Gentianales_Rubiaceae_Houstonia_purpurea,263,218,10,30,5,10
2623,08352_Plantae_Tracheophyta_Magnoliopsida_Gentianales_Rubiaceae_Houstonia_pusilla,300,255,10,30,5,10
2624,08353_Plantae_Tracheophyta_Magnoliopsida_Gentianales_Rubiaceae_Ixora_coccinea,240,195,10,30,5,10
2625,08354_Plantae_Tracheophyta_Magnoliopsida_Gentianales_Rubiaceae_Mitchella_repens,300,255,10,30,5,10
2626,08355_Plantae_Tracheophyta_Magnoliopsida_Gentianales_Rubiaceae_Morinda_citrifolia,300,255,10,30,5,10
2627,08356_Plantae_Tracheophyta_Magnoliopsida_Gentianales_Rubiaceae_Nertera_depressa,172,127,10,30,5,10
2628,08357_Plantae_Tracheophyta_Magnoliopsida_Gentianales_Rubiaceae_Oldenlandia_corymbosa,274,229,10,30,5,10
2629,08358_Plantae_Tracheophyta_Magnoliopsida_Gentianales_Rubiaceae_Paederia_foetida,300,255,10,30,5,10
2630,08359_Plantae_Tracheophyta_Magnoliopsida_Gentianales_Rubiaceae_Psychotria_asiatica,156,111,10,30,5,10
2631,08360_Plantae_Tracheophyta_Magnoliopsida_Gentianales_Rubiaceae_Psychotria_nervosa,300,255,10,30,5,10
2632,08361_Plantae_Tracheophyta_Magnoliopsida_Gentianales_Rubiaceae_Psychotria_poeppigiana,281,236,10,30,5,10
2633,08362_Plantae_Tracheophyta_Magnoliopsida_Gentianales_Rubiaceae_Richardia_grandiflora,300,255,10,30,5,10
2634,08363_Plantae_Tracheophyta_Magnoliopsida_Gentianales_Rubiaceae_Sherardia_arvensis,300,255,10,30,5,10
2635,08364_Plantae_Tracheophyta_Magnoliopsida_Gentianales_Rubiaceae_Spermacoce_verticillata,201,156,10,30,5,10
2636,08365_Plantae_Tracheophyta_Magnoliopsida_Gentianales_Rubiaceae_Stenaria_nigricans,300,255,10,30,5,10
2637,08366_Plantae_Tracheophyta_Magnoliopsida_Geraniales_Geraniaceae_Erodium_botrys,300,255,10,30,5,10
2638,08367_Plantae_Tracheophyta_Magnoliopsida_Geraniales_Geraniaceae_Erodium_cicutarium,300,255,10,30,5,10
2639,08368_Plantae_Tracheophyta_Magnoliopsida_Geraniales_Geraniaceae_Erodium_moschatum,300,255,10,30,5,10
2640,08369_Plantae_Tracheophyta_Magnoliopsida_Geraniales_Geraniaceae_Erodium_texanum,300,255,10,30,5,10
2641,08370_Plantae_Tracheophyta_Magnoliopsida_Geraniales_Geraniaceae_Geranium_caespitosum,300,255,10,30,5,10
2642,08371_Plantae_Tracheophyta_Magnoliopsida_Geraniales_Geraniaceae_Geranium_carolinianum,300,255,10,30,5,10
2643,08372_Plantae_Tracheophyta_Magnoliopsida_Geraniales_Geraniaceae_Geranium_dissectum,300,255,10,30,5,10
2644,08373_Plantae_Tracheophyta_Magnoliopsida_Geraniales_Geraniaceae_Geranium_erianthum,300,255,10,30,5,10
2645,08374_Plantae_Tracheophyta_Magnoliopsida_Geraniales_Geraniaceae_Geranium_lucidum,300,255,10,30,5,10
2646,08375_Plantae_Tracheophyta_Magnoliopsida_Geraniales_Geraniaceae_Geranium_maculatum,300,255,10,30,5,10
2647,08376_Plantae_Tracheophyta_Magnoliopsida_Geraniales_Geraniaceae_Geranium_molle,300,255,10,30,5,10
2648,08377_Plantae_Tracheophyta_Magnoliopsida_Geraniales_Geraniaceae_Geranium_palustre,300,255,10,30,5,10
2649,08378_Plantae_Tracheophyta_Magnoliopsida_Geraniales_Geraniaceae_Geranium_phaeum,164,119,10,30,5,10
2650,08379_Plantae_Tracheophyta_Magnoliopsida_Geraniales_Geraniaceae_Geranium_pratense,300,255,10,30,5,10
2651,08380_Plantae_Tracheophyta_Magnoliopsida_Geraniales_Geraniaceae_Geranium_purpureum,177,132,10,30,5,10
2652,08381_Plantae_Tracheophyta_Magnoliopsida_Geraniales_Geraniaceae_Geranium_pusillum,215,170,10,30,5,10
2653,08382_Plantae_Tracheophyta_Magnoliopsida_Geraniales_Geraniaceae_Geranium_pyrenaicum,284,239,10,30,5,10
2654,08383_Plantae_Tracheophyta_Magnoliopsida_Geraniales_Geraniaceae_Geranium_richardsonii,300,255,10,30,5,10
2655,08384_Plantae_Tracheophyta_Magnoliopsida_Geraniales_Geraniaceae_Geranium_robertianum,300,255,10,30,5,10
2656,08385_Plantae_Tracheophyta_Magnoliopsida_Geraniales_Geraniaceae_Geranium_sanguineum,300,255,10,30,5,10
2657,08386_Plantae_Tracheophyta_Magnoliopsida_Geraniales_Geraniaceae_Geranium_sibiricum,300,255,10,30,5,10
2658,08387_Plantae_Tracheophyta_Magnoliopsida_Geraniales_Geraniaceae_Geranium_sylvaticum,300,255,10,30,5,10
2659,08388_Plantae_Tracheophyta_Magnoliopsida_Geraniales_Geraniaceae_Geranium_viscosissimum,300,255,10,30,5,10
2660,08389_Plantae_Tracheophyta_Magnoliopsida_Geraniales_Geraniaceae_Pelargonium_capitatum,300,255,10,30,5,10
2661,08390_Plantae_Tracheophyta_Magnoliopsida_Geraniales_Geraniaceae_Pelargonium_cucullatum,229,184,10,30,5,10
2662,08391_Plantae_Tracheophyta_Magnoliopsida_Geraniales_Geraniaceae_Pelargonium_triste,250,205,10,30,5,10
2663,08392_Plantae_Tracheophyta_Magnoliopsida_Gunnerales_Gunneraceae_Gunnera_tinctoria,180,135,10,30,5,10
2664,08393_Plantae_Tracheophyta_Magnoliopsida_Lamiales_Acanthaceae_Acanthus_mollis,300,255,10,30,5,10
2665,08394_Plantae_Tracheophyta_Magnoliopsida_Lamiales_Acanthaceae_Asystasia_gangetica,300,255,10,30,5,10
2666,08395_Plantae_Tracheophyta_Magnoliopsida_Lamiales_Acanthaceae_Avicennia_germinans,300,255,10,30,5,10
2667,08396_Plantae_Tracheophyta_Magnoliopsida_Lamiales_Acanthaceae_Avicennia_marina,300,255,10,30,5,10
2668,08397_Plantae_Tracheophyta_Magnoliopsida_Lamiales_Acanthaceae_Dicliptera_brachiata,162,117,10,30,5,10
2669,08398_Plantae_Tracheophyta_Magnoliopsida_Lamiales_Acanthaceae_Dyschoriste_linearis,172,127,10,30,5,10
2670,08399_Plantae_Tracheophyta_Magnoliopsida_Lamiales_Acanthaceae_Hypoestes_phyllostachya,173,128,10,30,5,10
2671,08400_Plantae_Tracheophyta_Magnoliopsida_Lamiales_Acanthaceae_Justicia_americana,300,255,10,30,5,10
2672,08401_Plantae_Tracheophyta_Magnoliopsida_Lamiales_Acanthaceae_Justicia_californica,300,255,10,30,5,10
2673,08402_Plantae_Tracheophyta_Magnoliopsida_Lamiales_Acanthaceae_Justicia_pilosella,226,181,10,30,5,10
2674,08403_Plantae_Tracheophyta_Magnoliopsida_Lamiales_Acanthaceae_Pachystachys_lutea,172,127,10,30,5,10
2675,08404_Plantae_Tracheophyta_Magnoliopsida_Lamiales_Acanthaceae_Ruellia_blechum,163,118,10,30,5,10
2676,08405_Plantae_Tracheophyta_Magnoliopsida_Lamiales_Acanthaceae_Ruellia_caroliniensis,300,255,10,30,5,10
2677,08406_Plantae_Tracheophyta_Magnoliopsida_Lamiales_Acanthaceae_Ruellia_humilis,300,255,10,30,5,10
2678,08407_Plantae_Tracheophyta_Magnoliopsida_Lamiales_Acanthaceae_Ruellia_nudiflora,300,255,10,30,5,10
2679,08408_Plantae_Tracheophyta_Magnoliopsida_Lamiales_Acanthaceae_Ruellia_simplex,300,255,10,30,5,10
2680,08409_Plantae_Tracheophyta_Magnoliopsida_Lamiales_Acanthaceae_Ruellia_strepens,278,233,10,30,5,10
2681,08410_Plantae_Tracheophyta_Magnoliopsida_Lamiales_Acanthaceae_Thunbergia_alata,300,255,10,30,5,10
2682,08411_Plantae_Tracheophyta_Magnoliopsida_Lamiales_Acanthaceae_Thunbergia_grandiflora,251,206,10,30,5,10
2683,08412_Plantae_Tracheophyta_Magnoliopsida_Lamiales_Bignoniaceae_Bignonia_capreolata,300,255,10,30,5,10
2684,08413_Plantae_Tracheophyta_Magnoliopsida_Lamiales_Bignoniaceae_Campsis_radicans,300,255,10,30,5,10
2685,08414_Plantae_Tracheophyta_Magnoliopsida_Lamiales_Bignoniaceae_Catalpa_speciosa,300,255,10,30,5,10
2686,08415_Plantae_Tracheophyta_Magnoliopsida_Lamiales_Bignoniaceae_Chilopsis_linearis,300,255,10,30,5,10
2687,08416_Plantae_Tracheophyta_Magnoliopsida_Lamiales_Bignoniaceae_Crescentia_cujete,164,119,10,30,5,10
2688,08417_Plantae_Tracheophyta_Magnoliopsida_Lamiales_Bignoniaceae_Jacaranda_mimosifolia,193,148,10,30,5,10
2689,08418_Plantae_Tracheophyta_Magnoliopsida_Lamiales_Bignoniaceae_Spathodea_campanulata,300,255,10,30,5,10
2690,08419_Plantae_Tracheophyta_Magnoliopsida_Lamiales_Bignoniaceae_Tabebuia_rosea,277,232,10,30,5,10
2691,08420_Plantae_Tracheophyta_Magnoliopsida_Lamiales_Bignoniaceae_Tecoma_stans,300,255,10,30,5,10
2692,08421_Plantae_Tracheophyta_Magnoliopsida_Lamiales_Bignoniaceae_Tecomaria_capensis,300,255,10,30,5,10
2693,08422_Plantae_Tracheophyta_Magnoliopsida_Lamiales_Gesneriaceae_Rhabdothamnus_solandri,164,119,10,30,5,10
2694,08423_Plantae_Tracheophyta_Magnoliopsida_Lamiales_Lamiaceae_Agastache_foeniculum,288,243,10,30,5,10
2695,08424_Plantae_Tracheophyta_Magnoliopsida_Lamiales_Lamiaceae_Agastache_urticifolia,275,230,10,30,5,10
2696,08425_Plantae_Tracheophyta_Magnoliopsida_Lamiales_Lamiaceae_Ajuga_chamaepitys,156,111,10,30,5,10
2697,08426_Plantae_Tracheophyta_Magnoliopsida_Lamiales_Lamiaceae_Ajuga_genevensis,204,159,10,30,5,10
2698,08427_Plantae_Tracheophyta_Magnoliopsida_Lamiales_Lamiaceae_Ajuga_reptans,300,255,10,30,5,10
2699,08428_Plantae_Tracheophyta_Magnoliopsida_Lamiales_Lamiaceae_Ballota_nigra,300,255,10,30,5,10
2700,08429_Plantae_Tracheophyta_Magnoliopsida_Lamiales_Lamiaceae_Betonica_officinalis,300,255,10,30,5,10
2701,08430_Plantae_Tracheophyta_Magnoliopsida_Lamiales_Lamiaceae_Blephilia_hirsuta,256,211,10,30,5,10
2702,08431_Plantae_Tracheophyta_Magnoliopsida_Lamiales_Lamiaceae_Callicarpa_americana,300,255,10,30,5,10
2703,08432_Plantae_Tracheophyta_Magnoliopsida_Lamiales_Lamiaceae_Callicarpa_formosana,162,117,10,30,5,10
2704,08433_Plantae_Tracheophyta_Magnoliopsida_Lamiales_Lamiaceae_Clinopodium_acinos,155,110,10,30,5,10
2705,08434_Plantae_Tracheophyta_Magnoliopsida_Lamiales_Lamiaceae_Clinopodium_douglasii,300,255,10,30,5,10
2706,08435_Plantae_Tracheophyta_Magnoliopsida_Lamiales_Lamiaceae_Clinopodium_vulgare,300,255,10,30,5,10
2707,08436_Plantae_Tracheophyta_Magnoliopsida_Lamiales_Lamiaceae_Collinsonia_canadensis,300,255,10,30,5,10
2708,08437_Plantae_Tracheophyta_Magnoliopsida_Lamiales_Lamiaceae_Condea_emoryi,300,255,10,30,5,10
2709,08438_Plantae_Tracheophyta_Magnoliopsida_Lamiales_Lamiaceae_Cunila_origanoides,166,121,10,30,5,10
2710,08439_Plantae_Tracheophyta_Magnoliopsida_Lamiales_Lamiaceae_Galeopsis_bifida,300,255,10,30,5,10
2711,08440_Plantae_Tracheophyta_Magnoliopsida_Lamiales_Lamiaceae_Galeopsis_speciosa,300,255,10,30,5,10
2712,08441_Plantae_Tracheophyta_Magnoliopsida_Lamiales_Lamiaceae_Galeopsis_tetrahit,300,255,10,30,5,10
2713,08442_Plantae_Tracheophyta_Magnoliopsida_Lamiales_Lamiaceae_Glechoma_hederacea,300,255,10,30,5,10
2714,08443_Plantae_Tracheophyta_Magnoliopsida_Lamiales_Lamiaceae_Hedeoma_acinoides,236,191,10,30,5,10
2715,08444_Plantae_Tracheophyta_Magnoliopsida_Lamiales_Lamiaceae_Hyptis_alata,222,177,10,30,5,10
2716,08445_Plantae_Tracheophyta_Magnoliopsida_Lamiales_Lamiaceae_Lamium_album,300,255,10,30,5,10
2717,08446_Plantae_Tracheophyta_Magnoliopsida_Lamiales_Lamiaceae_Lamium_amplexicaule,300,255,10,30,5,10
2718,08447_Plantae_Tracheophyta_Magnoliopsida_Lamiales_Lamiaceae_Lamium_galeobdolon,300,255,10,30,5,10
2719,08448_Plantae_Tracheophyta_Magnoliopsida_Lamiales_Lamiaceae_Lamium_maculatum,300,255,10,30,5,10
2720,08449_Plantae_Tracheophyta_Magnoliopsida_Lamiales_Lamiaceae_Lamium_purpureum,300,255,10,30,5,10
2721,08450_Plantae_Tracheophyta_Magnoliopsida_Lamiales_Lamiaceae_Lavandula_stoechas,209,164,10,30,5,10
2722,08451_Plantae_Tracheophyta_Magnoliopsida_Lamiales_Lamiaceae_Leonotis_leonurus,289,244,10,30,5,10
2723,08452_Plantae_Tracheophyta_Magnoliopsida_Lamiales_Lamiaceae_Leonotis_nepetifolia,300,255,10,30,5,10
2724,08453_Plantae_Tracheophyta_Magnoliopsida_Lamiales_Lamiaceae_Leonurus_cardiaca,300,255,10,30,5,10
2725,08454_Plantae_Tracheophyta_Magnoliopsida_Lamiales_Lamiaceae_Leonurus_quinquelobatus,300,255,10,30,5,10
2726,08455_Plantae_Tracheophyta_Magnoliopsida_Lamiales_Lamiaceae_Lepechinia_calycina,300,255,10,30,5,10
2727,08456_Plantae_Tracheophyta_Magnoliopsida_Lamiales_Lamiaceae_Lycopus_americanus,300,255,10,30,5,10
2728,08457_Plantae_Tracheophyta_Magnoliopsida_Lamiales_Lamiaceae_Lycopus_europaeus,300,255,10,30,5,10
2729,08458_Plantae_Tracheophyta_Magnoliopsida_Lamiales_Lamiaceae_Lycopus_uniflorus,300,255,10,30,5,10
2730,08459_Plantae_Tracheophyta_Magnoliopsida_Lamiales_Lamiaceae_Marrubium_vulgare,300,255,10,30,5,10
2731,08460_Plantae_Tracheophyta_Magnoliopsida_Lamiales_Lamiaceae_Melissa_officinalis,300,255,10,30,5,10
2732,08461_Plantae_Tracheophyta_Magnoliopsida_Lamiales_Lamiaceae_Melittis_melissophyllum,222,177,10,30,5,10
2733,08462_Plantae_Tracheophyta_Magnoliopsida_Lamiales_Lamiaceae_Mentha_aquatica,300,255,10,30,5,10
2734,08463_Plantae_Tracheophyta_Magnoliopsida_Lamiales_Lamiaceae_Mentha_arvensis,300,255,10,30,5,10
2735,08464_Plantae_Tracheophyta_Magnoliopsida_Lamiales_Lamiaceae_Mentha_canadensis,300,255,10,30,5,10
2736,08465_Plantae_Tracheophyta_Magnoliopsida_Lamiales_Lamiaceae_Mentha_longifolia,300,255,10,30,5,10
2737,08466_Plantae_Tracheophyta_Magnoliopsida_Lamiales_Lamiaceae_Mentha_pulegium,300,255,10,30,5,10
2738,08467_Plantae_Tracheophyta_Magnoliopsida_Lamiales_Lamiaceae_Mentha_spicata,167,122,10,30,5,10
2739,08468_Plantae_Tracheophyta_Magnoliopsida_Lamiales_Lamiaceae_Monarda_citriodora,300,255,10,30,5,10
2740,08469_Plantae_Tracheophyta_Magnoliopsida_Lamiales_Lamiaceae_Monarda_didyma,300,255,10,30,5,10
2741,08470_Plantae_Tracheophyta_Magnoliopsida_Lamiales_Lamiaceae_Monarda_fistulosa,300,255,10,30,5,10
2742,08471_Plantae_Tracheophyta_Magnoliopsida_Lamiales_Lamiaceae_Monarda_punctata,300,255,10,30,5,10
2743,08472_Plantae_Tracheophyta_Magnoliopsida_Lamiales_Lamiaceae_Monardella_odoratissima,300,255,10,30,5,10
2744,08473_Plantae_Tracheophyta_Magnoliopsida_Lamiales_Lamiaceae_Monardella_villosa,300,255,10,30,5,10
2745,08474_Plantae_Tracheophyta_Magnoliopsida_Lamiales_Lamiaceae_Nepeta_cataria,300,255,10,30,5,10
2746,08475_Plantae_Tracheophyta_Magnoliopsida_Lamiales_Lamiaceae_Origanum_vulgare,300,255,10,30,5,10
2747,08476_Plantae_Tracheophyta_Magnoliopsida_Lamiales_Lamiaceae_Perilla_frutescens,300,255,10,30,5,10
2748,08477_Plantae_Tracheophyta_Magnoliopsida_Lamiales_Lamiaceae_Phlomoides_tuberosa,300,255,10,30,5,10
2749,08478_Plantae_Tracheophyta_Magnoliopsida_Lamiales_Lamiaceae_Physostegia_virginiana,300,255,10,30,5,10
2750,08479_Plantae_Tracheophyta_Magnoliopsida_Lamiales_Lamiaceae_Prunella_vulgaris,300,255,10,30,5,10
2751,08480_Plantae_Tracheophyta_Magnoliopsida_Lamiales_Lamiaceae_Pycnanthemum_tenuifolium,300,255,10,30,5,10
2752,08481_Plantae_Tracheophyta_Magnoliopsida_Lamiales_Lamiaceae_Pycnanthemum_virginianum,300,255,10,30,5,10
2753,08482_Plantae_Tracheophyta_Magnoliopsida_Lamiales_Lamiaceae_Salvia_apiana,300,255,10,30,5,10
2754,08483_Plantae_Tracheophyta_Magnoliopsida_Lamiales_Lamiaceae_Salvia_aurea,189,144,10,30,5,10
2755,08484_Plantae_Tracheophyta_Magnoliopsida_Lamiales_Lamiaceae_Salvia_azurea,300,255,10,30,5,10
2756,08485_Plantae_Tracheophyta_Magnoliopsida_Lamiales_Lamiaceae_Salvia_coccinea,300,255,10,30,5,10
2757,08486_Plantae_Tracheophyta_Magnoliopsida_Lamiales_Lamiaceae_Salvia_columbariae,300,255,10,30,5,10
2758,08487_Plantae_Tracheophyta_Magnoliopsida_Lamiales_Lamiaceae_Salvia_dorrii,284,239,10,30,5,10
2759,08488_Plantae_Tracheophyta_Magnoliopsida_Lamiales_Lamiaceae_Salvia_farinacea,300,255,10,30,5,10
2760,08489_Plantae_Tracheophyta_Magnoliopsida_Lamiales_Lamiaceae_Salvia_glutinosa,257,212,10,30,5,10
2761,08490_Plantae_Tracheophyta_Magnoliopsida_Lamiales_Lamiaceae_Salvia_leucophylla,300,255,10,30,5,10
2762,08491_Plantae_Tracheophyta_Magnoliopsida_Lamiales_Lamiaceae_Salvia_lyrata,300,255,10,30,5,10
2763,08492_Plantae_Tracheophyta_Magnoliopsida_Lamiales_Lamiaceae_Salvia_mellifera,300,255,10,30,5,10
2764,08493_Plantae_Tracheophyta_Magnoliopsida_Lamiales_Lamiaceae_Salvia_microphylla,193,148,10,30,5,10
2765,08494_Plantae_Tracheophyta_Magnoliopsida_Lamiales_Lamiaceae_Salvia_pratensis,300,255,10,30,5,10
2766,08495_Plantae_Tracheophyta_Magnoliopsida_Lamiales_Lamiaceae_Salvia_roemeriana,300,255,10,30,5,10
2767,08496_Plantae_Tracheophyta_Magnoliopsida_Lamiales_Lamiaceae_Salvia_rosmarinus,300,255,10,30,5,10
2768,08497_Plantae_Tracheophyta_Magnoliopsida_Lamiales_Lamiaceae_Salvia_spathacea,300,255,10,30,5,10
2769,08498_Plantae_Tracheophyta_Magnoliopsida_Lamiales_Lamiaceae_Salvia_texana,274,229,10,30,5,10
2770,08499_Plantae_Tracheophyta_Magnoliopsida_Lamiales_Lamiaceae_Salvia_verticillata,197,152,10,30,5,10
2771,08500_Plantae_Tracheophyta_Magnoliopsida_Lamiales_Lamiaceae_Scutellaria_drummondii,300,255,10,30,5,10
2772,08501_Plantae_Tracheophyta_Magnoliopsida_Lamiales_Lamiaceae_Scutellaria_galericulata,300,255,10,30,5,10
2773,08502_Plantae_Tracheophyta_Magnoliopsida_Lamiales_Lamiaceae_Scutellaria_integrifolia,253,208,10,30,5,10
2774,08503_Plantae_Tracheophyta_Magnoliopsida_Lamiales_Lamiaceae_Scutellaria_lateriflora,300,255,10,30,5,10
2775,08504_Plantae_Tracheophyta_Magnoliopsida_Lamiales_Lamiaceae_Scutellaria_mexicana,300,255,10,30,5,10
2776,08505_Plantae_Tracheophyta_Magnoliopsida_Lamiales_Lamiaceae_Scutellaria_parvula,174,129,10,30,5,10
2777,08506_Plantae_Tracheophyta_Magnoliopsida_Lamiales_Lamiaceae_Scutellaria_tuberosa,253,208,10,30,5,10
2778,08507_Plantae_Tracheophyta_Magnoliopsida_Lamiales_Lamiaceae_Stachys_bullata,300,255,10,30,5,10
2779,08508_Plantae_Tracheophyta_Magnoliopsida_Lamiales_Lamiaceae_Stachys_byzantina,173,128,10,30,5,10
2780,08509_Plantae_Tracheophyta_Magnoliopsida_Lamiales_Lamiaceae_Stachys_chamissonis,300,255,10,30,5,10
2781,08510_Plantae_Tracheophyta_Magnoliopsida_Lamiales_Lamiaceae_Stachys_coccinea,164,119,10,30,5,10
2782,08511_Plantae_Tracheophyta_Magnoliopsida_Lamiales_Lamiaceae_Stachys_floridana,181,136,10,30,5,10
2783,08512_Plantae_Tracheophyta_Magnoliopsida_Lamiales_Lamiaceae_Stachys_palustris,300,255,10,30,5,10
2784,08513_Plantae_Tracheophyta_Magnoliopsida_Lamiales_Lamiaceae_Stachys_recta,270,225,10,30,5,10
2785,08514_Plantae_Tracheophyta_Magnoliopsida_Lamiales_Lamiaceae_Stachys_sylvatica,300,255,10,30,5,10
2786,08515_Plantae_Tracheophyta_Magnoliopsida_Lamiales_Lamiaceae_Teucrium_canadense,300,255,10,30,5,10
2787,08516_Plantae_Tracheophyta_Magnoliopsida_Lamiales_Lamiaceae_Teucrium_chamaedrys,189,144,10,30,5,10
2788,08517_Plantae_Tracheophyta_Magnoliopsida_Lamiales_Lamiaceae_Teucrium_cubense,179,134,10,30,5,10
2789,08518_Plantae_Tracheophyta_Magnoliopsida_Lamiales_Lamiaceae_Teucrium_scorodonia,300,255,10,30,5,10
2790,08519_Plantae_Tracheophyta_Magnoliopsida_Lamiales_Lamiaceae_Thymus_praecox,248,203,10,30,5,10
2791,08520_Plantae_Tracheophyta_Magnoliopsida_Lamiales_Lamiaceae_Thymus_pulegioides,164,119,10,30,5,10
2792,08521_Plantae_Tracheophyta_Magnoliopsida_Lamiales_Lamiaceae_Thymus_serpyllum,231,186,10,30,5,10
2793,08522_Plantae_Tracheophyta_Magnoliopsida_Lamiales_Lamiaceae_Trichostema_dichotomum,300,255,10,30,5,10
2794,08523_Plantae_Tracheophyta_Magnoliopsida_Lamiales_Lamiaceae_Trichostema_lanatum,300,255,10,30,5,10
2795,08524_Plantae_Tracheophyta_Magnoliopsida_Lamiales_Lamiaceae_Trichostema_lanceolatum,300,255,10,30,5,10
2796,08525_Plantae_Tracheophyta_Magnoliopsida_Lamiales_Lamiaceae_Trichostema_parishii,163,118,10,30,5,10
2797,08526_Plantae_Tracheophyta_Magnoliopsida_Lamiales_Lamiaceae_Vitex_agnus-castus,300,255,10,30,5,10
2798,08527_Plantae_Tracheophyta_Magnoliopsida_Lamiales_Lamiaceae_Vitex_lucens,300,255,10,30,5,10
2799,08528_Plantae_Tracheophyta_Magnoliopsida_Lamiales_Lamiaceae_Vitex_rotundifolia,225,180,10,30,5,10
2800,08529_Plantae_Tracheophyta_Magnoliopsida_Lamiales_Lamiaceae_Warnockia_scutellarioides,175,130,10,30,5,10
2801,08530_Plantae_Tracheophyta_Magnoliopsida_Lamiales_Lentibulariaceae_Pinguicula_alpina,153,108,10,30,5,10
2802,08531_Plantae_Tracheophyta_Magnoliopsida_Lamiales_Lentibulariaceae_Pinguicula_vulgaris,300,255,10,30,5,10
2803,08532_Plantae_Tracheophyta_Magnoliopsida_Lamiales_Lentibulariaceae_Utricularia_cornuta,300,255,10,30,5,10
2804,08533_Plantae_Tracheophyta_Magnoliopsida_Lamiales_Lentibulariaceae_Utricularia_gibba,300,255,10,30,5,10
2805,08534_Plantae_Tracheophyta_Magnoliopsida_Lamiales_Lentibulariaceae_Utricularia_intermedia,277,232,10,30,5,10
2806,08535_Plantae_Tracheophyta_Magnoliopsida_Lamiales_Lentibulariaceae_Utricularia_macrorhiza,300,255,10,30,5,10
2807,08536_Plantae_Tracheophyta_Magnoliopsida_Lamiales_Lentibulariaceae_Utricularia_purpurea,166,121,10,30,5,10
2808,08537_Plantae_Tracheophyta_Magnoliopsida_Lamiales_Lentibulariaceae_Utricularia_subulata,183,138,10,30,5,10
2809,08538_Plantae_Tracheophyta_Magnoliopsida_Lamiales_Linderniaceae_Lindernia_dubia,193,148,10,30,5,10
2810,08539_Plantae_Tracheophyta_Magnoliopsida_Lamiales_Linderniaceae_Torenia_crustacea,226,181,10,30,5,10
2811,08540_Plantae_Tracheophyta_Magnoliopsida_Lamiales_Martyniaceae_Proboscidea_althaeifolia,189,144,10,30,5,10
2812,08541_Plantae_Tracheophyta_Magnoliopsida_Lamiales_Martyniaceae_Proboscidea_louisianica,300,255,10,30,5,10
2813,08542_Plantae_Tracheophyta_Magnoliopsida_Lamiales_Mazaceae_Mazus_pumilus,300,255,10,30,5,10
2814,08543_Plantae_Tracheophyta_Magnoliopsida_Lamiales_Oleaceae_Chionanthus_virginicus,300,255,10,30,5,10
2815,08544_Plantae_Tracheophyta_Magnoliopsida_Lamiales_Oleaceae_Forestiera_pubescens,300,255,10,30,5,10
2816,08545_Plantae_Tracheophyta_Magnoliopsida_Lamiales_Oleaceae_Fraxinus_albicans,243,198,10,30,5,10
2817,08546_Plantae_Tracheophyta_Magnoliopsida_Lamiales_Oleaceae_Fraxinus_americana,300,255,10,30,5,10
2818,08547_Plantae_Tracheophyta_Magnoliopsida_Lamiales_Oleaceae_Fraxinus_excelsior,300,255,10,30,5,10
2819,08548_Plantae_Tracheophyta_Magnoliopsida_Lamiales_Oleaceae_Fraxinus_latifolia,251,206,10,30,5,10
2820,08549_Plantae_Tracheophyta_Magnoliopsida_Lamiales_Oleaceae_Fraxinus_nigra,300,255,10,30,5,10
2821,08550_Plantae_Tracheophyta_Magnoliopsida_Lamiales_Oleaceae_Fraxinus_pennsylvanica,300,255,10,30,5,10
2822,08551_Plantae_Tracheophyta_Magnoliopsida_Lamiales_Oleaceae_Fraxinus_velutina,221,176,10,30,5,10
2823,08552_Plantae_Tracheophyta_Magnoliopsida_Lamiales_Oleaceae_Ligustrum_lucidum,300,255,10,30,5,10
2824,08553_Plantae_Tracheophyta_Magnoliopsida_Lamiales_Oleaceae_Ligustrum_quihoui,300,255,10,30,5,10
2825,08554_Plantae_Tracheophyta_Magnoliopsida_Lamiales_Oleaceae_Ligustrum_sinense,300,255,10,30,5,10
2826,08555_Plantae_Tracheophyta_Magnoliopsida_Lamiales_Oleaceae_Ligustrum_vulgare,300,255,10,30,5,10
2827,08556_Plantae_Tracheophyta_Magnoliopsida_Lamiales_Oleaceae_Olea_europaea,300,255,10,30,5,10
2828,08557_Plantae_Tracheophyta_Magnoliopsida_Lamiales_Oleaceae_Syringa_vulgaris,300,255,10,30,5,10
2829,08558_Plantae_Tracheophyta_Magnoliopsida_Lamiales_Orobanchaceae_Agalinis_heterophylla,300,255,10,30,5,10
2830,08559_Plantae_Tracheophyta_Magnoliopsida_Lamiales_Orobanchaceae_Agalinis_purpurea,300,255,10,30,5,10
2831,08560_Plantae_Tracheophyta_Magnoliopsida_Lamiales_Orobanchaceae_Agalinis_tenuifolia,300,255,10,30,5,10
2832,08561_Plantae_Tracheophyta_Magnoliopsida_Lamiales_Orobanchaceae_Aphyllon_fasciculatum,300,255,10,30,5,10
2833,08562_Plantae_Tracheophyta_Magnoliopsida_Lamiales_Orobanchaceae_Aphyllon_purpureum,162,117,10,30,5,10
2834,08563_Plantae_Tracheophyta_Magnoliopsida_Lamiales_Orobanchaceae_Aphyllon_uniflorum,275,230,10,30,5,10
2835,08564_Plantae_Tracheophyta_Magnoliopsida_Lamiales_Orobanchaceae_Bartsia_alpina,249,204,10,30,5,10
2836,08565_Plantae_Tracheophyta_Magnoliopsida_Lamiales_Orobanchaceae_Bellardia_trixago,300,255,10,30,5,10
2837,08566_Plantae_Tracheophyta_Magnoliopsida_Lamiales_Orobanchaceae_Bellardia_viscosa,300,255,10,30,5,10
2838,08567_Plantae_Tracheophyta_Magnoliopsida_Lamiales_Orobanchaceae_Castilleja_affinis,300,255,10,30,5,10
2839,08568_Plantae_Tracheophyta_Magnoliopsida_Lamiales_Orobanchaceae_Castilleja_applegatei,300,255,10,30,5,10
2840,08569_Plantae_Tracheophyta_Magnoliopsida_Lamiales_Orobanchaceae_Castilleja_arvensis,213,168,10,30,5,10
2841,08570_Plantae_Tracheophyta_Magnoliopsida_Lamiales_Orobanchaceae_Castilleja_attenuata,264,219,10,30,5,10
2842,08571_Plantae_Tracheophyta_Magnoliopsida_Lamiales_Orobanchaceae_Castilleja_chromosa,300,255,10,30,5,10
2843,08572_Plantae_Tracheophyta_Magnoliopsida_Lamiales_Orobanchaceae_Castilleja_coccinea,300,255,10,30,5,10
2844,08573_Plantae_Tracheophyta_Magnoliopsida_Lamiales_Orobanchaceae_Castilleja_densiflora,300,255,10,30,5,10
2845,08574_Plantae_Tracheophyta_Magnoliopsida_Lamiales_Orobanchaceae_Castilleja_exserta,300,255,10,30,5,10
2846,08575_Plantae_Tracheophyta_Magnoliopsida_Lamiales_Orobanchaceae_Castilleja_foliolosa,300,255,10,30,5,10
2847,08576_Plantae_Tracheophyta_Magnoliopsida_Lamiales_Orobanchaceae_Castilleja_hispida,289,244,10,30,5,10
2848,08577_Plantae_Tracheophyta_Magnoliopsida_Lamiales_Orobanchaceae_Castilleja_indivisa,300,255,10,30,5,10
2849,08578_Plantae_Tracheophyta_Magnoliopsida_Lamiales_Orobanchaceae_Castilleja_integra,300,255,10,30,5,10
2850,08579_Plantae_Tracheophyta_Magnoliopsida_Lamiales_Orobanchaceae_Castilleja_latifolia,158,113,10,30,5,10
2851,08580_Plantae_Tracheophyta_Magnoliopsida_Lamiales_Orobanchaceae_Castilleja_linariifolia,300,255,10,30,5,10
2852,08581_Plantae_Tracheophyta_Magnoliopsida_Lamiales_Orobanchaceae_Castilleja_miniata,300,255,10,30,5,10
2853,08582_Plantae_Tracheophyta_Magnoliopsida_Lamiales_Orobanchaceae_Castilleja_parviflora,278,233,10,30,5,10
2854,08583_Plantae_Tracheophyta_Magnoliopsida_Lamiales_Orobanchaceae_Castilleja_purpurea,300,255,10,30,5,10
2855,08584_Plantae_Tracheophyta_Magnoliopsida_Lamiales_Orobanchaceae_Castilleja_rhexiifolia,237,192,10,30,5,10
2856,08585_Plantae_Tracheophyta_Magnoliopsida_Lamiales_Orobanchaceae_Castilleja_rubicundula,189,144,10,30,5,10
2857,08586_Plantae_Tracheophyta_Magnoliopsida_Lamiales_Orobanchaceae_Castilleja_sessiliflora,207,162,10,30,5,10
2858,08587_Plantae_Tracheophyta_Magnoliopsida_Lamiales_Orobanchaceae_Castilleja_tenuiflora,245,200,10,30,5,10
2859,08588_Plantae_Tracheophyta_Magnoliopsida_Lamiales_Orobanchaceae_Castilleja_wightii,203,158,10,30,5,10
2860,08589_Plantae_Tracheophyta_Magnoliopsida_Lamiales_Orobanchaceae_Conopholis_alpina,300,255,10,30,5,10
2861,08590_Plantae_Tracheophyta_Magnoliopsida_Lamiales_Orobanchaceae_Conopholis_americana,300,255,10,30,5,10
2862,08591_Plantae_Tracheophyta_Magnoliopsida_Lamiales_Orobanchaceae_Cordylanthus_rigidus,158,113,10,30,5,10
2863,08592_Plantae_Tracheophyta_Magnoliopsida_Lamiales_Orobanchaceae_Epifagus_virginiana,300,255,10,30,5,10
2864,08593_Plantae_Tracheophyta_Magnoliopsida_Lamiales_Orobanchaceae_Euphrasia_nemorosa,225,180,10,30,5,10
2865,08594_Plantae_Tracheophyta_Magnoliopsida_Lamiales_Orobanchaceae_Hyobanche_sanguinea,175,130,10,30,5,10
2866,08595_Plantae_Tracheophyta_Magnoliopsida_Lamiales_Orobanchaceae_Lathraea_squamaria,300,255,10,30,5,10
2867,08596_Plantae_Tracheophyta_Magnoliopsida_Lamiales_Orobanchaceae_Melampyrum_arvense,200,155,10,30,5,10
2868,08597_Plantae_Tracheophyta_Magnoliopsida_Lamiales_Orobanchaceae_Melampyrum_lineare,300,255,10,30,5,10
2869,08598_Plantae_Tracheophyta_Magnoliopsida_Lamiales_Orobanchaceae_Melampyrum_nemorosum,300,255,10,30,5,10
2870,08599_Plantae_Tracheophyta_Magnoliopsida_Lamiales_Orobanchaceae_Melampyrum_pratense,300,255,10,30,5,10
2871,08600_Plantae_Tracheophyta_Magnoliopsida_Lamiales_Orobanchaceae_Odontites_vulgaris,300,255,10,30,5,10
2872,08601_Plantae_Tracheophyta_Magnoliopsida_Lamiales_Orobanchaceae_Orobanche_hederae,160,115,10,30,5,10
2873,08602_Plantae_Tracheophyta_Magnoliopsida_Lamiales_Orobanchaceae_Orobanche_minor,300,255,10,30,5,10
2874,08603_Plantae_Tracheophyta_Magnoliopsida_Lamiales_Orobanchaceae_Pedicularis_attollens,210,165,10,30,5,10
2875,08604_Plantae_Tracheophyta_Magnoliopsida_Lamiales_Orobanchaceae_Pedicularis_bracteosa,237,192,10,30,5,10
2876,08605_Plantae_Tracheophyta_Magnoliopsida_Lamiales_Orobanchaceae_Pedicularis_canadensis,300,255,10,30,5,10
2877,08606_Plantae_Tracheophyta_Magnoliopsida_Lamiales_Orobanchaceae_Pedicularis_densiflora,300,255,10,30,5,10
2878,08607_Plantae_Tracheophyta_Magnoliopsida_Lamiales_Orobanchaceae_Pedicularis_groenlandica,300,255,10,30,5,10
2879,08608_Plantae_Tracheophyta_Magnoliopsida_Lamiales_Orobanchaceae_Pedicularis_labradorica,153,108,10,30,5,10
2880,08609_Plantae_Tracheophyta_Magnoliopsida_Lamiales_Orobanchaceae_Pedicularis_lanceolata,226,181,10,30,5,10
2881,08610_Plantae_Tracheophyta_Magnoliopsida_Lamiales_Orobanchaceae_Pedicularis_racemosa,300,255,10,30,5,10
2882,08611_Plantae_Tracheophyta_Magnoliopsida_Lamiales_Orobanchaceae_Pedicularis_semibarbata,192,147,10,30,5,10
2883,08612_Plantae_Tracheophyta_Magnoliopsida_Lamiales_Orobanchaceae_Pedicularis_sylvatica,169,124,10,30,5,10
2884,08613_Plantae_Tracheophyta_Magnoliopsida_Lamiales_Orobanchaceae_Pedicularis_verticillata,204,159,10,30,5,10
2885,08614_Plantae_Tracheophyta_Magnoliopsida_Lamiales_Orobanchaceae_Rhinanthus_alectorolophus,222,177,10,30,5,10
2886,08615_Plantae_Tracheophyta_Magnoliopsida_Lamiales_Orobanchaceae_Rhinanthus_minor,300,255,10,30,5,10
2887,08616_Plantae_Tracheophyta_Magnoliopsida_Lamiales_Orobanchaceae_Rhinanthus_serotinus,155,110,10,30,5,10
2888,08617_Plantae_Tracheophyta_Magnoliopsida_Lamiales_Orobanchaceae_Triphysaria_eriantha,300,255,10,30,5,10
2889,08618_Plantae_Tracheophyta_Magnoliopsida_Lamiales_Orobanchaceae_Triphysaria_pusilla,259,214,10,30,5,10
2890,08619_Plantae_Tracheophyta_Magnoliopsida_Lamiales_Paulowniaceae_Paulownia_tomentosa,300,255,10,30,5,10
2891,08620_Plantae_Tracheophyta_Magnoliopsida_Lamiales_Phrymaceae_Diplacus_aurantiacus,300,255,10,30,5,10
2892,08621_Plantae_Tracheophyta_Magnoliopsida_Lamiales_Phrymaceae_Diplacus_bigelovii,300,255,10,30,5,10
2893,08622_Plantae_Tracheophyta_Magnoliopsida_Lamiales_Phrymaceae_Diplacus_brevipes,267,222,10,30,5,10
2894,08623_Plantae_Tracheophyta_Magnoliopsida_Lamiales_Phrymaceae_Diplacus_longiflorus,300,255,10,30,5,10
2895,08624_Plantae_Tracheophyta_Magnoliopsida_Lamiales_Phrymaceae_Diplacus_puniceus,300,255,10,30,5,10
2896,08625_Plantae_Tracheophyta_Magnoliopsida_Lamiales_Phrymaceae_Erythranthe_alsinoides,161,116,10,30,5,10
2897,08626_Plantae_Tracheophyta_Magnoliopsida_Lamiales_Phrymaceae_Erythranthe_cardinalis,300,255,10,30,5,10
2898,08627_Plantae_Tracheophyta_Magnoliopsida_Lamiales_Phrymaceae_Erythranthe_guttata,300,255,10,30,5,10
2899,08628_Plantae_Tracheophyta_Magnoliopsida_Lamiales_Phrymaceae_Erythranthe_lewisii,300,255,10,30,5,10
2900,08629_Plantae_Tracheophyta_Magnoliopsida_Lamiales_Phrymaceae_Erythranthe_moschata,298,253,10,30,5,10
2901,08630_Plantae_Tracheophyta_Magnoliopsida_Lamiales_Phrymaceae_Erythranthe_primuloides,255,210,10,30,5,10
2902,08631_Plantae_Tracheophyta_Magnoliopsida_Lamiales_Phrymaceae_Mimulus_alatus,300,255,10,30,5,10
2903,08632_Plantae_Tracheophyta_Magnoliopsida_Lamiales_Phrymaceae_Mimulus_ringens,300,255,10,30,5,10
2904,08633_Plantae_Tracheophyta_Magnoliopsida_Lamiales_Phrymaceae_Phryma_leptostachya,300,255,10,30,5,10
2905,08634_Plantae_Tracheophyta_Magnoliopsida_Lamiales_Plantaginaceae_Antirrhinum_majus,300,255,10,30,5,10
2906,08635_Plantae_Tracheophyta_Magnoliopsida_Lamiales_Plantaginaceae_Bacopa_monnieri,300,255,10,30,5,10
2907,08636_Plantae_Tracheophyta_Magnoliopsida_Lamiales_Plantaginaceae_Chaenorhinum_minus,277,232,10,30,5,10
2908,08637_Plantae_Tracheophyta_Magnoliopsida_Lamiales_Plantaginaceae_Chelone_glabra,300,255,10,30,5,10
2909,08638_Plantae_Tracheophyta_Magnoliopsida_Lamiales_Plantaginaceae_Collinsia_heterophylla,300,255,10,30,5,10
2910,08639_Plantae_Tracheophyta_Magnoliopsida_Lamiales_Plantaginaceae_Collinsia_parviflora,300,255,10,30,5,10
2911,08640_Plantae_Tracheophyta_Magnoliopsida_Lamiales_Plantaginaceae_Collinsia_verna,206,161,10,30,5,10
2912,08641_Plantae_Tracheophyta_Magnoliopsida_Lamiales_Plantaginaceae_Cymbalaria_muralis,300,255,10,30,5,10
2913,08642_Plantae_Tracheophyta_Magnoliopsida_Lamiales_Plantaginaceae_Digitalis_grandiflora,279,234,10,30,5,10
2914,08643_Plantae_Tracheophyta_Magnoliopsida_Lamiales_Plantaginaceae_Digitalis_purpurea,300,255,10,30,5,10
2915,08644_Plantae_Tracheophyta_Magnoliopsida_Lamiales_Plantaginaceae_Hippuris_vulgaris,300,255,10,30,5,10
2916,08645_Plantae_Tracheophyta_Magnoliopsida_Lamiales_Plantaginaceae_Keckiella_antirrhinoides,258,213,10,30,5,10
2917,08646_Plantae_Tracheophyta_Magnoliopsida_Lamiales_Plantaginaceae_Keckiella_cordifolia,300,255,10,30,5,10
2918,08647_Plantae_Tracheophyta_Magnoliopsida_Lamiales_Plantaginaceae_Keckiella_ternata,173,128,10,30,5,10
2919,08648_Plantae_Tracheophyta_Magnoliopsida_Lamiales_Plantaginaceae_Leucospora_multifida,187,142,10,30,5,10
2920,08649_Plantae_Tracheophyta_Magnoliopsida_Lamiales_Plantaginaceae_Linaria_alpina,236,191,10,30,5,10
2921,08650_Plantae_Tracheophyta_Magnoliopsida_Lamiales_Plantaginaceae_Linaria_dalmatica,300,255,10,30,5,10
2922,08651_Plantae_Tracheophyta_Magnoliopsida_Lamiales_Plantaginaceae_Linaria_purpurea,300,255,10,30,5,10
2923,08652_Plantae_Tracheophyta_Magnoliopsida_Lamiales_Plantaginaceae_Linaria_vulgaris,300,255,10,30,5,10
2924,08653_Plantae_Tracheophyta_Magnoliopsida_Lamiales_Plantaginaceae_Maurandya_antirrhiniflora,300,255,10,30,5,10
2925,08654_Plantae_Tracheophyta_Magnoliopsida_Lamiales_Plantaginaceae_Mecardonia_procumbens,229,184,10,30,5,10
2926,08655_Plantae_Tracheophyta_Magnoliopsida_Lamiales_Plantaginaceae_Mohavea_confertiflora,300,255,10,30,5,10
2927,08656_Plantae_Tracheophyta_Magnoliopsida_Lamiales_Plantaginaceae_Nuttallanthus_canadensis,300,255,10,30,5,10
2928,08657_Plantae_Tracheophyta_Magnoliopsida_Lamiales_Plantaginaceae_Nuttallanthus_texanus,300,255,10,30,5,10
2929,08658_Plantae_Tracheophyta_Magnoliopsida_Lamiales_Plantaginaceae_Penstemon_barbatus,300,255,10,30,5,10
2930,08659_Plantae_Tracheophyta_Magnoliopsida_Lamiales_Plantaginaceae_Penstemon_centranthifolius,300,255,10,30,5,10
2931,08660_Plantae_Tracheophyta_Magnoliopsida_Lamiales_Plantaginaceae_Penstemon_cobaea,300,255,10,30,5,10
2932,08661_Plantae_Tracheophyta_Magnoliopsida_Lamiales_Plantaginaceae_Penstemon_davidsonii,209,164,10,30,5,10
2933,08662_Plantae_Tracheophyta_Magnoliopsida_Lamiales_Plantaginaceae_Penstemon_digitalis,300,255,10,30,5,10
2934,08663_Plantae_Tracheophyta_Magnoliopsida_Lamiales_Plantaginaceae_Penstemon_eatonii,300,255,10,30,5,10
2935,08664_Plantae_Tracheophyta_Magnoliopsida_Lamiales_Plantaginaceae_Penstemon_grandiflorus,200,155,10,30,5,10
2936,08665_Plantae_Tracheophyta_Magnoliopsida_Lamiales_Plantaginaceae_Penstemon_heterophyllus,287,242,10,30,5,10
2937,08666_Plantae_Tracheophyta_Magnoliopsida_Lamiales_Plantaginaceae_Penstemon_hirsutus,287,242,10,30,5,10
2938,08667_Plantae_Tracheophyta_Magnoliopsida_Lamiales_Plantaginaceae_Penstemon_newberryi,300,255,10,30,5,10
2939,08668_Plantae_Tracheophyta_Magnoliopsida_Lamiales_Plantaginaceae_Penstemon_palmeri,300,255,10,30,5,10
2940,08669_Plantae_Tracheophyta_Magnoliopsida_Lamiales_Plantaginaceae_Penstemon_procerus,237,192,10,30,5,10
2941,08670_Plantae_Tracheophyta_Magnoliopsida_Lamiales_Plantaginaceae_Penstemon_rostriflorus,214,169,10,30,5,10
2942,08671_Plantae_Tracheophyta_Magnoliopsida_Lamiales_Plantaginaceae_Penstemon_spectabilis,300,255,10,30,5,10
2943,08672_Plantae_Tracheophyta_Magnoliopsida_Lamiales_Plantaginaceae_Penstemon_whippleanus,226,181,10,30,5,10
2944,08673_Plantae_Tracheophyta_Magnoliopsida_Lamiales_Plantaginaceae_Plantago_aristata,230,185,10,30,5,10
2945,08674_Plantae_Tracheophyta_Magnoliopsida_Lamiales_Plantaginaceae_Plantago_coronopus,300,255,10,30,5,10
2946,08675_Plantae_Tracheophyta_Magnoliopsida_Lamiales_Plantaginaceae_Plantago_erecta,300,255,10,30,5,10
2947,08676_Plantae_Tracheophyta_Magnoliopsida_Lamiales_Plantaginaceae_Plantago_lanceolata,300,255,10,30,5,10
2948,08677_Plantae_Tracheophyta_Magnoliopsida_Lamiales_Plantaginaceae_Plantago_major,300,255,10,30,5,10
2949,08678_Plantae_Tracheophyta_Magnoliopsida_Lamiales_Plantaginaceae_Plantago_maritima,300,255,10,30,5,10
2950,08679_Plantae_Tracheophyta_Magnoliopsida_Lamiales_Plantaginaceae_Plantago_media,300,255,10,30,5,10
2951,08680_Plantae_Tracheophyta_Magnoliopsida_Lamiales_Plantaginaceae_Plantago_ovata,300,255,10,30,5,10
2952,08681_Plantae_Tracheophyta_Magnoliopsida_Lamiales_Plantaginaceae_Plantago_patagonica,297,252,10,30,5,10
2953,08682_Plantae_Tracheophyta_Magnoliopsida_Lamiales_Plantaginaceae_Plantago_rugelii,300,255,10,30,5,10
2954,08683_Plantae_Tracheophyta_Magnoliopsida_Lamiales_Plantaginaceae_Plantago_virginica,300,255,10,30,5,10
2955,08684_Plantae_Tracheophyta_Magnoliopsida_Lamiales_Plantaginaceae_Sairocarpus_coulterianus,181,136,10,30,5,10
2956,08685_Plantae_Tracheophyta_Magnoliopsida_Lamiales_Plantaginaceae_Sairocarpus_nuttallianus,300,255,10,30,5,10
2957,08686_Plantae_Tracheophyta_Magnoliopsida_Lamiales_Plantaginaceae_Scoparia_dulcis,186,141,10,30,5,10
2958,08687_Plantae_Tracheophyta_Magnoliopsida_Lamiales_Plantaginaceae_Veronica_americana,300,255,10,30,5,10
2959,08688_Plantae_Tracheophyta_Magnoliopsida_Lamiales_Plantaginaceae_Veronica_anagallis-aquatica,300,255,10,30,5,10
2960,08689_Plantae_Tracheophyta_Magnoliopsida_Lamiales_Plantaginaceae_Veronica_arvensis,300,255,10,30,5,10
2961,08690_Plantae_Tracheophyta_Magnoliopsida_Lamiales_Plantaginaceae_Veronica_beccabunga,300,255,10,30,5,10
2962,08691_Plantae_Tracheophyta_Magnoliopsida_Lamiales_Plantaginaceae_Veronica_chamaedrys,300,255,10,30,5,10
2963,08692_Plantae_Tracheophyta_Magnoliopsida_Lamiales_Plantaginaceae_Veronica_elliptica,166,121,10,30,5,10
2964,08693_Plantae_Tracheophyta_Magnoliopsida_Lamiales_Plantaginaceae_Veronica_filiformis,300,255,10,30,5,10
2965,08694_Plantae_Tracheophyta_Magnoliopsida_Lamiales_Plantaginaceae_Veronica_hederifolia,300,255,10,30,5,10
2966,08695_Plantae_Tracheophyta_Magnoliopsida_Lamiales_Plantaginaceae_Veronica_longifolia,300,255,10,30,5,10
2967,08696_Plantae_Tracheophyta_Magnoliopsida_Lamiales_Plantaginaceae_Veronica_officinalis,300,255,10,30,5,10
2968,08697_Plantae_Tracheophyta_Magnoliopsida_Lamiales_Plantaginaceae_Veronica_peregrina,300,255,10,30,5,10
2969,08698_Plantae_Tracheophyta_Magnoliopsida_Lamiales_Plantaginaceae_Veronica_persica,300,255,10,30,5,10
2970,08699_Plantae_Tracheophyta_Magnoliopsida_Lamiales_Plantaginaceae_Veronica_polita,297,252,10,30,5,10
2971,08700_Plantae_Tracheophyta_Magnoliopsida_Lamiales_Plantaginaceae_Veronica_salicifolia,257,212,10,30,5,10
2972,08701_Plantae_Tracheophyta_Magnoliopsida_Lamiales_Plantaginaceae_Veronica_scutellata,236,191,10,30,5,10
2973,08702_Plantae_Tracheophyta_Magnoliopsida_Lamiales_Plantaginaceae_Veronica_serpyllifolia,300,255,10,30,5,10
2974,08703_Plantae_Tracheophyta_Magnoliopsida_Lamiales_Plantaginaceae_Veronica_spicata,285,240,10,30,5,10
2975,08704_Plantae_Tracheophyta_Magnoliopsida_Lamiales_Plantaginaceae_Veronica_stricta,237,192,10,30,5,10
2976,08705_Plantae_Tracheophyta_Magnoliopsida_Lamiales_Plantaginaceae_Veronica_teucrium,246,201,10,30,5,10
2977,08706_Plantae_Tracheophyta_Magnoliopsida_Lamiales_Plantaginaceae_Veronica_wormskjoldii,288,243,10,30,5,10
2978,08707_Plantae_Tracheophyta_Magnoliopsida_Lamiales_Plantaginaceae_Veronicastrum_virginicum,300,255,10,30,5,10
2979,08708_Plantae_Tracheophyta_Magnoliopsida_Lamiales_Scrophulariaceae_Buddleja_cordata,300,255,10,30,5,10
2980,08709_Plantae_Tracheophyta_Magnoliopsida_Lamiales_Scrophulariaceae_Buddleja_davidii,300,255,10,30,5,10
2981,08710_Plantae_Tracheophyta_Magnoliopsida_Lamiales_Scrophulariaceae_Leucophyllum_frutescens,300,255,10,30,5,10
2982,08711_Plantae_Tracheophyta_Magnoliopsida_Lamiales_Scrophulariaceae_Myoporum_laetum,300,255,10,30,5,10
2983,08712_Plantae_Tracheophyta_Magnoliopsida_Lamiales_Scrophulariaceae_Oftia_africana,158,113,10,30,5,10
2984,08713_Plantae_Tracheophyta_Magnoliopsida_Lamiales_Scrophulariaceae_Scrophularia_californica,300,255,10,30,5,10
2985,08714_Plantae_Tracheophyta_Magnoliopsida_Lamiales_Scrophulariaceae_Scrophularia_nodosa,300,255,10,30,5,10
2986,08715_Plantae_Tracheophyta_Magnoliopsida_Lamiales_Scrophulariaceae_Verbascum_blattaria,300,255,10,30,5,10
2987,08716_Plantae_Tracheophyta_Magnoliopsida_Lamiales_Scrophulariaceae_Verbascum_lychnitis,300,255,10,30,5,10
2988,08717_Plantae_Tracheophyta_Magnoliopsida_Lamiales_Scrophulariaceae_Verbascum_nigrum,300,255,10,30,5,10
2989,08718_Plantae_Tracheophyta_Magnoliopsida_Lamiales_Scrophulariaceae_Verbascum_thapsus,300,255,10,30,5,10
2990,08719_Plantae_Tracheophyta_Magnoliopsida_Lamiales_Scrophulariaceae_Verbascum_virgatum,300,255,10,30,5,10
2991,08720_Plantae_Tracheophyta_Magnoliopsida_Lamiales_Stilbaceae_Halleria_lucida,184,139,10,30,5,10
2992,08721_Plantae_Tracheophyta_Magnoliopsida_Lamiales_Tetrachondraceae_Polypremum_procumbens,300,255,10,30,5,10
2993,08722_Plantae_Tracheophyta_Magnoliopsida_Lamiales_Verbenaceae_Aloysia_gratissima,300,255,10,30,5,10
2994,08723_Plantae_Tracheophyta_Magnoliopsida_Lamiales_Verbenaceae_Duranta_erecta,300,255,10,30,5,10
2995,08724_Plantae_Tracheophyta_Magnoliopsida_Lamiales_Verbenaceae_Glandularia_bipinnatifida,300,255,10,30,5,10
2996,08725_Plantae_Tracheophyta_Magnoliopsida_Lamiales_Verbenaceae_Glandularia_canadensis,300,255,10,30,5,10
2997,08726_Plantae_Tracheophyta_Magnoliopsida_Lamiales_Verbenaceae_Glandularia_pumila,241,196,10,30,5,10
2998,08727_Plantae_Tracheophyta_Magnoliopsida_Lamiales_Verbenaceae_Lantana_camara,300,255,10,30,5,10
2999,08728_Plantae_Tracheophyta_Magnoliopsida_Lamiales_Verbenaceae_Lantana_involucrata,159,114,10,30,5,10
3000,08729_Plantae_Tracheophyta_Magnoliopsida_Lamiales_Verbenaceae_Lantana_montevidensis,246,201,10,30,5,10
3001,08730_Plantae_Tracheophyta_Magnoliopsida_Lamiales_Verbenaceae_Phyla_lanceolata,300,255,10,30,5,10
3002,08731_Plantae_Tracheophyta_Magnoliopsida_Lamiales_Verbenaceae_Phyla_nodiflora,300,255,10,30,5,10
3003,08732_Plantae_Tracheophyta_Magnoliopsida_Lamiales_Verbenaceae_Stachytarpheta_jamaicensis,300,255,10,30,5,10
3004,08733_Plantae_Tracheophyta_Magnoliopsida_Lamiales_Verbenaceae_Verbena_bonariensis,300,255,10,30,5,10
3005,08734_Plantae_Tracheophyta_Magnoliopsida_Lamiales_Verbenaceae_Verbena_bracteata,300,255,10,30,5,10
3006,08735_Plantae_Tracheophyta_Magnoliopsida_Lamiales_Verbenaceae_Verbena_brasiliensis,300,255,10,30,5,10
3007,08736_Plantae_Tracheophyta_Magnoliopsida_Lamiales_Verbenaceae_Verbena_halei,300,255,10,30,5,10
3008,08737_Plantae_Tracheophyta_Magnoliopsida_Lamiales_Verbenaceae_Verbena_hastata,300,255,10,30,5,10
3009,08738_Plantae_Tracheophyta_Magnoliopsida_Lamiales_Verbenaceae_Verbena_lasiostachys,300,255,10,30,5,10
3010,08739_Plantae_Tracheophyta_Magnoliopsida_Lamiales_Verbenaceae_Verbena_macdougalii,183,138,10,30,5,10
3011,08740_Plantae_Tracheophyta_Magnoliopsida_Lamiales_Verbenaceae_Verbena_officinalis,300,255,10,30,5,10
3012,08741_Plantae_Tracheophyta_Magnoliopsida_Lamiales_Verbenaceae_Verbena_rigida,300,255,10,30,5,10
3013,08742_Plantae_Tracheophyta_Magnoliopsida_Lamiales_Verbenaceae_Verbena_stricta,300,255,10,30,5,10
3014,08743_Plantae_Tracheophyta_Magnoliopsida_Lamiales_Verbenaceae_Verbena_urticifolia,300,255,10,30,5,10
3015,08744_Plantae_Tracheophyta_Magnoliopsida_Laurales_Atherospermataceae_Laurelia_novae-zelandiae,185,140,10,30,5,10
3016,08745_Plantae_Tracheophyta_Magnoliopsida_Laurales_Calycanthaceae_Calycanthus_floridus,300,255,10,30,5,10
3017,08746_Plantae_Tracheophyta_Magnoliopsida_Laurales_Calycanthaceae_Calycanthus_occidentalis,253,208,10,30,5,10
3018,08747_Plantae_Tracheophyta_Magnoliopsida_Laurales_Lauraceae_Beilschmiedia_tawa,239,194,10,30,5,10
3019,08748_Plantae_Tracheophyta_Magnoliopsida_Laurales_Lauraceae_Cassytha_filiformis,236,191,10,30,5,10
3020,08749_Plantae_Tracheophyta_Magnoliopsida_Laurales_Lauraceae_Cinnamomum_camphora,293,248,10,30,5,10
3021,08750_Plantae_Tracheophyta_Magnoliopsida_Laurales_Lauraceae_Laurus_nobilis,233,188,10,30,5,10
3022,08751_Plantae_Tracheophyta_Magnoliopsida_Laurales_Lauraceae_Lindera_benzoin,300,255,10,30,5,10
3023,08752_Plantae_Tracheophyta_Magnoliopsida_Laurales_Lauraceae_Persea_americana,169,124,10,30,5,10
3024,08753_Plantae_Tracheophyta_Magnoliopsida_Laurales_Lauraceae_Sassafras_albidum,300,255,10,30,5,10
3025,08754_Plantae_Tracheophyta_Magnoliopsida_Laurales_Lauraceae_Umbellularia_californica,300,255,10,30,5,10
3026,08755_Plantae_Tracheophyta_Magnoliopsida_Laurales_Monimiaceae_Hedycarya_arborea,300,255,10,30,5,10
3027,08756_Plantae_Tracheophyta_Magnoliopsida_Magnoliales_Annonaceae_Annona_glabra,169,124,10,30,5,10
3028,08757_Plantae_Tracheophyta_Magnoliopsida_Magnoliales_Annonaceae_Asimina_triloba,300,255,10,30,5,10
3029,08758_Plantae_Tracheophyta_Magnoliopsida_Magnoliales_Magnoliaceae_Liriodendron_tulipifera,300,255,10,30,5,10
3030,08759_Plantae_Tracheophyta_Magnoliopsida_Magnoliales_Magnoliaceae_Magnolia_acuminata,246,201,10,30,5,10
3031,08760_Plantae_Tracheophyta_Magnoliopsida_Magnoliales_Magnoliaceae_Magnolia_fraseri,237,192,10,30,5,10
3032,08761_Plantae_Tracheophyta_Magnoliopsida_Magnoliales_Magnoliaceae_Magnolia_grandiflora,300,255,10,30,5,10
3033,08762_Plantae_Tracheophyta_Magnoliopsida_Magnoliales_Magnoliaceae_Magnolia_macrophylla,300,255,10,30,5,10
3034,08763_Plantae_Tracheophyta_Magnoliopsida_Magnoliales_Magnoliaceae_Magnolia_tripetala,300,255,10,30,5,10
3035,08764_Plantae_Tracheophyta_Magnoliopsida_Magnoliales_Magnoliaceae_Magnolia_virginiana,300,255,10,30,5,10
3036,08765_Plantae_Tracheophyta_Magnoliopsida_Malpighiales_Chrysobalanaceae_Chrysobalanus_icaco,222,177,10,30,5,10
3037,08766_Plantae_Tracheophyta_Magnoliopsida_Malpighiales_Euphorbiaceae_Acalypha_ostryifolia,262,217,10,30,5,10
3038,08767_Plantae_Tracheophyta_Magnoliopsida_Malpighiales_Euphorbiaceae_Acalypha_rhomboidea,300,255,10,30,5,10
3039,08768_Plantae_Tracheophyta_Magnoliopsida_Malpighiales_Euphorbiaceae_Cnidoscolus_stimulosus,300,255,10,30,5,10
3040,08769_Plantae_Tracheophyta_Magnoliopsida_Malpighiales_Euphorbiaceae_Cnidoscolus_texanus,300,255,10,30,5,10
3041,08770_Plantae_Tracheophyta_Magnoliopsida_Malpighiales_Euphorbiaceae_Codiaeum_variegatum,216,171,10,30,5,10
3042,08771_Plantae_Tracheophyta_Magnoliopsida_Malpighiales_Euphorbiaceae_Croton_californicus,300,255,10,30,5,10
3043,08772_Plantae_Tracheophyta_Magnoliopsida_Malpighiales_Euphorbiaceae_Croton_fruticulosus,156,111,10,30,5,10
3044,08773_Plantae_Tracheophyta_Magnoliopsida_Malpighiales_Euphorbiaceae_Croton_glandulosus,300,255,10,30,5,10
3045,08774_Plantae_Tracheophyta_Magnoliopsida_Malpighiales_Euphorbiaceae_Croton_lindheimeri,300,255,10,30,5,10
3046,08775_Plantae_Tracheophyta_Magnoliopsida_Malpighiales_Euphorbiaceae_Croton_monanthogynus,300,255,10,30,5,10
3047,08776_Plantae_Tracheophyta_Magnoliopsida_Malpighiales_Euphorbiaceae_Croton_punctatus,183,138,10,30,5,10
3048,08777_Plantae_Tracheophyta_Magnoliopsida_Malpighiales_Euphorbiaceae_Croton_setiger,300,255,10,30,5,10
3049,08778_Plantae_Tracheophyta_Magnoliopsida_Malpighiales_Euphorbiaceae_Ditaxis_lanceolata,269,224,10,30,5,10
3050,08779_Plantae_Tracheophyta_Magnoliopsida_Malpighiales_Euphorbiaceae_Euphorbia_albomarginata,300,255,10,30,5,10
3051,08780_Plantae_Tracheophyta_Magnoliopsida_Malpighiales_Euphorbiaceae_Euphorbia_amygdaloides,242,197,10,30,5,10
3052,08781_Plantae_Tracheophyta_Magnoliopsida_Malpighiales_Euphorbiaceae_Euphorbia_antisyphilitica,187,142,10,30,5,10
3053,08782_Plantae_Tracheophyta_Magnoliopsida_Malpighiales_Euphorbiaceae_Euphorbia_bicolor,300,255,10,30,5,10
3054,08783_Plantae_Tracheophyta_Magnoliopsida_Malpighiales_Euphorbiaceae_Euphorbia_caput-medusae,177,132,10,30,5,10
3055,08784_Plantae_Tracheophyta_Magnoliopsida_Malpighiales_Euphorbiaceae_Euphorbia_characias,298,253,10,30,5,10
3056,08785_Plantae_Tracheophyta_Magnoliopsida_Malpighiales_Euphorbiaceae_Euphorbia_corollata,300,255,10,30,5,10
3057,08786_Plantae_Tracheophyta_Magnoliopsida_Malpighiales_Euphorbiaceae_Euphorbia_cyathophora,300,255,10,30,5,10
3058,08787_Plantae_Tracheophyta_Magnoliopsida_Malpighiales_Euphorbiaceae_Euphorbia_cyparissias,300,255,10,30,5,10
3059,08788_Plantae_Tracheophyta_Magnoliopsida_Malpighiales_Euphorbiaceae_Euphorbia_dentata,300,255,10,30,5,10
3060,08789_Plantae_Tracheophyta_Magnoliopsida_Malpighiales_Euphorbiaceae_Euphorbia_fendleri,262,217,10,30,5,10
3061,08790_Plantae_Tracheophyta_Magnoliopsida_Malpighiales_Euphorbiaceae_Euphorbia_helioscopia,300,255,10,30,5,10
3062,08791_Plantae_Tracheophyta_Magnoliopsida_Malpighiales_Euphorbiaceae_Euphorbia_heterophylla,300,255,10,30,5,10
3063,08792_Plantae_Tracheophyta_Magnoliopsida_Malpighiales_Euphorbiaceae_Euphorbia_hirta,300,255,10,30,5,10
3064,08793_Plantae_Tracheophyta_Magnoliopsida_Malpighiales_Euphorbiaceae_Euphorbia_hypericifolia,300,255,10,30,5,10
3065,08794_Plantae_Tracheophyta_Magnoliopsida_Malpighiales_Euphorbiaceae_Euphorbia_hyssopifolia,300,255,10,30,5,10
3066,08795_Plantae_Tracheophyta_Magnoliopsida_Malpighiales_Euphorbiaceae_Euphorbia_lathyris,300,255,10,30,5,10
3067,08796_Plantae_Tracheophyta_Magnoliopsida_Malpighiales_Euphorbiaceae_Euphorbia_maculata,300,255,10,30,5,10
3068,08797_Plantae_Tracheophyta_Magnoliopsida_Malpighiales_Euphorbiaceae_Euphorbia_marginata,300,255,10,30,5,10
3069,08798_Plantae_Tracheophyta_Magnoliopsida_Malpighiales_Euphorbiaceae_Euphorbia_mauritanica,300,255,10,30,5,10
3070,08799_Plantae_Tracheophyta_Magnoliopsida_Malpighiales_Euphorbiaceae_Euphorbia_melanadenia,263,218,10,30,5,10
3071,08800_Plantae_Tracheophyta_Magnoliopsida_Malpighiales_Euphorbiaceae_Euphorbia_misera,153,108,10,30,5,10
3072,08801_Plantae_Tracheophyta_Magnoliopsida_Malpighiales_Euphorbiaceae_Euphorbia_myrsinites,238,193,10,30,5,10
3073,08802_Plantae_Tracheophyta_Magnoliopsida_Malpighiales_Euphorbiaceae_Euphorbia_nutans,300,255,10,30,5,10
3074,08803_Plantae_Tracheophyta_Magnoliopsida_Malpighiales_Euphorbiaceae_Euphorbia_oblongata,300,255,10,30,5,10
3075,08804_Plantae_Tracheophyta_Magnoliopsida_Malpighiales_Euphorbiaceae_Euphorbia_ophthalmica,192,147,10,30,5,10
3076,08805_Plantae_Tracheophyta_Magnoliopsida_Malpighiales_Euphorbiaceae_Euphorbia_paralias,300,255,10,30,5,10
3077,08806_Plantae_Tracheophyta_Magnoliopsida_Malpighiales_Euphorbiaceae_Euphorbia_peplus,300,255,10,30,5,10
3078,08807_Plantae_Tracheophyta_Magnoliopsida_Malpighiales_Euphorbiaceae_Euphorbia_polycarpa,300,255,10,30,5,10
3079,08808_Plantae_Tracheophyta_Magnoliopsida_Malpighiales_Euphorbiaceae_Euphorbia_prostrata,300,255,10,30,5,10
3080,08809_Plantae_Tracheophyta_Magnoliopsida_Malpighiales_Euphorbiaceae_Euphorbia_serpens,300,255,10,30,5,10
3081,08810_Plantae_Tracheophyta_Magnoliopsida_Malpighiales_Euphorbiaceae_Euphorbia_serpillifolia,219,174,10,30,5,10
3082,08811_Plantae_Tracheophyta_Magnoliopsida_Malpighiales_Euphorbiaceae_Euphorbia_spathulata,233,188,10,30,5,10
3083,08812_Plantae_Tracheophyta_Magnoliopsida_Malpighiales_Euphorbiaceae_Euphorbia_terracina,153,108,10,30,5,10
3084,08813_Plantae_Tracheophyta_Magnoliopsida_Malpighiales_Euphorbiaceae_Euphorbia_virgata,300,255,10,30,5,10
3085,08814_Plantae_Tracheophyta_Magnoliopsida_Malpighiales_Euphorbiaceae_Jatropha_dioica,300,255,10,30,5,10
3086,08815_Plantae_Tracheophyta_Magnoliopsida_Malpighiales_Euphorbiaceae_Jatropha_gossypiifolia,174,129,10,30,5,10
3087,08816_Plantae_Tracheophyta_Magnoliopsida_Malpighiales_Euphorbiaceae_Macaranga_tanarius,300,255,10,30,5,10
3088,08817_Plantae_Tracheophyta_Magnoliopsida_Malpighiales_Euphorbiaceae_Mallotus_paniculatus,222,177,10,30,5,10
3089,08818_Plantae_Tracheophyta_Magnoliopsida_Malpighiales_Euphorbiaceae_Manihot_esculenta,185,140,10,30,5,10
3090,08819_Plantae_Tracheophyta_Magnoliopsida_Malpighiales_Euphorbiaceae_Mercurialis_annua,300,255,10,30,5,10
3091,08820_Plantae_Tracheophyta_Magnoliopsida_Malpighiales_Euphorbiaceae_Mercurialis_perennis,300,255,10,30,5,10
3092,08821_Plantae_Tracheophyta_Magnoliopsida_Malpighiales_Euphorbiaceae_Ricinus_communis,300,255,10,30,5,10
3093,08822_Plantae_Tracheophyta_Magnoliopsida_Malpighiales_Euphorbiaceae_Stillingia_sylvatica,242,197,10,30,5,10
3094,08823_Plantae_Tracheophyta_Magnoliopsida_Malpighiales_Euphorbiaceae_Stillingia_texana,300,255,10,30,5,10
3095,08824_Plantae_Tracheophyta_Magnoliopsida_Malpighiales_Euphorbiaceae_Triadica_sebifera,300,255,10,30,5,10
3096,08825_Plantae_Tracheophyta_Magnoliopsida_Malpighiales_Hypericaceae_Hypericum_androsaemum,300,255,10,30,5,10
3097,08826_Plantae_Tracheophyta_Magnoliopsida_Malpighiales_Hypericaceae_Hypericum_ascyron,208,163,10,30,5,10
3098,08827_Plantae_Tracheophyta_Magnoliopsida_Malpighiales_Hypericaceae_Hypericum_calycinum,156,111,10,30,5,10
3099,08828_Plantae_Tracheophyta_Magnoliopsida_Malpighiales_Hypericaceae_Hypericum_fraseri,231,186,10,30,5,10
3100,08829_Plantae_Tracheophyta_Magnoliopsida_Malpighiales_Hypericaceae_Hypericum_gentianoides,223,178,10,30,5,10
3101,08830_Plantae_Tracheophyta_Magnoliopsida_Malpighiales_Hypericaceae_Hypericum_hypericoides,300,255,10,30,5,10
3102,08831_Plantae_Tracheophyta_Magnoliopsida_Malpighiales_Hypericaceae_Hypericum_kalmianum,208,163,10,30,5,10
3103,08832_Plantae_Tracheophyta_Magnoliopsida_Malpighiales_Hypericaceae_Hypericum_maculatum,300,255,10,30,5,10
3104,08833_Plantae_Tracheophyta_Magnoliopsida_Malpighiales_Hypericaceae_Hypericum_mutilum,170,125,10,30,5,10
3105,08834_Plantae_Tracheophyta_Magnoliopsida_Malpighiales_Hypericaceae_Hypericum_perforatum,300,255,10,30,5,10
3106,08835_Plantae_Tracheophyta_Magnoliopsida_Malpighiales_Hypericaceae_Hypericum_punctatum,264,219,10,30,5,10
3107,08836_Plantae_Tracheophyta_Magnoliopsida_Malpighiales_Hypericaceae_Hypericum_tetrapetalum,202,157,10,30,5,10
3108,08837_Plantae_Tracheophyta_Magnoliopsida_Malpighiales_Linaceae_Linum_bienne,300,255,10,30,5,10
3109,08838_Plantae_Tracheophyta_Magnoliopsida_Malpighiales_Linaceae_Linum_lewisii,300,255,10,30,5,10
3110,08839_Plantae_Tracheophyta_Magnoliopsida_Malpighiales_Linaceae_Linum_pratense,265,220,10,30,5,10
3111,08840_Plantae_Tracheophyta_Magnoliopsida_Malpighiales_Linaceae_Linum_rigidum,224,179,10,30,5,10
3112,08841_Plantae_Tracheophyta_Magnoliopsida_Malpighiales_Malpighiaceae_Byrsonima_crassifolia,168,123,10,30,5,10
3113,08842_Plantae_Tracheophyta_Magnoliopsida_Malpighiales_Passifloraceae_Passiflora_caerulea,300,255,10,30,5,10
3114,08843_Plantae_Tracheophyta_Magnoliopsida_Malpighiales_Passifloraceae_Passiflora_edulis,300,255,10,30,5,10
3115,08844_Plantae_Tracheophyta_Magnoliopsida_Malpighiales_Passifloraceae_Passiflora_foetida,300,255,10,30,5,10
3116,08845_Plantae_Tracheophyta_Magnoliopsida_Malpighiales_Passifloraceae_Passiflora_incarnata,300,255,10,30,5,10
3117,08846_Plantae_Tracheophyta_Magnoliopsida_Malpighiales_Passifloraceae_Passiflora_lutea,300,255,10,30,5,10
3118,08847_Plantae_Tracheophyta_Magnoliopsida_Malpighiales_Passifloraceae_Passiflora_suberosa,300,255,10,30,5,10
3119,08848_Plantae_Tracheophyta_Magnoliopsida_Malpighiales_Passifloraceae_Passiflora_tetrandra,180,135,10,30,5,10
3120,08849_Plantae_Tracheophyta_Magnoliopsida_Malpighiales_Passifloraceae_Passiflora_tripartita,186,141,10,30,5,10
3121,08850_Plantae_Tracheophyta_Magnoliopsida_Malpighiales_Passifloraceae_Passiflora_vitifolia,177,132,10,30,5,10
3122,08851_Plantae_Tracheophyta_Magnoliopsida_Malpighiales_Passifloraceae_Turnera_ulmifolia,285,240,10,30,5,10
3123,08852_Plantae_Tracheophyta_Magnoliopsida_Malpighiales_Phyllanthaceae_Bischofia_javanica,157,112,10,30,5,10
3124,08853_Plantae_Tracheophyta_Magnoliopsida_Malpighiales_Phyllanthaceae_Phyllanthus_tenellus,219,174,10,30,5,10
3125,08854_Plantae_Tracheophyta_Magnoliopsida_Malpighiales_Phyllanthaceae_Phyllanthus_urinaria,300,255,10,30,5,10
3126,08855_Plantae_Tracheophyta_Magnoliopsida_Malpighiales_Rhizophoraceae_Rhizophora_mangle,300,255,10,30,5,10
3127,08856_Plantae_Tracheophyta_Magnoliopsida_Malpighiales_Salicaceae_Populus_alba,300,255,10,30,5,10
3128,08857_Plantae_Tracheophyta_Magnoliopsida_Malpighiales_Salicaceae_Populus_balsamifera,300,255,10,30,5,10
3129,08858_Plantae_Tracheophyta_Magnoliopsida_Malpighiales_Salicaceae_Populus_deltoides,300,255,10,30,5,10
3130,08859_Plantae_Tracheophyta_Magnoliopsida_Malpighiales_Salicaceae_Populus_fremontii,300,255,10,30,5,10
3131,08860_Plantae_Tracheophyta_Magnoliopsida_Malpighiales_Salicaceae_Populus_grandidentata,300,255,10,30,5,10
3132,08861_Plantae_Tracheophyta_Magnoliopsida_Malpighiales_Salicaceae_Populus_nigra,300,255,10,30,5,10
3133,08862_Plantae_Tracheophyta_Magnoliopsida_Malpighiales_Salicaceae_Populus_tremula,300,255,10,30,5,10
3134,08863_Plantae_Tracheophyta_Magnoliopsida_Malpighiales_Salicaceae_Populus_tremuloides,300,255,10,30,5,10
3135,08864_Plantae_Tracheophyta_Magnoliopsida_Malpighiales_Salicaceae_Populus_trichocarpa,300,255,10,30,5,10
3136,08865_Plantae_Tracheophyta_Magnoliopsida_Malpighiales_Salicaceae_Salix_alba,300,255,10,30,5,10
3137,08866_Plantae_Tracheophyta_Magnoliopsida_Malpighiales_Salicaceae_Salix_babylonica,203,158,10,30,5,10
3138,08867_Plantae_Tracheophyta_Magnoliopsida_Malpighiales_Salicaceae_Salix_bebbiana,231,186,10,30,5,10
3139,08868_Plantae_Tracheophyta_Magnoliopsida_Malpighiales_Salicaceae_Salix_caprea,300,255,10,30,5,10
3140,08869_Plantae_Tracheophyta_Magnoliopsida_Malpighiales_Salicaceae_Salix_cinerea,300,255,10,30,5,10
3141,08870_Plantae_Tracheophyta_Magnoliopsida_Malpighiales_Salicaceae_Salix_discolor,300,255,10,30,5,10
3142,08871_Plantae_Tracheophyta_Magnoliopsida_Malpighiales_Salicaceae_Salix_eriocephala,165,120,10,30,5,10
3143,08872_Plantae_Tracheophyta_Magnoliopsida_Malpighiales_Salicaceae_Salix_exigua,300,255,10,30,5,10
3144,08873_Plantae_Tracheophyta_Magnoliopsida_Malpighiales_Salicaceae_Salix_gooddingii,300,255,10,30,5,10
3145,08874_Plantae_Tracheophyta_Magnoliopsida_Malpighiales_Salicaceae_Salix_interior,158,113,10,30,5,10
3146,08875_Plantae_Tracheophyta_Magnoliopsida_Malpighiales_Salicaceae_Salix_laevigata,174,129,10,30,5,10
3147,08876_Plantae_Tracheophyta_Magnoliopsida_Malpighiales_Salicaceae_Salix_lasiolepis,300,255,10,30,5,10
3148,08877_Plantae_Tracheophyta_Magnoliopsida_Malpighiales_Salicaceae_Salix_myrsinifolia,196,151,10,30,5,10
3149,08878_Plantae_Tracheophyta_Magnoliopsida_Malpighiales_Salicaceae_Salix_nigra,300,255,10,30,5,10
3150,08879_Plantae_Tracheophyta_Magnoliopsida_Malpighiales_Salicaceae_Salix_reticulata,288,243,10,30,5,10
3151,08880_Plantae_Tracheophyta_Magnoliopsida_Malpighiales_Salicaceae_Salix_triandra,207,162,10,30,5,10
3152,08881_Plantae_Tracheophyta_Magnoliopsida_Malpighiales_Salicaceae_Salix_viminalis,165,120,10,30,5,10
3153,08882_Plantae_Tracheophyta_Magnoliopsida_Malpighiales_Violaceae_Melicytus_alpinus,258,213,10,30,5,10
3154,08883_Plantae_Tracheophyta_Magnoliopsida_Malpighiales_Violaceae_Melicytus_ramiflorus,300,255,10,30,5,10
3155,08884_Plantae_Tracheophyta_Magnoliopsida_Malpighiales_Violaceae_Viola_adunca,300,255,10,30,5,10
3156,08885_Plantae_Tracheophyta_Magnoliopsida_Malpighiales_Violaceae_Viola_arvensis,300,255,10,30,5,10
3157,08886_Plantae_Tracheophyta_Magnoliopsida_Malpighiales_Violaceae_Viola_bicolor,300,255,10,30,5,10
3158,08887_Plantae_Tracheophyta_Magnoliopsida_Malpighiales_Violaceae_Viola_biflora,278,233,10,30,5,10
3159,08888_Plantae_Tracheophyta_Magnoliopsida_Malpighiales_Violaceae_Viola_blanda,204,159,10,30,5,10
3160,08889_Plantae_Tracheophyta_Magnoliopsida_Malpighiales_Violaceae_Viola_canadensis,300,255,10,30,5,10
3161,08890_Plantae_Tracheophyta_Magnoliopsida_Malpighiales_Violaceae_Viola_canina,181,136,10,30,5,10
3162,08891_Plantae_Tracheophyta_Magnoliopsida_Malpighiales_Violaceae_Viola_glabella,300,255,10,30,5,10
3163,08892_Plantae_Tracheophyta_Magnoliopsida_Malpighiales_Violaceae_Viola_hastata,293,248,10,30,5,10
3164,08893_Plantae_Tracheophyta_Magnoliopsida_Malpighiales_Violaceae_Viola_hirta,235,190,10,30,5,10
3165,08894_Plantae_Tracheophyta_Magnoliopsida_Malpighiales_Violaceae_Viola_labradorica,235,190,10,30,5,10
3166,08895_Plantae_Tracheophyta_Magnoliopsida_Malpighiales_Violaceae_Viola_lanceolata,300,255,10,30,5,10
3167,08896_Plantae_Tracheophyta_Magnoliopsida_Malpighiales_Violaceae_Viola_lobata,225,180,10,30,5,10
3168,08897_Plantae_Tracheophyta_Magnoliopsida_Malpighiales_Violaceae_Viola_macloskeyi,222,177,10,30,5,10
3169,08898_Plantae_Tracheophyta_Magnoliopsida_Malpighiales_Violaceae_Viola_mirabilis,225,180,10,30,5,10
3170,08899_Plantae_Tracheophyta_Magnoliopsida_Malpighiales_Violaceae_Viola_nuttallii,210,165,10,30,5,10
3171,08900_Plantae_Tracheophyta_Magnoliopsida_Malpighiales_Violaceae_Viola_ocellata,300,255,10,30,5,10
3172,08901_Plantae_Tracheophyta_Magnoliopsida_Malpighiales_Violaceae_Viola_odorata,300,255,10,30,5,10
3173,08902_Plantae_Tracheophyta_Magnoliopsida_Malpighiales_Violaceae_Viola_palmata,165,120,10,30,5,10
3174,08903_Plantae_Tracheophyta_Magnoliopsida_Malpighiales_Violaceae_Viola_pedata,300,255,10,30,5,10
3175,08904_Plantae_Tracheophyta_Magnoliopsida_Malpighiales_Violaceae_Viola_pedatifida,175,130,10,30,5,10
3176,08905_Plantae_Tracheophyta_Magnoliopsida_Malpighiales_Violaceae_Viola_pedunculata,300,255,10,30,5,10
3177,08906_Plantae_Tracheophyta_Magnoliopsida_Malpighiales_Violaceae_Viola_primulifolia,212,167,10,30,5,10
3178,08907_Plantae_Tracheophyta_Magnoliopsida_Malpighiales_Violaceae_Viola_pubescens,300,255,10,30,5,10
3179,08908_Plantae_Tracheophyta_Magnoliopsida_Malpighiales_Violaceae_Viola_purpurea,300,255,10,30,5,10
3180,08909_Plantae_Tracheophyta_Magnoliopsida_Malpighiales_Violaceae_Viola_reichenbachiana,165,120,10,30,5,10
3181,08910_Plantae_Tracheophyta_Magnoliopsida_Malpighiales_Violaceae_Viola_riviniana,275,230,10,30,5,10
3182,08911_Plantae_Tracheophyta_Magnoliopsida_Malpighiales_Violaceae_Viola_rostrata,300,255,10,30,5,10
3183,08912_Plantae_Tracheophyta_Magnoliopsida_Malpighiales_Violaceae_Viola_rotundifolia,284,239,10,30,5,10
3184,08913_Plantae_Tracheophyta_Magnoliopsida_Malpighiales_Violaceae_Viola_sagittata,242,197,10,30,5,10
3185,08914_Plantae_Tracheophyta_Magnoliopsida_Malpighiales_Violaceae_Viola_sempervirens,300,255,10,30,5,10
3186,08915_Plantae_Tracheophyta_Magnoliopsida_Malpighiales_Violaceae_Viola_sororia,300,255,10,30,5,10
3187,08916_Plantae_Tracheophyta_Magnoliopsida_Malpighiales_Violaceae_Viola_striata,291,246,10,30,5,10
3188,08917_Plantae_Tracheophyta_Magnoliopsida_Malpighiales_Violaceae_Viola_tricolor,300,255,10,30,5,10
3189,08918_Plantae_Tracheophyta_Magnoliopsida_Malvales_Bixaceae_Bixa_orellana,160,115,10,30,5,10
3190,08919_Plantae_Tracheophyta_Magnoliopsida_Malvales_Bixaceae_Cochlospermum_vitifolium,300,255,10,30,5,10
3191,08920_Plantae_Tracheophyta_Magnoliopsida_Malvales_Cistaceae_Cistus_albidus,300,255,10,30,5,10
3192,08921_Plantae_Tracheophyta_Magnoliopsida_Malvales_Cistaceae_Cistus_creticus,300,255,10,30,5,10
3193,08922_Plantae_Tracheophyta_Magnoliopsida_Malvales_Cistaceae_Cistus_ladanifer,300,255,10,30,5,10
3194,08923_Plantae_Tracheophyta_Magnoliopsida_Malvales_Cistaceae_Cistus_monspeliensis,191,146,10,30,5,10
3195,08924_Plantae_Tracheophyta_Magnoliopsida_Malvales_Cistaceae_Cistus_salviifolius,300,255,10,30,5,10
3196,08925_Plantae_Tracheophyta_Magnoliopsida_Malvales_Cistaceae_Crocanthemum_canadense,163,118,10,30,5,10
3197,08926_Plantae_Tracheophyta_Magnoliopsida_Malvales_Cistaceae_Crocanthemum_scoparium,255,210,10,30,5,10
3198,08927_Plantae_Tracheophyta_Magnoliopsida_Malvales_Cistaceae_Helianthemum_nummularium,300,255,10,30,5,10
3199,08928_Plantae_Tracheophyta_Magnoliopsida_Malvales_Cistaceae_Hudsonia_tomentosa,299,254,10,30,5,10
3200,08929_Plantae_Tracheophyta_Magnoliopsida_Malvales_Malvaceae_Abutilon_fruticosum,153,108,10,30,5,10
3201,08930_Plantae_Tracheophyta_Magnoliopsida_Malvales_Malvaceae_Abutilon_theophrasti,300,255,10,30,5,10
3202,08931_Plantae_Tracheophyta_Magnoliopsida_Malvales_Malvaceae_Adansonia_digitata,300,255,10,30,5,10
3203,08932_Plantae_Tracheophyta_Magnoliopsida_Malvales_Malvaceae_Alcea_rosea,300,255,10,30,5,10
3204,08933_Plantae_Tracheophyta_Magnoliopsida_Malvales_Malvaceae_Allowissadula_holosericea,159,114,10,30,5,10
3205,08934_Plantae_Tracheophyta_Magnoliopsida_Malvales_Malvaceae_Anoda_cristata,290,245,10,30,5,10
3206,08935_Plantae_Tracheophyta_Magnoliopsida_Malvales_Malvaceae_Callirhoe_involucrata,300,255,10,30,5,10
3207,08936_Plantae_Tracheophyta_Magnoliopsida_Malvales_Malvaceae_Callirhoe_pedata,230,185,10,30,5,10
3208,08937_Plantae_Tracheophyta_Magnoliopsida_Malvales_Malvaceae_Ceiba_pentandra,300,255,10,30,5,10
3209,08938_Plantae_Tracheophyta_Magnoliopsida_Malvales_Malvaceae_Entelea_arborescens,205,160,10,30,5,10
3210,08939_Plantae_Tracheophyta_Magnoliopsida_Malvales_Malvaceae_Eremalche_rotundifolia,300,255,10,30,5,10
3211,08940_Plantae_Tracheophyta_Magnoliopsida_Malvales_Malvaceae_Fremontodendron_californicum,278,233,10,30,5,10
3212,08941_Plantae_Tracheophyta_Magnoliopsida_Malvales_Malvaceae_Gossypium_hirsutum,153,108,10,30,5,10
3213,08942_Plantae_Tracheophyta_Magnoliopsida_Malvales_Malvaceae_Guazuma_ulmifolia,276,231,10,30,5,10
3214,08943_Plantae_Tracheophyta_Magnoliopsida_Malvales_Malvaceae_Herissantia_crispa,200,155,10,30,5,10
3215,08944_Plantae_Tracheophyta_Magnoliopsida_Malvales_Malvaceae_Hibiscus_denudatus,300,255,10,30,5,10
3216,08945_Plantae_Tracheophyta_Magnoliopsida_Malvales_Malvaceae_Hibiscus_laevis,300,255,10,30,5,10
3217,08946_Plantae_Tracheophyta_Magnoliopsida_Malvales_Malvaceae_Hibiscus_moscheutos,300,255,10,30,5,10
3218,08947_Plantae_Tracheophyta_Magnoliopsida_Malvales_Malvaceae_Hibiscus_rosa-sinensis,300,255,10,30,5,10
3219,08948_Plantae_Tracheophyta_Magnoliopsida_Malvales_Malvaceae_Hibiscus_syriacus,300,255,10,30,5,10
3220,08949_Plantae_Tracheophyta_Magnoliopsida_Malvales_Malvaceae_Hibiscus_tiliaceus,300,255,10,30,5,10
3221,08950_Plantae_Tracheophyta_Magnoliopsida_Malvales_Malvaceae_Hibiscus_trionum,300,255,10,30,5,10
3222,08951_Plantae_Tracheophyta_Magnoliopsida_Malvales_Malvaceae_Hoheria_populnea,246,201,10,30,5,10
3223,08952_Plantae_Tracheophyta_Magnoliopsida_Malvales_Malvaceae_Horsfordia_newberryi,220,175,10,30,5,10
3224,08953_Plantae_Tracheophyta_Magnoliopsida_Malvales_Malvaceae_Kosteletzkya_pentacarpos,241,196,10,30,5,10
3225,08954_Plantae_Tracheophyta_Magnoliopsida_Malvales_Malvaceae_Malacothamnus_fasciculatus,300,255,10,30,5,10
3226,08955_Plantae_Tracheophyta_Magnoliopsida_Malvales_Malvaceae_Malva_arborea,300,255,10,30,5,10
3227,08956_Plantae_Tracheophyta_Magnoliopsida_Malvales_Malvaceae_Malva_assurgentiflora,180,135,10,30,5,10
3228,08957_Plantae_Tracheophyta_Magnoliopsida_Malvales_Malvaceae_Malva_moschata,300,255,10,30,5,10
3229,08958_Plantae_Tracheophyta_Magnoliopsida_Malvales_Malvaceae_Malva_neglecta,300,255,10,30,5,10
3230,08959_Plantae_Tracheophyta_Magnoliopsida_Malvales_Malvaceae_Malva_parviflora,300,255,10,30,5,10
3231,08960_Plantae_Tracheophyta_Magnoliopsida_Malvales_Malvaceae_Malva_sylvestris,300,255,10,30,5,10
3232,08961_Plantae_Tracheophyta_Magnoliopsida_Malvales_Malvaceae_Malva_thuringiaca,300,255,10,30,5,10
3233,08962_Plantae_Tracheophyta_Magnoliopsida_Malvales_Malvaceae_Malvastrum_coromandelianum,300,255,10,30,5,10
3234,08963_Plantae_Tracheophyta_Magnoliopsida_Malvales_Malvaceae_Malvaviscus_arboreus,300,255,10,30,5,10
3235,08964_Plantae_Tracheophyta_Magnoliopsida_Malvales_Malvaceae_Malvella_leprosa,282,237,10,30,5,10
3236,08965_Plantae_Tracheophyta_Magnoliopsida_Malvales_Malvaceae_Melochia_pyramidata,172,127,10,30,5,10
3237,08966_Plantae_Tracheophyta_Magnoliopsida_Malvales_Malvaceae_Melochia_tomentosa,153,108,10,30,5,10
3238,08967_Plantae_Tracheophyta_Magnoliopsida_Malvales_Malvaceae_Modiola_caroliniana,300,255,10,30,5,10
3239,08968_Plantae_Tracheophyta_Magnoliopsida_Malvales_Malvaceae_Pachira_aquatica,163,118,10,30,5,10
3240,08969_Plantae_Tracheophyta_Magnoliopsida_Malvales_Malvaceae_Pavonia_lasiopetala,280,235,10,30,5,10
3241,08970_Plantae_Tracheophyta_Magnoliopsida_Malvales_Malvaceae_Plagianthus_divaricatus,170,125,10,30,5,10
3242,08971_Plantae_Tracheophyta_Magnoliopsida_Malvales_Malvaceae_Plagianthus_regius,165,120,10,30,5,10
3243,08972_Plantae_Tracheophyta_Magnoliopsida_Malvales_Malvaceae_Sida_abutifolia,300,255,10,30,5,10
3244,08973_Plantae_Tracheophyta_Magnoliopsida_Malvales_Malvaceae_Sida_ciliaris,167,122,10,30,5,10
3245,08974_Plantae_Tracheophyta_Magnoliopsida_Malvales_Malvaceae_Sida_rhombifolia,300,255,10,30,5,10
3246,08975_Plantae_Tracheophyta_Magnoliopsida_Malvales_Malvaceae_Sidalcea_malviflora,300,255,10,30,5,10
3247,08976_Plantae_Tracheophyta_Magnoliopsida_Malvales_Malvaceae_Sidalcea_oregana,192,147,10,30,5,10
3248,08977_Plantae_Tracheophyta_Magnoliopsida_Malvales_Malvaceae_Sidalcea_sparsifolia,232,187,10,30,5,10
3249,08978_Plantae_Tracheophyta_Magnoliopsida_Malvales_Malvaceae_Sphaeralcea_ambigua,300,255,10,30,5,10
3250,08979_Plantae_Tracheophyta_Magnoliopsida_Malvales_Malvaceae_Sphaeralcea_angustifolia,300,255,10,30,5,10
3251,08980_Plantae_Tracheophyta_Magnoliopsida_Malvales_Malvaceae_Sphaeralcea_coccinea,300,255,10,30,5,10
3252,08981_Plantae_Tracheophyta_Magnoliopsida_Malvales_Malvaceae_Theobroma_cacao,256,211,10,30,5,10
3253,08982_Plantae_Tracheophyta_Magnoliopsida_Malvales_Malvaceae_Thespesia_populnea,300,255,10,30,5,10
3254,08983_Plantae_Tracheophyta_Magnoliopsida_Malvales_Malvaceae_Tilia_americana,300,255,10,30,5,10
3255,08984_Plantae_Tracheophyta_Magnoliopsida_Malvales_Malvaceae_Tilia_cordata,300,255,10,30,5,10
3256,08985_Plantae_Tracheophyta_Magnoliopsida_Malvales_Malvaceae_Urena_lobata,300,255,10,30,5,10
3257,08986_Plantae_Tracheophyta_Magnoliopsida_Malvales_Malvaceae_Waltheria_indica,300,255,10,30,5,10
3258,08987_Plantae_Tracheophyta_Magnoliopsida_Malvales_Muntingiaceae_Muntingia_calabura,276,231,10,30,5,10
3259,08988_Plantae_Tracheophyta_Magnoliopsida_Malvales_Thymelaeaceae_Daphne_gnidium,222,177,10,30,5,10
3260,08989_Plantae_Tracheophyta_Magnoliopsida_Malvales_Thymelaeaceae_Daphne_laureola,300,255,10,30,5,10
3261,08990_Plantae_Tracheophyta_Magnoliopsida_Malvales_Thymelaeaceae_Daphne_mezereum,300,255,10,30,5,10
3262,08991_Plantae_Tracheophyta_Magnoliopsida_Malvales_Thymelaeaceae_Dirca_palustris,300,255,10,30,5,10
3263,08992_Plantae_Tracheophyta_Magnoliopsida_Malvales_Thymelaeaceae_Pimelea_villosa,250,205,10,30,5,10
3264,08993_Plantae_Tracheophyta_Magnoliopsida_Myrtales_Combretaceae_Conocarpus_erectus,300,255,10,30,5,10
3265,08994_Plantae_Tracheophyta_Magnoliopsida_Myrtales_Combretaceae_Laguncularia_racemosa,300,255,10,30,5,10
3266,08995_Plantae_Tracheophyta_Magnoliopsida_Myrtales_Combretaceae_Terminalia_catappa,300,255,10,30,5,10
3267,08996_Plantae_Tracheophyta_Magnoliopsida_Myrtales_Lythraceae_Ammannia_coccinea,221,176,10,30,5,10
3268,08997_Plantae_Tracheophyta_Magnoliopsida_Myrtales_Lythraceae_Cuphea_carthagenensis,158,113,10,30,5,10
3269,08998_Plantae_Tracheophyta_Magnoliopsida_Myrtales_Lythraceae_Decodon_verticillatus,300,255,10,30,5,10
3270,08999_Plantae_Tracheophyta_Magnoliopsida_Myrtales_Lythraceae_Lagerstroemia_indica,246,201,10,30,5,10
3271,09000_Plantae_Tracheophyta_Magnoliopsida_Myrtales_Lythraceae_Lythrum_alatum,300,255,10,30,5,10
3272,09001_Plantae_Tracheophyta_Magnoliopsida_Myrtales_Lythraceae_Lythrum_hyssopifolia,239,194,10,30,5,10
3273,09002_Plantae_Tracheophyta_Magnoliopsida_Myrtales_Lythraceae_Lythrum_salicaria,300,255,10,30,5,10
3274,09003_Plantae_Tracheophyta_Magnoliopsida_Myrtales_Lythraceae_Punica_granatum,300,255,10,30,5,10
3275,09004_Plantae_Tracheophyta_Magnoliopsida_Myrtales_Lythraceae_Trapa_natans,300,255,10,30,5,10
3276,09005_Plantae_Tracheophyta_Magnoliopsida_Myrtales_Melastomataceae_Clidemia_hirta,300,255,10,30,5,10
3277,09006_Plantae_Tracheophyta_Magnoliopsida_Myrtales_Melastomataceae_Melastoma_malabathricum,201,156,10,30,5,10
3278,09007_Plantae_Tracheophyta_Magnoliopsida_Myrtales_Melastomataceae_Rhexia_alifanus,165,120,10,30,5,10
3279,09008_Plantae_Tracheophyta_Magnoliopsida_Myrtales_Melastomataceae_Rhexia_mariana,300,255,10,30,5,10
3280,09009_Plantae_Tracheophyta_Magnoliopsida_Myrtales_Melastomataceae_Rhexia_virginica,300,255,10,30,5,10
3281,09010_Plantae_Tracheophyta_Magnoliopsida_Myrtales_Myrtaceae_Eucalyptus_camaldulensis,177,132,10,30,5,10
3282,09011_Plantae_Tracheophyta_Magnoliopsida_Myrtales_Myrtaceae_Eucalyptus_globulus,300,255,10,30,5,10
3283,09012_Plantae_Tracheophyta_Magnoliopsida_Myrtales_Myrtaceae_Leptospermum_laevigatum,165,120,10,30,5,10
3284,09013_Plantae_Tracheophyta_Magnoliopsida_Myrtales_Myrtaceae_Leptospermum_scoparium,300,255,10,30,5,10
3285,09014_Plantae_Tracheophyta_Magnoliopsida_Myrtales_Myrtaceae_Lophomyrtus_bullata,180,135,10,30,5,10
3286,09015_Plantae_Tracheophyta_Magnoliopsida_Myrtales_Myrtaceae_Metrosideros_diffusa,250,205,10,30,5,10
3287,09016_Plantae_Tracheophyta_Magnoliopsida_Myrtales_Myrtaceae_Metrosideros_excelsa,300,255,10,30,5,10
3288,09017_Plantae_Tracheophyta_Magnoliopsida_Myrtales_Myrtaceae_Metrosideros_fulgens,300,255,10,30,5,10
3289,09018_Plantae_Tracheophyta_Magnoliopsida_Myrtales_Myrtaceae_Metrosideros_perforata,300,255,10,30,5,10
3290,09019_Plantae_Tracheophyta_Magnoliopsida_Myrtales_Myrtaceae_Metrosideros_polymorpha,300,255,10,30,5,10
3291,09020_Plantae_Tracheophyta_Magnoliopsida_Myrtales_Myrtaceae_Metrosideros_robusta,206,161,10,30,5,10
3292,09021_Plantae_Tracheophyta_Magnoliopsida_Myrtales_Myrtaceae_Metrosideros_umbellata,260,215,10,30,5,10
3293,09022_Plantae_Tracheophyta_Magnoliopsida_Myrtales_Myrtaceae_Myrtus_communis,211,166,10,30,5,10
3294,09023_Plantae_Tracheophyta_Magnoliopsida_Myrtales_Myrtaceae_Psidium_cattleyanum,198,153,10,30,5,10
3295,09024_Plantae_Tracheophyta_Magnoliopsida_Myrtales_Myrtaceae_Psidium_guajava,300,255,10,30,5,10
3296,09025_Plantae_Tracheophyta_Magnoliopsida_Myrtales_Onagraceae_Camissoniopsis_bistorta,188,143,10,30,5,10
3297,09026_Plantae_Tracheophyta_Magnoliopsida_Myrtales_Onagraceae_Camissoniopsis_cheiranthifolia,300,255,10,30,5,10
3298,09027_Plantae_Tracheophyta_Magnoliopsida_Myrtales_Onagraceae_Chamaenerion_angustifolium,300,255,10,30,5,10
3299,09028_Plantae_Tracheophyta_Magnoliopsida_Myrtales_Onagraceae_Chamaenerion_latifolium,300,255,10,30,5,10
3300,09029_Plantae_Tracheophyta_Magnoliopsida_Myrtales_Onagraceae_Chylismia_brevipes,300,255,10,30,5,10
3301,09030_Plantae_Tracheophyta_Magnoliopsida_Myrtales_Onagraceae_Chylismia_claviformis,300,255,10,30,5,10
3302,09031_Plantae_Tracheophyta_Magnoliopsida_Myrtales_Onagraceae_Circaea_alpina,300,255,10,30,5,10
3303,09032_Plantae_Tracheophyta_Magnoliopsida_Myrtales_Onagraceae_Circaea_canadensis,300,255,10,30,5,10
3304,09033_Plantae_Tracheophyta_Magnoliopsida_Myrtales_Onagraceae_Circaea_lutetiana,300,255,10,30,5,10
3305,09034_Plantae_Tracheophyta_Magnoliopsida_Myrtales_Onagraceae_Clarkia_amoena,158,113,10,30,5,10
3306,09035_Plantae_Tracheophyta_Magnoliopsida_Myrtales_Onagraceae_Clarkia_concinna,277,232,10,30,5,10
3307,09036_Plantae_Tracheophyta_Magnoliopsida_Myrtales_Onagraceae_Clarkia_purpurea,300,255,10,30,5,10
3308,09037_Plantae_Tracheophyta_Magnoliopsida_Myrtales_Onagraceae_Clarkia_rhomboidea,211,166,10,30,5,10
3309,09038_Plantae_Tracheophyta_Magnoliopsida_Myrtales_Onagraceae_Clarkia_rubicunda,300,255,10,30,5,10
3310,09039_Plantae_Tracheophyta_Magnoliopsida_Myrtales_Onagraceae_Clarkia_unguiculata,300,255,10,30,5,10
3311,09040_Plantae_Tracheophyta_Magnoliopsida_Myrtales_Onagraceae_Epilobium_brachycarpum,259,214,10,30,5,10
3312,09041_Plantae_Tracheophyta_Magnoliopsida_Myrtales_Onagraceae_Epilobium_canum,300,255,10,30,5,10
3313,09042_Plantae_Tracheophyta_Magnoliopsida_Myrtales_Onagraceae_Epilobium_ciliatum,300,255,10,30,5,10
3314,09043_Plantae_Tracheophyta_Magnoliopsida_Myrtales_Onagraceae_Epilobium_hirsutum,300,255,10,30,5,10
3315,09044_Plantae_Tracheophyta_Magnoliopsida_Myrtales_Onagraceae_Epilobium_montanum,190,145,10,30,5,10
3316,09045_Plantae_Tracheophyta_Magnoliopsida_Myrtales_Onagraceae_Eremothera_boothii,300,255,10,30,5,10
3317,09046_Plantae_Tracheophyta_Magnoliopsida_Myrtales_Onagraceae_Eulobus_californicus,300,255,10,30,5,10
3318,09047_Plantae_Tracheophyta_Magnoliopsida_Myrtales_Onagraceae_Fuchsia_boliviana,196,151,10,30,5,10
3319,09048_Plantae_Tracheophyta_Magnoliopsida_Myrtales_Onagraceae_Fuchsia_excorticata,300,255,10,30,5,10
3320,09049_Plantae_Tracheophyta_Magnoliopsida_Myrtales_Onagraceae_Fuchsia_magellanica,224,179,10,30,5,10
3321,09050_Plantae_Tracheophyta_Magnoliopsida_Myrtales_Onagraceae_Lopezia_racemosa,165,120,10,30,5,10
3322,09051_Plantae_Tracheophyta_Magnoliopsida_Myrtales_Onagraceae_Ludwigia_alternifolia,300,255,10,30,5,10
3323,09052_Plantae_Tracheophyta_Magnoliopsida_Myrtales_Onagraceae_Ludwigia_octovalvis,300,255,10,30,5,10
3324,09053_Plantae_Tracheophyta_Magnoliopsida_Myrtales_Onagraceae_Ludwigia_palustris,223,178,10,30,5,10
3325,09054_Plantae_Tracheophyta_Magnoliopsida_Myrtales_Onagraceae_Ludwigia_peploides,300,255,10,30,5,10
3326,09055_Plantae_Tracheophyta_Magnoliopsida_Myrtales_Onagraceae_Ludwigia_peruviana,257,212,10,30,5,10
3327,09056_Plantae_Tracheophyta_Magnoliopsida_Myrtales_Onagraceae_Oenothera_berlandieri,300,255,10,30,5,10
3328,09057_Plantae_Tracheophyta_Magnoliopsida_Myrtales_Onagraceae_Oenothera_biennis,300,255,10,30,5,10
3329,09058_Plantae_Tracheophyta_Magnoliopsida_Myrtales_Onagraceae_Oenothera_cespitosa,300,255,10,30,5,10
3330,09059_Plantae_Tracheophyta_Magnoliopsida_Myrtales_Onagraceae_Oenothera_curtiflora,300,255,10,30,5,10
3331,09060_Plantae_Tracheophyta_Magnoliopsida_Myrtales_Onagraceae_Oenothera_deltoides,300,255,10,30,5,10
3332,09061_Plantae_Tracheophyta_Magnoliopsida_Myrtales_Onagraceae_Oenothera_drummondii,262,217,10,30,5,10
3333,09062_Plantae_Tracheophyta_Magnoliopsida_Myrtales_Onagraceae_Oenothera_elata,300,255,10,30,5,10
3334,09063_Plantae_Tracheophyta_Magnoliopsida_Myrtales_Onagraceae_Oenothera_gaura,221,176,10,30,5,10
3335,09064_Plantae_Tracheophyta_Magnoliopsida_Myrtales_Onagraceae_Oenothera_glaucifolia,176,131,10,30,5,10
3336,09065_Plantae_Tracheophyta_Magnoliopsida_Myrtales_Onagraceae_Oenothera_glazioviana,200,155,10,30,5,10
3337,09066_Plantae_Tracheophyta_Magnoliopsida_Myrtales_Onagraceae_Oenothera_hartwegii,176,131,10,30,5,10
3338,09067_Plantae_Tracheophyta_Magnoliopsida_Myrtales_Onagraceae_Oenothera_laciniata,300,255,10,30,5,10
3339,09068_Plantae_Tracheophyta_Magnoliopsida_Myrtales_Onagraceae_Oenothera_macrocarpa,300,255,10,30,5,10
3340,09069_Plantae_Tracheophyta_Magnoliopsida_Myrtales_Onagraceae_Oenothera_rosea,300,255,10,30,5,10
3341,09070_Plantae_Tracheophyta_Magnoliopsida_Myrtales_Onagraceae_Oenothera_rubricaulis,155,110,10,30,5,10
3342,09071_Plantae_Tracheophyta_Magnoliopsida_Myrtales_Onagraceae_Oenothera_speciosa,300,255,10,30,5,10
3343,09072_Plantae_Tracheophyta_Magnoliopsida_Myrtales_Onagraceae_Oenothera_suffrutescens,300,255,10,30,5,10
3344,09073_Plantae_Tracheophyta_Magnoliopsida_Myrtales_Onagraceae_Oenothera_suffulta,300,255,10,30,5,10
3345,09074_Plantae_Tracheophyta_Magnoliopsida_Myrtales_Onagraceae_Oenothera_triloba,300,255,10,30,5,10
3346,09075_Plantae_Tracheophyta_Magnoliopsida_Myrtales_Onagraceae_Taraxia_ovata,300,255,10,30,5,10
3347,09076_Plantae_Tracheophyta_Magnoliopsida_Myrtales_Penaeaceae_Penaea_mucronata,164,119,10,30,5,10
3348,09077_Plantae_Tracheophyta_Magnoliopsida_Myrtales_Penaeaceae_Saltera_sarcocolla,169,124,10,30,5,10
3349,09078_Plantae_Tracheophyta_Magnoliopsida_Nymphaeales_Cabombaceae_Brasenia_schreberi,300,255,10,30,5,10
3350,09079_Plantae_Tracheophyta_Magnoliopsida_Nymphaeales_Nymphaeaceae_Nuphar_advena,300,255,10,30,5,10
3351,09080_Plantae_Tracheophyta_Magnoliopsida_Nymphaeales_Nymphaeaceae_Nuphar_lutea,300,255,10,30,5,10
3352,09081_Plantae_Tracheophyta_Magnoliopsida_Nymphaeales_Nymphaeaceae_Nuphar_polysepala,300,255,10,30,5,10
3353,09082_Plantae_Tracheophyta_Magnoliopsida_Nymphaeales_Nymphaeaceae_Nuphar_variegata,300,255,10,30,5,10
3354,09083_Plantae_Tracheophyta_Magnoliopsida_Nymphaeales_Nymphaeaceae_Nymphaea_alba,300,255,10,30,5,10
3355,09084_Plantae_Tracheophyta_Magnoliopsida_Nymphaeales_Nymphaeaceae_Nymphaea_candida,199,154,10,30,5,10
3356,09085_Plantae_Tracheophyta_Magnoliopsida_Nymphaeales_Nymphaeaceae_Nymphaea_nouchali,166,121,10,30,5,10
3357,09086_Plantae_Tracheophyta_Magnoliopsida_Nymphaeales_Nymphaeaceae_Nymphaea_odorata,300,255,10,30,5,10
3358,09087_Plantae_Tracheophyta_Magnoliopsida_Oxalidales_Cunoniaceae_Bauera_rubioides,162,117,10,30,5,10
3359,09088_Plantae_Tracheophyta_Magnoliopsida_Oxalidales_Cunoniaceae_Weinmannia_racemosa,300,255,10,30,5,10
3360,09089_Plantae_Tracheophyta_Magnoliopsida_Oxalidales_Elaeocarpaceae_Aristotelia_serrata,300,255,10,30,5,10
3361,09090_Plantae_Tracheophyta_Magnoliopsida_Oxalidales_Elaeocarpaceae_Elaeocarpus_hookerianus,194,149,10,30,5,10
3362,09091_Plantae_Tracheophyta_Magnoliopsida_Oxalidales_Oxalidaceae_Oxalis_acetosella,300,255,10,30,5,10
3363,09092_Plantae_Tracheophyta_Magnoliopsida_Oxalidales_Oxalidaceae_Oxalis_articulata,300,255,10,30,5,10
3364,09093_Plantae_Tracheophyta_Magnoliopsida_Oxalidales_Oxalidaceae_Oxalis_corniculata,300,255,10,30,5,10
3365,09094_Plantae_Tracheophyta_Magnoliopsida_Oxalidales_Oxalidaceae_Oxalis_debilis,300,255,10,30,5,10
3366,09095_Plantae_Tracheophyta_Magnoliopsida_Oxalidales_Oxalidaceae_Oxalis_dillenii,300,255,10,30,5,10
3367,09096_Plantae_Tracheophyta_Magnoliopsida_Oxalidales_Oxalidaceae_Oxalis_drummondii,287,242,10,30,5,10
3368,09097_Plantae_Tracheophyta_Magnoliopsida_Oxalidales_Oxalidaceae_Oxalis_incarnata,300,255,10,30,5,10
3369,09098_Plantae_Tracheophyta_Magnoliopsida_Oxalidales_Oxalidaceae_Oxalis_latifolia,157,112,10,30,5,10
3370,09099_Plantae_Tracheophyta_Magnoliopsida_Oxalidales_Oxalidaceae_Oxalis_luteola,208,163,10,30,5,10
3371,09100_Plantae_Tracheophyta_Magnoliopsida_Oxalidales_Oxalidaceae_Oxalis_montana,300,255,10,30,5,10
3372,09101_Plantae_Tracheophyta_Magnoliopsida_Oxalidales_Oxalidaceae_Oxalis_obtusa,300,255,10,30,5,10
3373,09102_Plantae_Tracheophyta_Magnoliopsida_Oxalidales_Oxalidaceae_Oxalis_oregana,300,255,10,30,5,10
3374,09103_Plantae_Tracheophyta_Magnoliopsida_Oxalidales_Oxalidaceae_Oxalis_pes-caprae,300,255,10,30,5,10
3375,09104_Plantae_Tracheophyta_Magnoliopsida_Oxalidales_Oxalidaceae_Oxalis_polyphylla,177,132,10,30,5,10
3376,09105_Plantae_Tracheophyta_Magnoliopsida_Oxalidales_Oxalidaceae_Oxalis_purpurea,300,255,10,30,5,10
3377,09106_Plantae_Tracheophyta_Magnoliopsida_Oxalidales_Oxalidaceae_Oxalis_stricta,300,255,10,30,5,10
3378,09107_Plantae_Tracheophyta_Magnoliopsida_Oxalidales_Oxalidaceae_Oxalis_violacea,300,255,10,30,5,10
3379,09108_Plantae_Tracheophyta_Magnoliopsida_Piperales_Aristolochiaceae_Aristolochia_californica,300,255,10,30,5,10
3380,09109_Plantae_Tracheophyta_Magnoliopsida_Piperales_Aristolochiaceae_Aristolochia_clematitis,291,246,10,30,5,10
3381,09110_Plantae_Tracheophyta_Magnoliopsida_Piperales_Aristolochiaceae_Asarum_canadense,300,255,10,30,5,10
3382,09111_Plantae_Tracheophyta_Magnoliopsida_Piperales_Aristolochiaceae_Asarum_caudatum,300,255,10,30,5,10
3383,09112_Plantae_Tracheophyta_Magnoliopsida_Piperales_Aristolochiaceae_Asarum_europaeum,300,255,10,30,5,10
3384,09113_Plantae_Tracheophyta_Magnoliopsida_Piperales_Aristolochiaceae_Endodeca_serpentaria,188,143,10,30,5,10
3385,09114_Plantae_Tracheophyta_Magnoliopsida_Piperales_Aristolochiaceae_Hexastylis_arifolia,300,255,10,30,5,10
3386,09115_Plantae_Tracheophyta_Magnoliopsida_Piperales_Piperaceae_Piper_excelsum,300,255,10,30,5,10
3387,09116_Plantae_Tracheophyta_Magnoliopsida_Piperales_Saururaceae_Anemopsis_californica,300,255,10,30,5,10
3388,09117_Plantae_Tracheophyta_Magnoliopsida_Piperales_Saururaceae_Houttuynia_cordata,155,110,10,30,5,10
3389,09118_Plantae_Tracheophyta_Magnoliopsida_Piperales_Saururaceae_Saururus_cernuus,300,255,10,30,5,10
3390,09119_Plantae_Tracheophyta_Magnoliopsida_Proteales_Nelumbonaceae_Nelumbo_lutea,300,255,10,30,5,10
3391,09120_Plantae_Tracheophyta_Magnoliopsida_Proteales_Nelumbonaceae_Nelumbo_nucifera,285,240,10,30,5,10
3392,09121_Plantae_Tracheophyta_Magnoliopsida_Proteales_Platanaceae_Platanus_occidentalis,300,255,10,30,5,10
3393,09122_Plantae_Tracheophyta_Magnoliopsida_Proteales_Platanaceae_Platanus_racemosa,300,255,10,30,5,10
3394,09123_Plantae_Tracheophyta_Magnoliopsida_Proteales_Platanaceae_Platanus_wrightii,300,255,10,30,5,10
3395,09124_Plantae_Tracheophyta_Magnoliopsida_Proteales_Proteaceae_Banksia_integrifolia,257,212,10,30,5,10
3396,09125_Plantae_Tracheophyta_Magnoliopsida_Proteales_Proteaceae_Banksia_marginata,300,255,10,30,5,10
3397,09126_Plantae_Tracheophyta_Magnoliopsida_Proteales_Proteaceae_Hakea_sericea,251,206,10,30,5,10
3398,09127_Plantae_Tracheophyta_Magnoliopsida_Proteales_Proteaceae_Knightia_excelsa,300,255,10,30,5,10
3399,09128_Plantae_Tracheophyta_Magnoliopsida_Proteales_Proteaceae_Leucadendron_laureolum,153,108,10,30,5,10
3400,09129_Plantae_Tracheophyta_Magnoliopsida_Proteales_Proteaceae_Leucadendron_rubrum,169,124,10,30,5,10
3401,09130_Plantae_Tracheophyta_Magnoliopsida_Proteales_Proteaceae_Leucadendron_salignum,300,255,10,30,5,10
3402,09131_Plantae_Tracheophyta_Magnoliopsida_Proteales_Proteaceae_Leucospermum_conocarpodendron,244,199,10,30,5,10
3403,09132_Plantae_Tracheophyta_Magnoliopsida_Proteales_Proteaceae_Leucospermum_cuneiforme,162,117,10,30,5,10
3404,09133_Plantae_Tracheophyta_Magnoliopsida_Proteales_Proteaceae_Mimetes_cucullatus,299,254,10,30,5,10
3405,09134_Plantae_Tracheophyta_Magnoliopsida_Proteales_Proteaceae_Protea_caffra,153,108,10,30,5,10
3406,09135_Plantae_Tracheophyta_Magnoliopsida_Proteales_Proteaceae_Protea_cynaroides,300,255,10,30,5,10
3407,09136_Plantae_Tracheophyta_Magnoliopsida_Proteales_Proteaceae_Protea_laurifolia,163,118,10,30,5,10
3408,09137_Plantae_Tracheophyta_Magnoliopsida_Proteales_Proteaceae_Protea_neriifolia,300,255,10,30,5,10
3409,09138_Plantae_Tracheophyta_Magnoliopsida_Proteales_Proteaceae_Protea_nitida,300,255,10,30,5,10
3410,09139_Plantae_Tracheophyta_Magnoliopsida_Proteales_Proteaceae_Protea_repens,300,255,10,30,5,10
3411,09140_Plantae_Tracheophyta_Magnoliopsida_Proteales_Proteaceae_Serruria_fasciflora,258,213,10,30,5,10
3412,09141_Plantae_Tracheophyta_Magnoliopsida_Ranunculales_Berberidaceae_Achlys_triphylla,300,255,10,30,5,10
3413,09142_Plantae_Tracheophyta_Magnoliopsida_Ranunculales_Berberidaceae_Berberis_aquifolium,300,255,10,30,5,10
3414,09143_Plantae_Tracheophyta_Magnoliopsida_Ranunculales_Berberidaceae_Berberis_bealei,300,255,10,30,5,10
3415,09144_Plantae_Tracheophyta_Magnoliopsida_Ranunculales_Berberidaceae_Berberis_darwinii,300,255,10,30,5,10
3416,09145_Plantae_Tracheophyta_Magnoliopsida_Ranunculales_Berberidaceae_Berberis_nervosa,300,255,10,30,5,10
3417,09146_Plantae_Tracheophyta_Magnoliopsida_Ranunculales_Berberidaceae_Berberis_repens,300,255,10,30,5,10
3418,09147_Plantae_Tracheophyta_Magnoliopsida_Ranunculales_Berberidaceae_Berberis_thunbergii,300,255,10,30,5,10
3419,09148_Plantae_Tracheophyta_Magnoliopsida_Ranunculales_Berberidaceae_Berberis_trifoliolata,300,255,10,30,5,10
3420,09149_Plantae_Tracheophyta_Magnoliopsida_Ranunculales_Berberidaceae_Berberis_vulgaris,300,255,10,30,5,10
3421,09150_Plantae_Tracheophyta_Magnoliopsida_Ranunculales_Berberidaceae_Caulophyllum_giganteum,300,255,10,30,5,10
3422,09151_Plantae_Tracheophyta_Magnoliopsida_Ranunculales_Berberidaceae_Caulophyllum_thalictroides,300,255,10,30,5,10
3423,09152_Plantae_Tracheophyta_Magnoliopsida_Ranunculales_Berberidaceae_Jeffersonia_diphylla,300,255,10,30,5,10
3424,09153_Plantae_Tracheophyta_Magnoliopsida_Ranunculales_Berberidaceae_Nandina_domestica,300,255,10,30,5,10
3425,09154_Plantae_Tracheophyta_Magnoliopsida_Ranunculales_Berberidaceae_Podophyllum_peltatum,300,255,10,30,5,10
3426,09155_Plantae_Tracheophyta_Magnoliopsida_Ranunculales_Berberidaceae_Vancouveria_hexandra,223,178,10,30,5,10
3427,09156_Plantae_Tracheophyta_Magnoliopsida_Ranunculales_Menispermaceae_Cocculus_carolinus,300,255,10,30,5,10
3428,09157_Plantae_Tracheophyta_Magnoliopsida_Ranunculales_Menispermaceae_Menispermum_canadense,300,255,10,30,5,10
3429,09158_Plantae_Tracheophyta_Magnoliopsida_Ranunculales_Papaveraceae_Argemone_albiflora,300,255,10,30,5,10
3430,09159_Plantae_Tracheophyta_Magnoliopsida_Ranunculales_Papaveraceae_Argemone_mexicana,300,255,10,30,5,10
3431,09160_Plantae_Tracheophyta_Magnoliopsida_Ranunculales_Papaveraceae_Argemone_munita,300,255,10,30,5,10
3432,09161_Plantae_Tracheophyta_Magnoliopsida_Ranunculales_Papaveraceae_Argemone_ochroleuca,300,255,10,30,5,10
3433,09162_Plantae_Tracheophyta_Magnoliopsida_Ranunculales_Papaveraceae_Argemone_polyanthemos,196,151,10,30,5,10
3434,09163_Plantae_Tracheophyta_Magnoliopsida_Ranunculales_Papaveraceae_Capnoides_sempervirens,300,255,10,30,5,10
3435,09164_Plantae_Tracheophyta_Magnoliopsida_Ranunculales_Papaveraceae_Chelidonium_majus,300,255,10,30,5,10
3436,09165_Plantae_Tracheophyta_Magnoliopsida_Ranunculales_Papaveraceae_Corydalis_aurea,300,255,10,30,5,10
3437,09166_Plantae_Tracheophyta_Magnoliopsida_Ranunculales_Papaveraceae_Corydalis_cava,300,255,10,30,5,10
3438,09167_Plantae_Tracheophyta_Magnoliopsida_Ranunculales_Papaveraceae_Corydalis_flavula,300,255,10,30,5,10
3439,09168_Plantae_Tracheophyta_Magnoliopsida_Ranunculales_Papaveraceae_Corydalis_solida,300,255,10,30,5,10
3440,09169_Plantae_Tracheophyta_Magnoliopsida_Ranunculales_Papaveraceae_Dendromecon_rigida,300,255,10,30,5,10
3441,09170_Plantae_Tracheophyta_Magnoliopsida_Ranunculales_Papaveraceae_Dicentra_canadensis,300,255,10,30,5,10
3442,09171_Plantae_Tracheophyta_Magnoliopsida_Ranunculales_Papaveraceae_Dicentra_cucullaria,300,255,10,30,5,10
3443,09172_Plantae_Tracheophyta_Magnoliopsida_Ranunculales_Papaveraceae_Dicentra_formosa,300,255,10,30,5,10
3444,09173_Plantae_Tracheophyta_Magnoliopsida_Ranunculales_Papaveraceae_Ehrendorferia_chrysantha,229,184,10,30,5,10
3445,09174_Plantae_Tracheophyta_Magnoliopsida_Ranunculales_Papaveraceae_Eschscholzia_caespitosa,155,110,10,30,5,10
3446,09175_Plantae_Tracheophyta_Magnoliopsida_Ranunculales_Papaveraceae_Eschscholzia_californica,300,255,10,30,5,10
3447,09176_Plantae_Tracheophyta_Magnoliopsida_Ranunculales_Papaveraceae_Eschscholzia_minutiflora,300,255,10,30,5,10
3448,09177_Plantae_Tracheophyta_Magnoliopsida_Ranunculales_Papaveraceae_Eschscholzia_parishii,300,255,10,30,5,10
3449,09178_Plantae_Tracheophyta_Magnoliopsida_Ranunculales_Papaveraceae_Fumaria_capreolata,300,255,10,30,5,10
3450,09179_Plantae_Tracheophyta_Magnoliopsida_Ranunculales_Papaveraceae_Fumaria_muralis,300,255,10,30,5,10
3451,09180_Plantae_Tracheophyta_Magnoliopsida_Ranunculales_Papaveraceae_Fumaria_officinalis,300,255,10,30,5,10
3452,09181_Plantae_Tracheophyta_Magnoliopsida_Ranunculales_Papaveraceae_Glaucium_flavum,300,255,10,30,5,10
3453,09182_Plantae_Tracheophyta_Magnoliopsida_Ranunculales_Papaveraceae_Lamprocapnos_spectabilis,187,142,10,30,5,10
3454,09183_Plantae_Tracheophyta_Magnoliopsida_Ranunculales_Papaveraceae_Papaver_cambricum,223,178,10,30,5,10
3455,09184_Plantae_Tracheophyta_Magnoliopsida_Ranunculales_Papaveraceae_Papaver_dubium,264,219,10,30,5,10
3456,09185_Plantae_Tracheophyta_Magnoliopsida_Ranunculales_Papaveraceae_Papaver_heterophyllum,300,255,10,30,5,10
3457,09186_Plantae_Tracheophyta_Magnoliopsida_Ranunculales_Papaveraceae_Papaver_rhoeas,300,255,10,30,5,10
3458,09187_Plantae_Tracheophyta_Magnoliopsida_Ranunculales_Papaveraceae_Papaver_somniferum,300,255,10,30,5,10
3459,09188_Plantae_Tracheophyta_Magnoliopsida_Ranunculales_Papaveraceae_Platystemon_californicus,300,255,10,30,5,10
3460,09189_Plantae_Tracheophyta_Magnoliopsida_Ranunculales_Papaveraceae_Pseudofumaria_lutea,283,238,10,30,5,10
3461,09190_Plantae_Tracheophyta_Magnoliopsida_Ranunculales_Papaveraceae_Romneya_coulteri,265,220,10,30,5,10
3462,09191_Plantae_Tracheophyta_Magnoliopsida_Ranunculales_Papaveraceae_Sanguinaria_canadensis,300,255,10,30,5,10
3463,09192_Plantae_Tracheophyta_Magnoliopsida_Ranunculales_Papaveraceae_Stylophorum_diphyllum,300,255,10,30,5,10
3464,09193_Plantae_Tracheophyta_Magnoliopsida_Ranunculales_Ranunculaceae_Aconitum_columbianum,300,255,10,30,5,10
3465,09194_Plantae_Tracheophyta_Magnoliopsida_Ranunculales_Ranunculaceae_Aconitum_delphiniifolium,300,255,10,30,5,10
3466,09195_Plantae_Tracheophyta_Magnoliopsida_Ranunculales_Ranunculaceae_Aconitum_lycoctonum,201,156,10,30,5,10
3467,09196_Plantae_Tracheophyta_Magnoliopsida_Ranunculales_Ranunculaceae_Aconitum_napellus,273,228,10,30,5,10
3468,09197_Plantae_Tracheophyta_Magnoliopsida_Ranunculales_Ranunculaceae_Aconitum_septentrionale,259,214,10,30,5,10
3469,09198_Plantae_Tracheophyta_Magnoliopsida_Ranunculales_Ranunculaceae_Actaea_pachypoda,300,255,10,30,5,10
3470,09199_Plantae_Tracheophyta_Magnoliopsida_Ranunculales_Ranunculaceae_Actaea_racemosa,300,255,10,30,5,10
3471,09200_Plantae_Tracheophyta_Magnoliopsida_Ranunculales_Ranunculaceae_Actaea_rubra,300,255,10,30,5,10
3472,09201_Plantae_Tracheophyta_Magnoliopsida_Ranunculales_Ranunculaceae_Actaea_spicata,300,255,10,30,5,10
3473,09202_Plantae_Tracheophyta_Magnoliopsida_Ranunculales_Ranunculaceae_Adonis_vernalis,300,255,10,30,5,10
3474,09203_Plantae_Tracheophyta_Magnoliopsida_Ranunculales_Ranunculaceae_Anemonastrum_canadense,300,255,10,30,5,10
3475,09204_Plantae_Tracheophyta_Magnoliopsida_Ranunculales_Ranunculaceae_Anemone_berlandieri,300,255,10,30,5,10
3476,09205_Plantae_Tracheophyta_Magnoliopsida_Ranunculales_Ranunculaceae_Anemone_coronaria,277,232,10,30,5,10
3477,09206_Plantae_Tracheophyta_Magnoliopsida_Ranunculales_Ranunculaceae_Anemone_cylindrica,300,255,10,30,5,10
3478,09207_Plantae_Tracheophyta_Magnoliopsida_Ranunculales_Ranunculaceae_Anemone_hortensis,204,159,10,30,5,10
3479,09208_Plantae_Tracheophyta_Magnoliopsida_Ranunculales_Ranunculaceae_Anemone_multifida,300,255,10,30,5,10
3480,09209_Plantae_Tracheophyta_Magnoliopsida_Ranunculales_Ranunculaceae_Anemone_virginiana,300,255,10,30,5,10
3481,09210_Plantae_Tracheophyta_Magnoliopsida_Ranunculales_Ranunculaceae_Anemonoides_altaica,161,116,10,30,5,10
3482,09211_Plantae_Tracheophyta_Magnoliopsida_Ranunculales_Ranunculaceae_Anemonoides_nemorosa,300,255,10,30,5,10
3483,09212_Plantae_Tracheophyta_Magnoliopsida_Ranunculales_Ranunculaceae_Anemonoides_quinquefolia,300,255,10,30,5,10
3484,09213_Plantae_Tracheophyta_Magnoliopsida_Ranunculales_Ranunculaceae_Anemonoides_ranunculoides,300,255,10,30,5,10
3485,09214_Plantae_Tracheophyta_Magnoliopsida_Ranunculales_Ranunculaceae_Anemonoides_sylvestris,300,255,10,30,5,10
3486,09215_Plantae_Tracheophyta_Magnoliopsida_Ranunculales_Ranunculaceae_Aquilegia_atrata,154,109,10,30,5,10
3487,09216_Plantae_Tracheophyta_Magnoliopsida_Ranunculales_Ranunculaceae_Aquilegia_canadensis,300,255,10,30,5,10
3488,09217_Plantae_Tracheophyta_Magnoliopsida_Ranunculales_Ranunculaceae_Aquilegia_chrysantha,300,255,10,30,5,10
3489,09218_Plantae_Tracheophyta_Magnoliopsida_Ranunculales_Ranunculaceae_Aquilegia_coerulea,300,255,10,30,5,10
3490,09219_Plantae_Tracheophyta_Magnoliopsida_Ranunculales_Ranunculaceae_Aquilegia_flavescens,300,255,10,30,5,10
3491,09220_Plantae_Tracheophyta_Magnoliopsida_Ranunculales_Ranunculaceae_Aquilegia_formosa,300,255,10,30,5,10
3492,09221_Plantae_Tracheophyta_Magnoliopsida_Ranunculales_Ranunculaceae_Aquilegia_vulgaris,300,255,10,30,5,10
3493,09222_Plantae_Tracheophyta_Magnoliopsida_Ranunculales_Ranunculaceae_Caltha_leptosepala,300,255,10,30,5,10
3494,09223_Plantae_Tracheophyta_Magnoliopsida_Ranunculales_Ranunculaceae_Caltha_palustris,300,255,10,30,5,10
3495,09224_Plantae_Tracheophyta_Magnoliopsida_Ranunculales_Ranunculaceae_Ceratocephala_testiculata,179,134,10,30,5,10
3496,09225_Plantae_Tracheophyta_Magnoliopsida_Ranunculales_Ranunculaceae_Clematis_alpina,300,255,10,30,5,10
3497,09226_Plantae_Tracheophyta_Magnoliopsida_Ranunculales_Ranunculaceae_Clematis_crispa,278,233,10,30,5,10
3498,09227_Plantae_Tracheophyta_Magnoliopsida_Ranunculales_Ranunculaceae_Clematis_drummondii,300,255,10,30,5,10
3499,09228_Plantae_Tracheophyta_Magnoliopsida_Ranunculales_Ranunculaceae_Clematis_lasiantha,300,255,10,30,5,10
3500,09229_Plantae_Tracheophyta_Magnoliopsida_Ranunculales_Ranunculaceae_Clematis_ligusticifolia,245,200,10,30,5,10
3501,09230_Plantae_Tracheophyta_Magnoliopsida_Ranunculales_Ranunculaceae_Clematis_occidentalis,277,232,10,30,5,10
3502,09231_Plantae_Tracheophyta_Magnoliopsida_Ranunculales_Ranunculaceae_Clematis_paniculata,300,255,10,30,5,10
3503,09232_Plantae_Tracheophyta_Magnoliopsida_Ranunculales_Ranunculaceae_Clematis_pitcheri,300,255,10,30,5,10
3504,09233_Plantae_Tracheophyta_Magnoliopsida_Ranunculales_Ranunculaceae_Clematis_terniflora,300,255,10,30,5,10
3505,09234_Plantae_Tracheophyta_Magnoliopsida_Ranunculales_Ranunculaceae_Clematis_texensis,160,115,10,30,5,10
3506,09235_Plantae_Tracheophyta_Magnoliopsida_Ranunculales_Ranunculaceae_Clematis_virginiana,300,255,10,30,5,10
3507,09236_Plantae_Tracheophyta_Magnoliopsida_Ranunculales_Ranunculaceae_Clematis_vitalba,300,255,10,30,5,10
3508,09237_Plantae_Tracheophyta_Magnoliopsida_Ranunculales_Ranunculaceae_Consolida_regalis,300,255,10,30,5,10
3509,09238_Plantae_Tracheophyta_Magnoliopsida_Ranunculales_Ranunculaceae_Coptis_trifolia,300,255,10,30,5,10
3510,09239_Plantae_Tracheophyta_Magnoliopsida_Ranunculales_Ranunculaceae_Delphinium_cardinale,259,214,10,30,5,10
3511,09240_Plantae_Tracheophyta_Magnoliopsida_Ranunculales_Ranunculaceae_Delphinium_carolinianum,300,255,10,30,5,10
3512,09241_Plantae_Tracheophyta_Magnoliopsida_Ranunculales_Ranunculaceae_Delphinium_glaucum,211,166,10,30,5,10
3513,09242_Plantae_Tracheophyta_Magnoliopsida_Ranunculales_Ranunculaceae_Delphinium_nudicaule,300,255,10,30,5,10
3514,09243_Plantae_Tracheophyta_Magnoliopsida_Ranunculales_Ranunculaceae_Delphinium_nuttallianum,300,255,10,30,5,10
3515,09244_Plantae_Tracheophyta_Magnoliopsida_Ranunculales_Ranunculaceae_Delphinium_parishii,217,172,10,30,5,10
3516,09245_Plantae_Tracheophyta_Magnoliopsida_Ranunculales_Ranunculaceae_Delphinium_tricorne,300,255,10,30,5,10
3517,09246_Plantae_Tracheophyta_Magnoliopsida_Ranunculales_Ranunculaceae_Enemion_biternatum,300,255,10,30,5,10
3518,09247_Plantae_Tracheophyta_Magnoliopsida_Ranunculales_Ranunculaceae_Eranthis_hyemalis,300,255,10,30,5,10
3519,09248_Plantae_Tracheophyta_Magnoliopsida_Ranunculales_Ranunculaceae_Ficaria_verna,300,255,10,30,5,10
3520,09249_Plantae_Tracheophyta_Magnoliopsida_Ranunculales_Ranunculaceae_Helleborus_foetidus,300,255,10,30,5,10
3521,09250_Plantae_Tracheophyta_Magnoliopsida_Ranunculales_Ranunculaceae_Hepatica_acutiloba,300,255,10,30,5,10
3522,09251_Plantae_Tracheophyta_Magnoliopsida_Ranunculales_Ranunculaceae_Hepatica_americana,300,255,10,30,5,10
3523,09252_Plantae_Tracheophyta_Magnoliopsida_Ranunculales_Ranunculaceae_Hepatica_nobilis,300,255,10,30,5,10
3524,09253_Plantae_Tracheophyta_Magnoliopsida_Ranunculales_Ranunculaceae_Hydrastis_canadensis,300,255,10,30,5,10
3525,09254_Plantae_Tracheophyta_Magnoliopsida_Ranunculales_Ranunculaceae_Nigella_damascena,300,255,10,30,5,10
3526,09255_Plantae_Tracheophyta_Magnoliopsida_Ranunculales_Ranunculaceae_Pulsatilla_alpina,300,255,10,30,5,10
3527,09256_Plantae_Tracheophyta_Magnoliopsida_Ranunculales_Ranunculaceae_Pulsatilla_nuttalliana,300,255,10,30,5,10
3528,09257_Plantae_Tracheophyta_Magnoliopsida_Ranunculales_Ranunculaceae_Pulsatilla_occidentalis,300,255,10,30,5,10
3529,09258_Plantae_Tracheophyta_Magnoliopsida_Ranunculales_Ranunculaceae_Pulsatilla_patens,300,255,10,30,5,10
3530,09259_Plantae_Tracheophyta_Magnoliopsida_Ranunculales_Ranunculaceae_Ranunculus_abortivus,300,255,10,30,5,10
3531,09260_Plantae_Tracheophyta_Magnoliopsida_Ranunculales_Ranunculaceae_Ranunculus_acris,300,255,10,30,5,10
3532,09261_Plantae_Tracheophyta_Magnoliopsida_Ranunculales_Ranunculaceae_Ranunculus_aquatilis,283,238,10,30,5,10
3533,09262_Plantae_Tracheophyta_Magnoliopsida_Ranunculales_Ranunculaceae_Ranunculus_auricomus,234,189,10,30,5,10
3534,09263_Plantae_Tracheophyta_Magnoliopsida_Ranunculales_Ranunculaceae_Ranunculus_bulbosus,300,255,10,30,5,10
3535,09264_Plantae_Tracheophyta_Magnoliopsida_Ranunculales_Ranunculaceae_Ranunculus_californicus,300,255,10,30,5,10
3536,09265_Plantae_Tracheophyta_Magnoliopsida_Ranunculales_Ranunculaceae_Ranunculus_cassubicus,214,169,10,30,5,10
3537,09266_Plantae_Tracheophyta_Magnoliopsida_Ranunculales_Ranunculaceae_Ranunculus_fascicularis,212,167,10,30,5,10
3538,09267_Plantae_Tracheophyta_Magnoliopsida_Ranunculales_Ranunculaceae_Ranunculus_flammula,300,255,10,30,5,10
3539,09268_Plantae_Tracheophyta_Magnoliopsida_Ranunculales_Ranunculaceae_Ranunculus_glaberrimus,228,183,10,30,5,10
3540,09269_Plantae_Tracheophyta_Magnoliopsida_Ranunculales_Ranunculaceae_Ranunculus_hispidus,300,255,10,30,5,10
3541,09270_Plantae_Tracheophyta_Magnoliopsida_Ranunculales_Ranunculaceae_Ranunculus_muricatus,300,255,10,30,5,10
3542,09271_Plantae_Tracheophyta_Magnoliopsida_Ranunculales_Ranunculaceae_Ranunculus_occidentalis,286,241,10,30,5,10
3543,09272_Plantae_Tracheophyta_Magnoliopsida_Ranunculales_Ranunculaceae_Ranunculus_polyanthemos,190,145,10,30,5,10
3544,09273_Plantae_Tracheophyta_Magnoliopsida_Ranunculales_Ranunculaceae_Ranunculus_recurvatus,300,255,10,30,5,10
3545,09274_Plantae_Tracheophyta_Magnoliopsida_Ranunculales_Ranunculaceae_Ranunculus_repens,300,255,10,30,5,10
3546,09275_Plantae_Tracheophyta_Magnoliopsida_Ranunculales_Ranunculaceae_Ranunculus_sceleratus,300,255,10,30,5,10
3547,09276_Plantae_Tracheophyta_Magnoliopsida_Ranunculales_Ranunculaceae_Thalictrum_aquilegiifolium,220,175,10,30,5,10
3548,09277_Plantae_Tracheophyta_Magnoliopsida_Ranunculales_Ranunculaceae_Thalictrum_dasycarpum,300,255,10,30,5,10
3549,09278_Plantae_Tracheophyta_Magnoliopsida_Ranunculales_Ranunculaceae_Thalictrum_dioicum,300,255,10,30,5,10
3550,09279_Plantae_Tracheophyta_Magnoliopsida_Ranunculales_Ranunculaceae_Thalictrum_fendleri,300,255,10,30,5,10
3551,09280_Plantae_Tracheophyta_Magnoliopsida_Ranunculales_Ranunculaceae_Thalictrum_lucidum,153,108,10,30,5,10
3552,09281_Plantae_Tracheophyta_Magnoliopsida_Ranunculales_Ranunculaceae_Thalictrum_minus,245,200,10,30,5,10
3553,09282_Plantae_Tracheophyta_Magnoliopsida_Ranunculales_Ranunculaceae_Thalictrum_pubescens,300,255,10,30,5,10
3554,09283_Plantae_Tracheophyta_Magnoliopsida_Ranunculales_Ranunculaceae_Thalictrum_thalictroides,300,255,10,30,5,10
3555,09284_Plantae_Tracheophyta_Magnoliopsida_Ranunculales_Ranunculaceae_Trollius_asiaticus,181,136,10,30,5,10
3556,09285_Plantae_Tracheophyta_Magnoliopsida_Ranunculales_Ranunculaceae_Trollius_europaeus,300,255,10,30,5,10
3557,09286_Plantae_Tracheophyta_Magnoliopsida_Ranunculales_Ranunculaceae_Trollius_laxus,170,125,10,30,5,10
3558,09287_Plantae_Tracheophyta_Magnoliopsida_Ranunculales_Ranunculaceae_Xanthorhiza_simplicissima,175,130,10,30,5,10
3559,09288_Plantae_Tracheophyta_Magnoliopsida_Rosales_Cannabaceae_Cannabis_sativa,300,255,10,30,5,10
3560,09289_Plantae_Tracheophyta_Magnoliopsida_Rosales_Cannabaceae_Celtis_laevigata,300,255,10,30,5,10
3561,09290_Plantae_Tracheophyta_Magnoliopsida_Rosales_Cannabaceae_Celtis_occidentalis,300,255,10,30,5,10
3562,09291_Plantae_Tracheophyta_Magnoliopsida_Rosales_Cannabaceae_Celtis_pallida,300,255,10,30,5,10
3563,09292_Plantae_Tracheophyta_Magnoliopsida_Rosales_Cannabaceae_Celtis_reticulata,300,255,10,30,5,10
3564,09293_Plantae_Tracheophyta_Magnoliopsida_Rosales_Cannabaceae_Humulus_japonicus,300,255,10,30,5,10
3565,09294_Plantae_Tracheophyta_Magnoliopsida_Rosales_Cannabaceae_Humulus_lupulus,300,255,10,30,5,10
3566,09295_Plantae_Tracheophyta_Magnoliopsida_Rosales_Cannabaceae_Trema_orientalis,210,165,10,30,5,10
3567,09296_Plantae_Tracheophyta_Magnoliopsida_Rosales_Elaeagnaceae_Elaeagnus_angustifolia,300,255,10,30,5,10
3568,09297_Plantae_Tracheophyta_Magnoliopsida_Rosales_Elaeagnaceae_Elaeagnus_commutata,300,255,10,30,5,10
3569,09298_Plantae_Tracheophyta_Magnoliopsida_Rosales_Elaeagnaceae_Elaeagnus_pungens,252,207,10,30,5,10
3570,09299_Plantae_Tracheophyta_Magnoliopsida_Rosales_Elaeagnaceae_Elaeagnus_umbellata,300,255,10,30,5,10
3571,09300_Plantae_Tracheophyta_Magnoliopsida_Rosales_Elaeagnaceae_Hippophae_rhamnoides,300,255,10,30,5,10
3572,09301_Plantae_Tracheophyta_Magnoliopsida_Rosales_Elaeagnaceae_Shepherdia_canadensis,300,255,10,30,5,10
3573,09302_Plantae_Tracheophyta_Magnoliopsida_Rosales_Moraceae_Artocarpus_altilis,257,212,10,30,5,10
3574,09303_Plantae_Tracheophyta_Magnoliopsida_Rosales_Moraceae_Artocarpus_heterophyllus,300,255,10,30,5,10
3575,09304_Plantae_Tracheophyta_Magnoliopsida_Rosales_Moraceae_Broussonetia_papyrifera,300,255,10,30,5,10
3576,09305_Plantae_Tracheophyta_Magnoliopsida_Rosales_Moraceae_Fatoua_villosa,294,249,10,30,5,10
3577,09306_Plantae_Tracheophyta_Magnoliopsida_Rosales_Moraceae_Ficus_aurea,184,139,10,30,5,10
3578,09307_Plantae_Tracheophyta_Magnoliopsida_Rosales_Moraceae_Ficus_carica,300,255,10,30,5,10
3579,09308_Plantae_Tracheophyta_Magnoliopsida_Rosales_Moraceae_Ficus_microcarpa,300,255,10,30,5,10
3580,09309_Plantae_Tracheophyta_Magnoliopsida_Rosales_Moraceae_Ficus_petiolaris,233,188,10,30,5,10
3581,09310_Plantae_Tracheophyta_Magnoliopsida_Rosales_Moraceae_Ficus_pumila,269,224,10,30,5,10
3582,09311_Plantae_Tracheophyta_Magnoliopsida_Rosales_Moraceae_Ficus_religiosa,157,112,10,30,5,10
3583,09312_Plantae_Tracheophyta_Magnoliopsida_Rosales_Moraceae_Maclura_pomifera,300,255,10,30,5,10
3584,09313_Plantae_Tracheophyta_Magnoliopsida_Rosales_Moraceae_Morus_alba,300,255,10,30,5,10
3585,09314_Plantae_Tracheophyta_Magnoliopsida_Rosales_Moraceae_Morus_indica,300,255,10,30,5,10
3586,09315_Plantae_Tracheophyta_Magnoliopsida_Rosales_Moraceae_Morus_rubra,300,255,10,30,5,10
3587,09316_Plantae_Tracheophyta_Magnoliopsida_Rosales_Moraceae_Streblus_heterophyllus,169,124,10,30,5,10
3588,09317_Plantae_Tracheophyta_Magnoliopsida_Rosales_Rhamnaceae_Berchemia_scandens,300,255,10,30,5,10
3589,09318_Plantae_Tracheophyta_Magnoliopsida_Rosales_Rhamnaceae_Ceanothus_americanus,300,255,10,30,5,10
3590,09319_Plantae_Tracheophyta_Magnoliopsida_Rosales_Rhamnaceae_Ceanothus_cordulatus,300,255,10,30,5,10
3591,09320_Plantae_Tracheophyta_Magnoliopsida_Rosales_Rhamnaceae_Ceanothus_crassifolius,220,175,10,30,5,10
3592,09321_Plantae_Tracheophyta_Magnoliopsida_Rosales_Rhamnaceae_Ceanothus_cuneatus,300,255,10,30,5,10
3593,09322_Plantae_Tracheophyta_Magnoliopsida_Rosales_Rhamnaceae_Ceanothus_fendleri,155,110,10,30,5,10
3594,09323_Plantae_Tracheophyta_Magnoliopsida_Rosales_Rhamnaceae_Ceanothus_herbaceus,300,255,10,30,5,10
3595,09324_Plantae_Tracheophyta_Magnoliopsida_Rosales_Rhamnaceae_Ceanothus_integerrimus,271,226,10,30,5,10
3596,09325_Plantae_Tracheophyta_Magnoliopsida_Rosales_Rhamnaceae_Ceanothus_leucodermis,300,255,10,30,5,10
3597,09326_Plantae_Tracheophyta_Magnoliopsida_Rosales_Rhamnaceae_Ceanothus_megacarpus,164,119,10,30,5,10
3598,09327_Plantae_Tracheophyta_Magnoliopsida_Rosales_Rhamnaceae_Ceanothus_oliganthus,171,126,10,30,5,10
3599,09328_Plantae_Tracheophyta_Magnoliopsida_Rosales_Rhamnaceae_Ceanothus_perplexans,195,150,10,30,5,10
3600,09329_Plantae_Tracheophyta_Magnoliopsida_Rosales_Rhamnaceae_Ceanothus_prostratus,279,234,10,30,5,10
3601,09330_Plantae_Tracheophyta_Magnoliopsida_Rosales_Rhamnaceae_Ceanothus_spinosus,194,149,10,30,5,10
3602,09331_Plantae_Tracheophyta_Magnoliopsida_Rosales_Rhamnaceae_Ceanothus_thyrsiflorus,300,255,10,30,5,10
3603,09332_Plantae_Tracheophyta_Magnoliopsida_Rosales_Rhamnaceae_Ceanothus_velutinus,300,255,10,30,5,10
3604,09333_Plantae_Tracheophyta_Magnoliopsida_Rosales_Rhamnaceae_Ceanothus_verrucosus,184,139,10,30,5,10
3605,09334_Plantae_Tracheophyta_Magnoliopsida_Rosales_Rhamnaceae_Colubrina_texensis,172,127,10,30,5,10
3606,09335_Plantae_Tracheophyta_Magnoliopsida_Rosales_Rhamnaceae_Condalia_hookeri,256,211,10,30,5,10
3607,09336_Plantae_Tracheophyta_Magnoliopsida_Rosales_Rhamnaceae_Discaria_toumatou,300,255,10,30,5,10
3608,09337_Plantae_Tracheophyta_Magnoliopsida_Rosales_Rhamnaceae_Frangula_alnus,300,255,10,30,5,10
3609,09338_Plantae_Tracheophyta_Magnoliopsida_Rosales_Rhamnaceae_Frangula_californica,300,255,10,30,5,10
3610,09339_Plantae_Tracheophyta_Magnoliopsida_Rosales_Rhamnaceae_Frangula_caroliniana,300,255,10,30,5,10
3611,09340_Plantae_Tracheophyta_Magnoliopsida_Rosales_Rhamnaceae_Frangula_purshiana,300,255,10,30,5,10
3612,09341_Plantae_Tracheophyta_Magnoliopsida_Rosales_Rhamnaceae_Paliurus_spina-christi,223,178,10,30,5,10
3613,09342_Plantae_Tracheophyta_Magnoliopsida_Rosales_Rhamnaceae_Rhamnus_alaternus,237,192,10,30,5,10
3614,09343_Plantae_Tracheophyta_Magnoliopsida_Rosales_Rhamnaceae_Rhamnus_alnifolia,300,255,10,30,5,10
3615,09344_Plantae_Tracheophyta_Magnoliopsida_Rosales_Rhamnaceae_Rhamnus_cathartica,300,255,10,30,5,10
3616,09345_Plantae_Tracheophyta_Magnoliopsida_Rosales_Rhamnaceae_Rhamnus_crocea,300,255,10,30,5,10
3617,09346_Plantae_Tracheophyta_Magnoliopsida_Rosales_Rhamnaceae_Rhamnus_humboldtiana,230,185,10,30,5,10
3618,09347_Plantae_Tracheophyta_Magnoliopsida_Rosales_Rhamnaceae_Rhamnus_ilicifolia,300,255,10,30,5,10
3619,09348_Plantae_Tracheophyta_Magnoliopsida_Rosales_Rhamnaceae_Trichocephalus_stipularis,201,156,10,30,5,10
3620,09349_Plantae_Tracheophyta_Magnoliopsida_Rosales_Rhamnaceae_Ziziphus_obtusifolia,300,255,10,30,5,10
3621,09350_Plantae_Tracheophyta_Magnoliopsida_Rosales_Rosaceae_Acaena_anserinifolia,177,132,10,30,5,10
3622,09351_Plantae_Tracheophyta_Magnoliopsida_Rosales_Rosaceae_Acaena_novae-zelandiae,234,189,10,30,5,10
3623,09352_Plantae_Tracheophyta_Magnoliopsida_Rosales_Rosaceae_Adenostoma_fasciculatum,300,255,10,30,5,10
3624,09353_Plantae_Tracheophyta_Magnoliopsida_Rosales_Rosaceae_Adenostoma_sparsifolium,251,206,10,30,5,10
3625,09354_Plantae_Tracheophyta_Magnoliopsida_Rosales_Rosaceae_Agrimonia_eupatoria,300,255,10,30,5,10
3626,09355_Plantae_Tracheophyta_Magnoliopsida_Rosales_Rosaceae_Agrimonia_gryposepala,300,255,10,30,5,10
3627,09356_Plantae_Tracheophyta_Magnoliopsida_Rosales_Rosaceae_Agrimonia_parviflora,207,162,10,30,5,10
3628,09357_Plantae_Tracheophyta_Magnoliopsida_Rosales_Rosaceae_Agrimonia_pilosa,167,122,10,30,5,10
3629,09358_Plantae_Tracheophyta_Magnoliopsida_Rosales_Rosaceae_Amelanchier_alnifolia,300,255,10,30,5,10
3630,09359_Plantae_Tracheophyta_Magnoliopsida_Rosales_Rosaceae_Amelanchier_arborea,300,255,10,30,5,10
3631,09360_Plantae_Tracheophyta_Magnoliopsida_Rosales_Rosaceae_Amelanchier_spicata,209,164,10,30,5,10
3632,09361_Plantae_Tracheophyta_Magnoliopsida_Rosales_Rosaceae_Amelanchier_utahensis,246,201,10,30,5,10
3633,09362_Plantae_Tracheophyta_Magnoliopsida_Rosales_Rosaceae_Argentina_anserina,300,255,10,30,5,10
3634,09363_Plantae_Tracheophyta_Magnoliopsida_Rosales_Rosaceae_Aronia_melanocarpa,300,255,10,30,5,10
3635,09364_Plantae_Tracheophyta_Magnoliopsida_Rosales_Rosaceae_Aruncus_dioicus,300,255,10,30,5,10
3636,09365_Plantae_Tracheophyta_Magnoliopsida_Rosales_Rosaceae_Cercocarpus_betuloides,300,255,10,30,5,10
3637,09366_Plantae_Tracheophyta_Magnoliopsida_Rosales_Rosaceae_Cercocarpus_ledifolius,300,255,10,30,5,10
3638,09367_Plantae_Tracheophyta_Magnoliopsida_Rosales_Rosaceae_Cercocarpus_montanus,260,215,10,30,5,10
3639,09368_Plantae_Tracheophyta_Magnoliopsida_Rosales_Rosaceae_Chamaebatia_foliolosa,293,248,10,30,5,10
3640,09369_Plantae_Tracheophyta_Magnoliopsida_Rosales_Rosaceae_Chamaebatiaria_millefolium,177,132,10,30,5,10
3641,09370_Plantae_Tracheophyta_Magnoliopsida_Rosales_Rosaceae_Coleogyne_ramosissima,235,190,10,30,5,10
3642,09371_Plantae_Tracheophyta_Magnoliopsida_Rosales_Rosaceae_Comarum_palustre,300,255,10,30,5,10
3643,09372_Plantae_Tracheophyta_Magnoliopsida_Rosales_Rosaceae_Crataegus_marshallii,300,255,10,30,5,10
3644,09373_Plantae_Tracheophyta_Magnoliopsida_Rosales_Rosaceae_Crataegus_monogyna,300,255,10,30,5,10
3645,09374_Plantae_Tracheophyta_Magnoliopsida_Rosales_Rosaceae_Dasiphora_fruticosa,300,255,10,30,5,10
3646,09375_Plantae_Tracheophyta_Magnoliopsida_Rosales_Rosaceae_Dryas_drummondii,164,119,10,30,5,10
3647,09376_Plantae_Tracheophyta_Magnoliopsida_Rosales_Rosaceae_Dryas_octopetala,300,255,10,30,5,10
3648,09377_Plantae_Tracheophyta_Magnoliopsida_Rosales_Rosaceae_Drymocallis_arguta,300,255,10,30,5,10
3649,09378_Plantae_Tracheophyta_Magnoliopsida_Rosales_Rosaceae_Drymocallis_glandulosa,300,255,10,30,5,10
3650,09379_Plantae_Tracheophyta_Magnoliopsida_Rosales_Rosaceae_Eriobotrya_japonica,300,255,10,30,5,10
3651,09380_Plantae_Tracheophyta_Magnoliopsida_Rosales_Rosaceae_Fallugia_paradoxa,300,255,10,30,5,10
3652,09381_Plantae_Tracheophyta_Magnoliopsida_Rosales_Rosaceae_Filipendula_rubra,156,111,10,30,5,10
3653,09382_Plantae_Tracheophyta_Magnoliopsida_Rosales_Rosaceae_Filipendula_ulmaria,300,255,10,30,5,10
3654,09383_Plantae_Tracheophyta_Magnoliopsida_Rosales_Rosaceae_Filipendula_vulgaris,300,255,10,30,5,10
3655,09384_Plantae_Tracheophyta_Magnoliopsida_Rosales_Rosaceae_Fragaria_chiloensis,300,255,10,30,5,10
3656,09385_Plantae_Tracheophyta_Magnoliopsida_Rosales_Rosaceae_Fragaria_vesca,300,255,10,30,5,10
3657,09386_Plantae_Tracheophyta_Magnoliopsida_Rosales_Rosaceae_Fragaria_virginiana,300,255,10,30,5,10
3658,09387_Plantae_Tracheophyta_Magnoliopsida_Rosales_Rosaceae_Fragaria_viridis,300,255,10,30,5,10
3659,09388_Plantae_Tracheophyta_Magnoliopsida_Rosales_Rosaceae_Geum_aleppicum,300,255,10,30,5,10
3660,09389_Plantae_Tracheophyta_Magnoliopsida_Rosales_Rosaceae_Geum_canadense,300,255,10,30,5,10
3661,09390_Plantae_Tracheophyta_Magnoliopsida_Rosales_Rosaceae_Geum_macrophyllum,300,255,10,30,5,10
3662,09391_Plantae_Tracheophyta_Magnoliopsida_Rosales_Rosaceae_Geum_rivale,300,255,10,30,5,10
3663,09392_Plantae_Tracheophyta_Magnoliopsida_Rosales_Rosaceae_Geum_rossii,196,151,10,30,5,10
3664,09393_Plantae_Tracheophyta_Magnoliopsida_Rosales_Rosaceae_Geum_triflorum,300,255,10,30,5,10
3665,09394_Plantae_Tracheophyta_Magnoliopsida_Rosales_Rosaceae_Geum_urbanum,300,255,10,30,5,10
3666,09395_Plantae_Tracheophyta_Magnoliopsida_Rosales_Rosaceae_Heteromeles_arbutifolia,300,255,10,30,5,10
3667,09396_Plantae_Tracheophyta_Magnoliopsida_Rosales_Rosaceae_Holodiscus_discolor,300,255,10,30,5,10
3668,09397_Plantae_Tracheophyta_Magnoliopsida_Rosales_Rosaceae_Kerria_japonica,201,156,10,30,5,10
3669,09398_Plantae_Tracheophyta_Magnoliopsida_Rosales_Rosaceae_Luetkea_pectinata,300,255,10,30,5,10
3670,09399_Plantae_Tracheophyta_Magnoliopsida_Rosales_Rosaceae_Malus_domestica,300,255,10,30,5,10
3671,09400_Plantae_Tracheophyta_Magnoliopsida_Rosales_Rosaceae_Malus_fusca,300,255,10,30,5,10
3672,09401_Plantae_Tracheophyta_Magnoliopsida_Rosales_Rosaceae_Malus_pumila,300,255,10,30,5,10
3673,09402_Plantae_Tracheophyta_Magnoliopsida_Rosales_Rosaceae_Oemleria_cerasiformis,300,255,10,30,5,10
3674,09403_Plantae_Tracheophyta_Magnoliopsida_Rosales_Rosaceae_Petrophytum_caespitosum,180,135,10,30,5,10
3675,09404_Plantae_Tracheophyta_Magnoliopsida_Rosales_Rosaceae_Photinia_serratifolia,277,232,10,30,5,10
3676,09405_Plantae_Tracheophyta_Magnoliopsida_Rosales_Rosaceae_Physocarpus_capitatus,300,255,10,30,5,10
3677,09406_Plantae_Tracheophyta_Magnoliopsida_Rosales_Rosaceae_Physocarpus_opulifolius,300,255,10,30,5,10
3678,09407_Plantae_Tracheophyta_Magnoliopsida_Rosales_Rosaceae_Potentilla_argentea,300,255,10,30,5,10
3679,09408_Plantae_Tracheophyta_Magnoliopsida_Rosales_Rosaceae_Potentilla_canadensis,300,255,10,30,5,10
3680,09409_Plantae_Tracheophyta_Magnoliopsida_Rosales_Rosaceae_Potentilla_erecta,300,255,10,30,5,10
3681,09410_Plantae_Tracheophyta_Magnoliopsida_Rosales_Rosaceae_Potentilla_gracilis,288,243,10,30,5,10
3682,09411_Plantae_Tracheophyta_Magnoliopsida_Rosales_Rosaceae_Potentilla_indica,300,255,10,30,5,10
3683,09412_Plantae_Tracheophyta_Magnoliopsida_Rosales_Rosaceae_Potentilla_norvegica,300,255,10,30,5,10
3684,09413_Plantae_Tracheophyta_Magnoliopsida_Rosales_Rosaceae_Potentilla_recta,300,255,10,30,5,10
3685,09414_Plantae_Tracheophyta_Magnoliopsida_Rosales_Rosaceae_Potentilla_reptans,300,255,10,30,5,10
3686,09415_Plantae_Tracheophyta_Magnoliopsida_Rosales_Rosaceae_Potentilla_simplex,300,255,10,30,5,10
3687,09416_Plantae_Tracheophyta_Magnoliopsida_Rosales_Rosaceae_Prunus_americana,244,199,10,30,5,10
3688,09417_Plantae_Tracheophyta_Magnoliopsida_Rosales_Rosaceae_Prunus_angustifolia,188,143,10,30,5,10
3689,09418_Plantae_Tracheophyta_Magnoliopsida_Rosales_Rosaceae_Prunus_avium,300,255,10,30,5,10
3690,09419_Plantae_Tracheophyta_Magnoliopsida_Rosales_Rosaceae_Prunus_caroliniana,300,255,10,30,5,10
3691,09420_Plantae_Tracheophyta_Magnoliopsida_Rosales_Rosaceae_Prunus_cerasifera,300,255,10,30,5,10
3692,09421_Plantae_Tracheophyta_Magnoliopsida_Rosales_Rosaceae_Prunus_dulcis,171,126,10,30,5,10
3693,09422_Plantae_Tracheophyta_Magnoliopsida_Rosales_Rosaceae_Prunus_emarginata,295,250,10,30,5,10
3694,09423_Plantae_Tracheophyta_Magnoliopsida_Rosales_Rosaceae_Prunus_fasciculata,193,148,10,30,5,10
3695,09424_Plantae_Tracheophyta_Magnoliopsida_Rosales_Rosaceae_Prunus_fremontii,300,255,10,30,5,10
3696,09425_Plantae_Tracheophyta_Magnoliopsida_Rosales_Rosaceae_Prunus_ilicifolia,300,255,10,30,5,10
3697,09426_Plantae_Tracheophyta_Magnoliopsida_Rosales_Rosaceae_Prunus_laurocerasus,300,255,10,30,5,10
3698,09427_Plantae_Tracheophyta_Magnoliopsida_Rosales_Rosaceae_Prunus_mexicana,300,255,10,30,5,10
3699,09428_Plantae_Tracheophyta_Magnoliopsida_Rosales_Rosaceae_Prunus_padus,300,255,10,30,5,10
3700,09429_Plantae_Tracheophyta_Magnoliopsida_Rosales_Rosaceae_Prunus_pensylvanica,300,255,10,30,5,10
3701,09430_Plantae_Tracheophyta_Magnoliopsida_Rosales_Rosaceae_Prunus_persica,300,255,10,30,5,10
3702,09431_Plantae_Tracheophyta_Magnoliopsida_Rosales_Rosaceae_Prunus_pumila,300,255,10,30,5,10
3703,09432_Plantae_Tracheophyta_Magnoliopsida_Rosales_Rosaceae_Prunus_serotina,300,255,10,30,5,10
3704,09433_Plantae_Tracheophyta_Magnoliopsida_Rosales_Rosaceae_Prunus_spinosa,300,255,10,30,5,10
3705,09434_Plantae_Tracheophyta_Magnoliopsida_Rosales_Rosaceae_Prunus_virginiana,300,255,10,30,5,10
3706,09435_Plantae_Tracheophyta_Magnoliopsida_Rosales_Rosaceae_Purshia_stansburyana,300,255,10,30,5,10
3707,09436_Plantae_Tracheophyta_Magnoliopsida_Rosales_Rosaceae_Purshia_tridentata,300,255,10,30,5,10
3708,09437_Plantae_Tracheophyta_Magnoliopsida_Rosales_Rosaceae_Pyracantha_coccinea,166,121,10,30,5,10
3709,09438_Plantae_Tracheophyta_Magnoliopsida_Rosales_Rosaceae_Pyrus_calleryana,300,255,10,30,5,10
3710,09439_Plantae_Tracheophyta_Magnoliopsida_Rosales_Rosaceae_Pyrus_communis,215,170,10,30,5,10
3711,09440_Plantae_Tracheophyta_Magnoliopsida_Rosales_Rosaceae_Rhaphiolepis_indica,169,124,10,30,5,10
3712,09441_Plantae_Tracheophyta_Magnoliopsida_Rosales_Rosaceae_Rhodotypos_scandens,300,255,10,30,5,10
3713,09442_Plantae_Tracheophyta_Magnoliopsida_Rosales_Rosaceae_Rosa_acicularis,300,255,10,30,5,10
3714,09443_Plantae_Tracheophyta_Magnoliopsida_Rosales_Rosaceae_Rosa_arkansana,300,255,10,30,5,10
3715,09444_Plantae_Tracheophyta_Magnoliopsida_Rosales_Rosaceae_Rosa_bracteata,262,217,10,30,5,10
3716,09445_Plantae_Tracheophyta_Magnoliopsida_Rosales_Rosaceae_Rosa_californica,300,255,10,30,5,10
3717,09446_Plantae_Tracheophyta_Magnoliopsida_Rosales_Rosaceae_Rosa_canina,300,255,10,30,5,10
3718,09447_Plantae_Tracheophyta_Magnoliopsida_Rosales_Rosaceae_Rosa_carolina,248,203,10,30,5,10
3719,09448_Plantae_Tracheophyta_Magnoliopsida_Rosales_Rosaceae_Rosa_gymnocarpa,300,255,10,30,5,10
3720,09449_Plantae_Tracheophyta_Magnoliopsida_Rosales_Rosaceae_Rosa_majalis,210,165,10,30,5,10
3721,09450_Plantae_Tracheophyta_Magnoliopsida_Rosales_Rosaceae_Rosa_multiflora,300,255,10,30,5,10
3722,09451_Plantae_Tracheophyta_Magnoliopsida_Rosales_Rosaceae_Rosa_nutkana,300,255,10,30,5,10
3723,09452_Plantae_Tracheophyta_Magnoliopsida_Rosales_Rosaceae_Rosa_palustris,300,255,10,30,5,10
3724,09453_Plantae_Tracheophyta_Magnoliopsida_Rosales_Rosaceae_Rosa_rubiginosa,300,255,10,30,5,10
3725,09454_Plantae_Tracheophyta_Magnoliopsida_Rosales_Rosaceae_Rosa_rugosa,300,255,10,30,5,10
3726,09455_Plantae_Tracheophyta_Magnoliopsida_Rosales_Rosaceae_Rosa_spinosissima,178,133,10,30,5,10
3727,09456_Plantae_Tracheophyta_Magnoliopsida_Rosales_Rosaceae_Rosa_woodsii,300,255,10,30,5,10
3728,09457_Plantae_Tracheophyta_Magnoliopsida_Rosales_Rosaceae_Rubus_allegheniensis,300,255,10,30,5,10
3729,09458_Plantae_Tracheophyta_Magnoliopsida_Rosales_Rosaceae_Rubus_arcticus,300,255,10,30,5,10
3730,09459_Plantae_Tracheophyta_Magnoliopsida_Rosales_Rosaceae_Rubus_armeniacus,300,255,10,30,5,10
3731,09460_Plantae_Tracheophyta_Magnoliopsida_Rosales_Rosaceae_Rubus_bifrons,261,216,10,30,5,10
3732,09461_Plantae_Tracheophyta_Magnoliopsida_Rosales_Rosaceae_Rubus_caesius,300,255,10,30,5,10
3733,09462_Plantae_Tracheophyta_Magnoliopsida_Rosales_Rosaceae_Rubus_chamaemorus,300,255,10,30,5,10
3734,09463_Plantae_Tracheophyta_Magnoliopsida_Rosales_Rosaceae_Rubus_cissoides,300,255,10,30,5,10
3735,09464_Plantae_Tracheophyta_Magnoliopsida_Rosales_Rosaceae_Rubus_dalibarda,192,147,10,30,5,10
3736,09465_Plantae_Tracheophyta_Magnoliopsida_Rosales_Rosaceae_Rubus_flagellaris,293,248,10,30,5,10
3737,09466_Plantae_Tracheophyta_Magnoliopsida_Rosales_Rosaceae_Rubus_hispidus,205,160,10,30,5,10
3738,09467_Plantae_Tracheophyta_Magnoliopsida_Rosales_Rosaceae_Rubus_idaeus,300,255,10,30,5,10
3739,09468_Plantae_Tracheophyta_Magnoliopsida_Rosales_Rosaceae_Rubus_laciniatus,300,255,10,30,5,10
3740,09469_Plantae_Tracheophyta_Magnoliopsida_Rosales_Rosaceae_Rubus_leucodermis,179,134,10,30,5,10
3741,09470_Plantae_Tracheophyta_Magnoliopsida_Rosales_Rosaceae_Rubus_occidentalis,300,255,10,30,5,10
3742,09471_Plantae_Tracheophyta_Magnoliopsida_Rosales_Rosaceae_Rubus_odoratus,300,255,10,30,5,10
3743,09472_Plantae_Tracheophyta_Magnoliopsida_Rosales_Rosaceae_Rubus_parviflorus,300,255,10,30,5,10
3744,09473_Plantae_Tracheophyta_Magnoliopsida_Rosales_Rosaceae_Rubus_pedatus,300,255,10,30,5,10
3745,09474_Plantae_Tracheophyta_Magnoliopsida_Rosales_Rosaceae_Rubus_phoenicolasius,300,255,10,30,5,10
3746,09475_Plantae_Tracheophyta_Magnoliopsida_Rosales_Rosaceae_Rubus_pubescens,300,255,10,30,5,10
3747,09476_Plantae_Tracheophyta_Magnoliopsida_Rosales_Rosaceae_Rubus_saxatilis,300,255,10,30,5,10
3748,09477_Plantae_Tracheophyta_Magnoliopsida_Rosales_Rosaceae_Rubus_schmidelioides,161,116,10,30,5,10
3749,09478_Plantae_Tracheophyta_Magnoliopsida_Rosales_Rosaceae_Rubus_spectabilis,300,255,10,30,5,10
3750,09479_Plantae_Tracheophyta_Magnoliopsida_Rosales_Rosaceae_Rubus_trivialis,300,255,10,30,5,10
3751,09480_Plantae_Tracheophyta_Magnoliopsida_Rosales_Rosaceae_Rubus_ulmifolius,197,152,10,30,5,10
3752,09481_Plantae_Tracheophyta_Magnoliopsida_Rosales_Rosaceae_Rubus_ursinus,300,255,10,30,5,10
3753,09482_Plantae_Tracheophyta_Magnoliopsida_Rosales_Rosaceae_Sanguisorba_canadensis,181,136,10,30,5,10
3754,09483_Plantae_Tracheophyta_Magnoliopsida_Rosales_Rosaceae_Sanguisorba_minor,300,255,10,30,5,10
3755,09484_Plantae_Tracheophyta_Magnoliopsida_Rosales_Rosaceae_Sanguisorba_officinalis,300,255,10,30,5,10
3756,09485_Plantae_Tracheophyta_Magnoliopsida_Rosales_Rosaceae_Sibbaldia_procumbens,237,192,10,30,5,10
3757,09486_Plantae_Tracheophyta_Magnoliopsida_Rosales_Rosaceae_Sibbaldiopsis_tridentata,300,255,10,30,5,10
3758,09487_Plantae_Tracheophyta_Magnoliopsida_Rosales_Rosaceae_Sorbaria_sorbifolia,300,255,10,30,5,10
3759,09488_Plantae_Tracheophyta_Magnoliopsida_Rosales_Rosaceae_Sorbus_americana,300,255,10,30,5,10
3760,09489_Plantae_Tracheophyta_Magnoliopsida_Rosales_Rosaceae_Sorbus_aucuparia,300,255,10,30,5,10
3761,09490_Plantae_Tracheophyta_Magnoliopsida_Rosales_Rosaceae_Sorbus_sitchensis,216,171,10,30,5,10
3762,09491_Plantae_Tracheophyta_Magnoliopsida_Rosales_Rosaceae_Spiraea_alba,300,255,10,30,5,10
3763,09492_Plantae_Tracheophyta_Magnoliopsida_Rosales_Rosaceae_Spiraea_betulifolia,268,223,10,30,5,10
3764,09493_Plantae_Tracheophyta_Magnoliopsida_Rosales_Rosaceae_Spiraea_douglasii,300,255,10,30,5,10
3765,09494_Plantae_Tracheophyta_Magnoliopsida_Rosales_Rosaceae_Spiraea_japonica,191,146,10,30,5,10
3766,09495_Plantae_Tracheophyta_Magnoliopsida_Rosales_Rosaceae_Spiraea_splendens,300,255,10,30,5,10
3767,09496_Plantae_Tracheophyta_Magnoliopsida_Rosales_Rosaceae_Spiraea_tomentosa,300,255,10,30,5,10
3768,09497_Plantae_Tracheophyta_Magnoliopsida_Rosales_Rosaceae_Waldsteinia_fragarioides,300,255,10,30,5,10
3769,09498_Plantae_Tracheophyta_Magnoliopsida_Rosales_Ulmaceae_Ulmus_alata,300,255,10,30,5,10
3770,09499_Plantae_Tracheophyta_Magnoliopsida_Rosales_Ulmaceae_Ulmus_americana,300,255,10,30,5,10
3771,09500_Plantae_Tracheophyta_Magnoliopsida_Rosales_Ulmaceae_Ulmus_crassifolia,300,255,10,30,5,10
3772,09501_Plantae_Tracheophyta_Magnoliopsida_Rosales_Ulmaceae_Ulmus_glabra,300,255,10,30,5,10
3773,09502_Plantae_Tracheophyta_Magnoliopsida_Rosales_Ulmaceae_Ulmus_laevis,190,145,10,30,5,10
3774,09503_Plantae_Tracheophyta_Magnoliopsida_Rosales_Ulmaceae_Ulmus_minor,199,154,10,30,5,10
3775,09504_Plantae_Tracheophyta_Magnoliopsida_Rosales_Ulmaceae_Ulmus_parvifolia,207,162,10,30,5,10
3776,09505_Plantae_Tracheophyta_Magnoliopsida_Rosales_Ulmaceae_Ulmus_pumila,300,255,10,30,5,10
3777,09506_Plantae_Tracheophyta_Magnoliopsida_Rosales_Ulmaceae_Ulmus_rubra,300,255,10,30,5,10
3778,09507_Plantae_Tracheophyta_Magnoliopsida_Rosales_Ulmaceae_Ulmus_thomasii,300,255,10,30,5,10
3779,09508_Plantae_Tracheophyta_Magnoliopsida_Rosales_Urticaceae_Boehmeria_cylindrica,300,255,10,30,5,10
3780,09509_Plantae_Tracheophyta_Magnoliopsida_Rosales_Urticaceae_Elatostema_rugosum,166,121,10,30,5,10
3781,09510_Plantae_Tracheophyta_Magnoliopsida_Rosales_Urticaceae_Laportea_canadensis,300,255,10,30,5,10
3782,09511_Plantae_Tracheophyta_Magnoliopsida_Rosales_Urticaceae_Parietaria_judaica,300,255,10,30,5,10
3783,09512_Plantae_Tracheophyta_Magnoliopsida_Rosales_Urticaceae_Parietaria_pensylvanica,300,255,10,30,5,10
3784,09513_Plantae_Tracheophyta_Magnoliopsida_Rosales_Urticaceae_Pilea_microphylla,300,255,10,30,5,10
3785,09514_Plantae_Tracheophyta_Magnoliopsida_Rosales_Urticaceae_Pilea_pumila,300,255,10,30,5,10
3786,09515_Plantae_Tracheophyta_Magnoliopsida_Rosales_Urticaceae_Urtica_chamaedryoides,174,129,10,30,5,10
3787,09516_Plantae_Tracheophyta_Magnoliopsida_Rosales_Urticaceae_Urtica_dioica,300,255,10,30,5,10
3788,09517_Plantae_Tracheophyta_Magnoliopsida_Rosales_Urticaceae_Urtica_ferox,300,255,10,30,5,10
3789,09518_Plantae_Tracheophyta_Magnoliopsida_Rosales_Urticaceae_Urtica_urens,300,255,10,30,5,10
3790,09519_Plantae_Tracheophyta_Magnoliopsida_Santalales_Loranthaceae_Ileostylus_micranthus,300,255,10,30,5,10
3791,09520_Plantae_Tracheophyta_Magnoliopsida_Santalales_Santalaceae_Arceuthobium_campylopodum,161,116,10,30,5,10
3792,09521_Plantae_Tracheophyta_Magnoliopsida_Santalales_Santalaceae_Colpoon_compressum,266,221,10,30,5,10
3793,09522_Plantae_Tracheophyta_Magnoliopsida_Santalales_Santalaceae_Comandra_umbellata,300,255,10,30,5,10
3794,09523_Plantae_Tracheophyta_Magnoliopsida_Santalales_Santalaceae_Exocarpos_cupressiformis,159,114,10,30,5,10
3795,09524_Plantae_Tracheophyta_Magnoliopsida_Santalales_Santalaceae_Geocaulon_lividum,300,255,10,30,5,10
3796,09525_Plantae_Tracheophyta_Magnoliopsida_Santalales_Santalaceae_Phoradendron_californicum,300,255,10,30,5,10
3797,09526_Plantae_Tracheophyta_Magnoliopsida_Santalales_Santalaceae_Phoradendron_leucarpum,300,255,10,30,5,10
3798,09527_Plantae_Tracheophyta_Magnoliopsida_Santalales_Santalaceae_Viscum_album,300,255,10,30,5,10
3799,09528_Plantae_Tracheophyta_Magnoliopsida_Sapindales_Anacardiaceae_Anacardium_occidentale,171,126,10,30,5,10
3800,09529_Plantae_Tracheophyta_Magnoliopsida_Sapindales_Anacardiaceae_Cotinus_coggygria,300,255,10,30,5,10
3801,09530_Plantae_Tracheophyta_Magnoliopsida_Sapindales_Anacardiaceae_Malosma_laurina,300,255,10,30,5,10
3802,09531_Plantae_Tracheophyta_Magnoliopsida_Sapindales_Anacardiaceae_Mangifera_indica,300,255,10,30,5,10
3803,09532_Plantae_Tracheophyta_Magnoliopsida_Sapindales_Anacardiaceae_Pistacia_chinensis,300,255,10,30,5,10
3804,09533_Plantae_Tracheophyta_Magnoliopsida_Sapindales_Anacardiaceae_Pistacia_lentiscus,300,255,10,30,5,10
3805,09534_Plantae_Tracheophyta_Magnoliopsida_Sapindales_Anacardiaceae_Rhus_aromatica,300,255,10,30,5,10
3806,09535_Plantae_Tracheophyta_Magnoliopsida_Sapindales_Anacardiaceae_Rhus_copallinum,300,255,10,30,5,10
3807,09536_Plantae_Tracheophyta_Magnoliopsida_Sapindales_Anacardiaceae_Rhus_glabra,300,255,10,30,5,10
3808,09537_Plantae_Tracheophyta_Magnoliopsida_Sapindales_Anacardiaceae_Rhus_integrifolia,300,255,10,30,5,10
3809,09538_Plantae_Tracheophyta_Magnoliopsida_Sapindales_Anacardiaceae_Rhus_lanceolata,300,255,10,30,5,10
3810,09539_Plantae_Tracheophyta_Magnoliopsida_Sapindales_Anacardiaceae_Rhus_microphylla,300,255,10,30,5,10
3811,09540_Plantae_Tracheophyta_Magnoliopsida_Sapindales_Anacardiaceae_Rhus_ovata,300,255,10,30,5,10
3812,09541_Plantae_Tracheophyta_Magnoliopsida_Sapindales_Anacardiaceae_Rhus_typhina,300,255,10,30,5,10
3813,09542_Plantae_Tracheophyta_Magnoliopsida_Sapindales_Anacardiaceae_Rhus_virens,300,255,10,30,5,10
3814,09543_Plantae_Tracheophyta_Magnoliopsida_Sapindales_Anacardiaceae_Schinus_molle,300,255,10,30,5,10
3815,09544_Plantae_Tracheophyta_Magnoliopsida_Sapindales_Anacardiaceae_Schinus_terebinthifolia,300,255,10,30,5,10
3816,09545_Plantae_Tracheophyta_Magnoliopsida_Sapindales_Anacardiaceae_Searsia_lucida,178,133,10,30,5,10
3817,09546_Plantae_Tracheophyta_Magnoliopsida_Sapindales_Anacardiaceae_Toxicodendron_diversilobum,300,255,10,30,5,10
3818,09547_Plantae_Tracheophyta_Magnoliopsida_Sapindales_Anacardiaceae_Toxicodendron_radicans,300,255,10,30,5,10
3819,09548_Plantae_Tracheophyta_Magnoliopsida_Sapindales_Anacardiaceae_Toxicodendron_rydbergii,300,255,10,30,5,10
3820,09549_Plantae_Tracheophyta_Magnoliopsida_Sapindales_Anacardiaceae_Toxicodendron_vernix,300,255,10,30,5,10
3821,09550_Plantae_Tracheophyta_Magnoliopsida_Sapindales_Burseraceae_Bursera_microphylla,274,229,10,30,5,10
3822,09551_Plantae_Tracheophyta_Magnoliopsida_Sapindales_Burseraceae_Bursera_simaruba,300,255,10,30,5,10
3823,09552_Plantae_Tracheophyta_Magnoliopsida_Sapindales_Meliaceae_Azadirachta_indica,300,255,10,30,5,10
3824,09553_Plantae_Tracheophyta_Magnoliopsida_Sapindales_Meliaceae_Dysoxylum_spectabile,300,255,10,30,5,10
3825,09554_Plantae_Tracheophyta_Magnoliopsida_Sapindales_Meliaceae_Melia_azedarach,300,255,10,30,5,10
3826,09555_Plantae_Tracheophyta_Magnoliopsida_Sapindales_Rutaceae_Citrus_trifoliata,300,255,10,30,5,10
3827,09556_Plantae_Tracheophyta_Magnoliopsida_Sapindales_Rutaceae_Cneoridium_dumosum,254,209,10,30,5,10
3828,09557_Plantae_Tracheophyta_Magnoliopsida_Sapindales_Rutaceae_Correa_reflexa,225,180,10,30,5,10
3829,09558_Plantae_Tracheophyta_Magnoliopsida_Sapindales_Rutaceae_Murraya_paniculata,300,255,10,30,5,10
3830,09559_Plantae_Tracheophyta_Magnoliopsida_Sapindales_Rutaceae_Ptelea_trifoliata,300,255,10,30,5,10
3831,09560_Plantae_Tracheophyta_Magnoliopsida_Sapindales_Rutaceae_Thamnosma_montana,289,244,10,30,5,10
3832,09561_Plantae_Tracheophyta_Magnoliopsida_Sapindales_Rutaceae_Zanthoxylum_americanum,300,255,10,30,5,10
3833,09562_Plantae_Tracheophyta_Magnoliopsida_Sapindales_Rutaceae_Zanthoxylum_clava-herculis,300,255,10,30,5,10
3834,09563_Plantae_Tracheophyta_Magnoliopsida_Sapindales_Rutaceae_Zanthoxylum_fagara,253,208,10,30,5,10
3835,09564_Plantae_Tracheophyta_Magnoliopsida_Sapindales_Rutaceae_Zanthoxylum_hirsutum,298,253,10,30,5,10
3836,09565_Plantae_Tracheophyta_Magnoliopsida_Sapindales_Sapindaceae_Acer_campestre,300,255,10,30,5,10
3837,09566_Plantae_Tracheophyta_Magnoliopsida_Sapindales_Sapindaceae_Acer_circinatum,300,255,10,30,5,10
3838,09567_Plantae_Tracheophyta_Magnoliopsida_Sapindales_Sapindaceae_Acer_floridanum,197,152,10,30,5,10
3839,09568_Plantae_Tracheophyta_Magnoliopsida_Sapindales_Sapindaceae_Acer_ginnala,300,255,10,30,5,10
3840,09569_Plantae_Tracheophyta_Magnoliopsida_Sapindales_Sapindaceae_Acer_glabrum,300,255,10,30,5,10
3841,09570_Plantae_Tracheophyta_Magnoliopsida_Sapindales_Sapindaceae_Acer_grandidentatum,300,255,10,30,5,10
3842,09571_Plantae_Tracheophyta_Magnoliopsida_Sapindales_Sapindaceae_Acer_macrophyllum,300,255,10,30,5,10
3843,09572_Plantae_Tracheophyta_Magnoliopsida_Sapindales_Sapindaceae_Acer_negundo,300,255,10,30,5,10
3844,09573_Plantae_Tracheophyta_Magnoliopsida_Sapindales_Sapindaceae_Acer_nigrum,300,255,10,30,5,10
3845,09574_Plantae_Tracheophyta_Magnoliopsida_Sapindales_Sapindaceae_Acer_palmatum,300,255,10,30,5,10
3846,09575_Plantae_Tracheophyta_Magnoliopsida_Sapindales_Sapindaceae_Acer_pensylvanicum,300,255,10,30,5,10
3847,09576_Plantae_Tracheophyta_Magnoliopsida_Sapindales_Sapindaceae_Acer_platanoides,300,255,10,30,5,10
3848,09577_Plantae_Tracheophyta_Magnoliopsida_Sapindales_Sapindaceae_Acer_pseudoplatanus,300,255,10,30,5,10
3849,09578_Plantae_Tracheophyta_Magnoliopsida_Sapindales_Sapindaceae_Acer_rubrum,300,255,10,30,5,10
3850,09579_Plantae_Tracheophyta_Magnoliopsida_Sapindales_Sapindaceae_Acer_saccharinum,300,255,10,30,5,10
3851,09580_Plantae_Tracheophyta_Magnoliopsida_Sapindales_Sapindaceae_Acer_saccharum,300,255,10,30,5,10
3852,09581_Plantae_Tracheophyta_Magnoliopsida_Sapindales_Sapindaceae_Acer_spicatum,300,255,10,30,5,10
3853,09582_Plantae_Tracheophyta_Magnoliopsida_Sapindales_Sapindaceae_Acer_tataricum,198,153,10,30,5,10
3854,09583_Plantae_Tracheophyta_Magnoliopsida_Sapindales_Sapindaceae_Aesculus_californica,300,255,10,30,5,10
3855,09584_Plantae_Tracheophyta_Magnoliopsida_Sapindales_Sapindaceae_Aesculus_glabra,300,255,10,30,5,10
3856,09585_Plantae_Tracheophyta_Magnoliopsida_Sapindales_Sapindaceae_Aesculus_hippocastanum,300,255,10,30,5,10
3857,09586_Plantae_Tracheophyta_Magnoliopsida_Sapindales_Sapindaceae_Aesculus_pavia,300,255,10,30,5,10
3858,09587_Plantae_Tracheophyta_Magnoliopsida_Sapindales_Sapindaceae_Alectryon_excelsus,291,246,10,30,5,10
3859,09588_Plantae_Tracheophyta_Magnoliopsida_Sapindales_Sapindaceae_Cardiospermum_halicacabum,300,255,10,30,5,10
3860,09589_Plantae_Tracheophyta_Magnoliopsida_Sapindales_Sapindaceae_Dodonaea_viscosa,300,255,10,30,5,10
3861,09590_Plantae_Tracheophyta_Magnoliopsida_Sapindales_Sapindaceae_Koelreuteria_paniculata,230,185,10,30,5,10
3862,09591_Plantae_Tracheophyta_Magnoliopsida_Sapindales_Sapindaceae_Sapindus_drummondii,300,255,10,30,5,10
3863,09592_Plantae_Tracheophyta_Magnoliopsida_Sapindales_Sapindaceae_Ungnadia_speciosa,300,255,10,30,5,10
3864,09593_Plantae_Tracheophyta_Magnoliopsida_Sapindales_Simaroubaceae_Ailanthus_altissima,300,255,10,30,5,10
3865,09594_Plantae_Tracheophyta_Magnoliopsida_Saxifragales_Altingiaceae_Liquidambar_styraciflua,300,255,10,30,5,10
3866,09595_Plantae_Tracheophyta_Magnoliopsida_Saxifragales_Crassulaceae_Cotyledon_orbiculata,300,255,10,30,5,10
3867,09596_Plantae_Tracheophyta_Magnoliopsida_Saxifragales_Crassulaceae_Crassula_connata,300,255,10,30,5,10
3868,09597_Plantae_Tracheophyta_Magnoliopsida_Saxifragales_Crassulaceae_Crassula_ovata,167,122,10,30,5,10
3869,09598_Plantae_Tracheophyta_Magnoliopsida_Saxifragales_Crassulaceae_Dudleya_arizonica,211,166,10,30,5,10
3870,09599_Plantae_Tracheophyta_Magnoliopsida_Saxifragales_Crassulaceae_Dudleya_cymosa,300,255,10,30,5,10
3871,09600_Plantae_Tracheophyta_Magnoliopsida_Saxifragales_Crassulaceae_Dudleya_edulis,300,255,10,30,5,10
3872,09601_Plantae_Tracheophyta_Magnoliopsida_Saxifragales_Crassulaceae_Dudleya_farinosa,300,255,10,30,5,10
3873,09602_Plantae_Tracheophyta_Magnoliopsida_Saxifragales_Crassulaceae_Dudleya_lanceolata,300,255,10,30,5,10
3874,09603_Plantae_Tracheophyta_Magnoliopsida_Saxifragales_Crassulaceae_Dudleya_pulverulenta,300,255,10,30,5,10
3875,09604_Plantae_Tracheophyta_Magnoliopsida_Saxifragales_Crassulaceae_Dudleya_saxosa,300,255,10,30,5,10
3876,09605_Plantae_Tracheophyta_Magnoliopsida_Saxifragales_Crassulaceae_Echeveria_gibbiflora,182,137,10,30,5,10
3877,09606_Plantae_Tracheophyta_Magnoliopsida_Saxifragales_Crassulaceae_Hylotelephium_telephium,300,255,10,30,5,10
3878,09607_Plantae_Tracheophyta_Magnoliopsida_Saxifragales_Crassulaceae_Kalanchoe_delagoensis,237,192,10,30,5,10
3879,09608_Plantae_Tracheophyta_Magnoliopsida_Saxifragales_Crassulaceae_Kalanchoe_pinnata,255,210,10,30,5,10
3880,09609_Plantae_Tracheophyta_Magnoliopsida_Saxifragales_Crassulaceae_Orostachys_spinosa,208,163,10,30,5,10
3881,09610_Plantae_Tracheophyta_Magnoliopsida_Saxifragales_Crassulaceae_Rhodiola_integrifolia,300,255,10,30,5,10
3882,09611_Plantae_Tracheophyta_Magnoliopsida_Saxifragales_Crassulaceae_Rhodiola_rosea,300,255,10,30,5,10
3883,09612_Plantae_Tracheophyta_Magnoliopsida_Saxifragales_Crassulaceae_Sedum_acre,300,255,10,30,5,10
3884,09613_Plantae_Tracheophyta_Magnoliopsida_Saxifragales_Crassulaceae_Sedum_album,300,255,10,30,5,10
3885,09614_Plantae_Tracheophyta_Magnoliopsida_Saxifragales_Crassulaceae_Sedum_dasyphyllum,159,114,10,30,5,10
3886,09615_Plantae_Tracheophyta_Magnoliopsida_Saxifragales_Crassulaceae_Sedum_lanceolatum,300,255,10,30,5,10
3887,09616_Plantae_Tracheophyta_Magnoliopsida_Saxifragales_Crassulaceae_Sedum_nuttallii,274,229,10,30,5,10
3888,09617_Plantae_Tracheophyta_Magnoliopsida_Saxifragales_Crassulaceae_Sedum_obtusatum,219,174,10,30,5,10
3889,09618_Plantae_Tracheophyta_Magnoliopsida_Saxifragales_Crassulaceae_Sedum_sexangulare,228,183,10,30,5,10
3890,09619_Plantae_Tracheophyta_Magnoliopsida_Saxifragales_Crassulaceae_Sedum_spathulifolium,300,255,10,30,5,10
3891,09620_Plantae_Tracheophyta_Magnoliopsida_Saxifragales_Crassulaceae_Sedum_ternatum,300,255,10,30,5,10
3892,09621_Plantae_Tracheophyta_Magnoliopsida_Saxifragales_Crassulaceae_Sempervivum_arachnoideum,237,192,10,30,5,10
3893,09622_Plantae_Tracheophyta_Magnoliopsida_Saxifragales_Crassulaceae_Sempervivum_tectorum,167,122,10,30,5,10
3894,09623_Plantae_Tracheophyta_Magnoliopsida_Saxifragales_Crassulaceae_Tylecodon_paniculatus,204,159,10,30,5,10
3895,09624_Plantae_Tracheophyta_Magnoliopsida_Saxifragales_Crassulaceae_Umbilicus_rupestris,300,255,10,30,5,10
3896,09625_Plantae_Tracheophyta_Magnoliopsida_Saxifragales_Grossulariaceae_Ribes_americanum,268,223,10,30,5,10
3897,09626_Plantae_Tracheophyta_Magnoliopsida_Saxifragales_Grossulariaceae_Ribes_aureum,300,255,10,30,5,10
3898,09627_Plantae_Tracheophyta_Magnoliopsida_Saxifragales_Grossulariaceae_Ribes_bracteosum,252,207,10,30,5,10
3899,09628_Plantae_Tracheophyta_Magnoliopsida_Saxifragales_Grossulariaceae_Ribes_cereum,300,255,10,30,5,10
3900,09629_Plantae_Tracheophyta_Magnoliopsida_Saxifragales_Grossulariaceae_Ribes_cynosbati,300,255,10,30,5,10
3901,09630_Plantae_Tracheophyta_Magnoliopsida_Saxifragales_Grossulariaceae_Ribes_indecorum,171,126,10,30,5,10
3902,09631_Plantae_Tracheophyta_Magnoliopsida_Saxifragales_Grossulariaceae_Ribes_lacustre,272,227,10,30,5,10
3903,09632_Plantae_Tracheophyta_Magnoliopsida_Saxifragales_Grossulariaceae_Ribes_malvaceum,164,119,10,30,5,10
3904,09633_Plantae_Tracheophyta_Magnoliopsida_Saxifragales_Grossulariaceae_Ribes_nevadense,169,124,10,30,5,10
3905,09634_Plantae_Tracheophyta_Magnoliopsida_Saxifragales_Grossulariaceae_Ribes_nigrum,201,156,10,30,5,10
3906,09635_Plantae_Tracheophyta_Magnoliopsida_Saxifragales_Grossulariaceae_Ribes_roezlii,300,255,10,30,5,10
3907,09636_Plantae_Tracheophyta_Magnoliopsida_Saxifragales_Grossulariaceae_Ribes_rubrum,180,135,10,30,5,10
3908,09637_Plantae_Tracheophyta_Magnoliopsida_Saxifragales_Grossulariaceae_Ribes_sanguineum,300,255,10,30,5,10
3909,09638_Plantae_Tracheophyta_Magnoliopsida_Saxifragales_Grossulariaceae_Ribes_speciosum,300,255,10,30,5,10
3910,09639_Plantae_Tracheophyta_Magnoliopsida_Saxifragales_Grossulariaceae_Ribes_triste,246,201,10,30,5,10
3911,09640_Plantae_Tracheophyta_Magnoliopsida_Saxifragales_Grossulariaceae_Ribes_uva-crispa,181,136,10,30,5,10
3912,09641_Plantae_Tracheophyta_Magnoliopsida_Saxifragales_Haloragaceae_Haloragis_erecta,300,255,10,30,5,10
3913,09642_Plantae_Tracheophyta_Magnoliopsida_Saxifragales_Haloragaceae_Myriophyllum_aquaticum,300,255,10,30,5,10
3914,09643_Plantae_Tracheophyta_Magnoliopsida_Saxifragales_Haloragaceae_Myriophyllum_spicatum,265,220,10,30,5,10
3915,09644_Plantae_Tracheophyta_Magnoliopsida_Saxifragales_Hamamelidaceae_Hamamelis_virginiana,300,255,10,30,5,10
3916,09645_Plantae_Tracheophyta_Magnoliopsida_Saxifragales_Iteaceae_Itea_virginica,300,255,10,30,5,10
3917,09646_Plantae_Tracheophyta_Magnoliopsida_Saxifragales_Paeoniaceae_Paeonia_brownii,252,207,10,30,5,10
3918,09647_Plantae_Tracheophyta_Magnoliopsida_Saxifragales_Paeoniaceae_Paeonia_californica,300,255,10,30,5,10
3919,09648_Plantae_Tracheophyta_Magnoliopsida_Saxifragales_Penthoraceae_Penthorum_sedoides,300,255,10,30,5,10
3920,09649_Plantae_Tracheophyta_Magnoliopsida_Saxifragales_Saxifragaceae_Chrysosplenium_alternifolium,300,255,10,30,5,10
3921,09650_Plantae_Tracheophyta_Magnoliopsida_Saxifragales_Saxifragaceae_Chrysosplenium_americanum,260,215,10,30,5,10
3922,09651_Plantae_Tracheophyta_Magnoliopsida_Saxifragales_Saxifragaceae_Darmera_peltata,163,118,10,30,5,10
3923,09652_Plantae_Tracheophyta_Magnoliopsida_Saxifragales_Saxifragaceae_Heuchera_cylindrica,184,139,10,30,5,10
3924,09653_Plantae_Tracheophyta_Magnoliopsida_Saxifragales_Saxifragaceae_Heuchera_micrantha,282,237,10,30,5,10
3925,09654_Plantae_Tracheophyta_Magnoliopsida_Saxifragales_Saxifragaceae_Heuchera_richardsonii,268,223,10,30,5,10
3926,09655_Plantae_Tracheophyta_Magnoliopsida_Saxifragales_Saxifragaceae_Leptarrhena_pyrolifolia,153,108,10,30,5,10
3927,09656_Plantae_Tracheophyta_Magnoliopsida_Saxifragales_Saxifragaceae_Lithophragma_affine,300,255,10,30,5,10
3928,09657_Plantae_Tracheophyta_Magnoliopsida_Saxifragales_Saxifragaceae_Lithophragma_heterophyllum,300,255,10,30,5,10
3929,09658_Plantae_Tracheophyta_Magnoliopsida_Saxifragales_Saxifragaceae_Lithophragma_parviflorum,263,218,10,30,5,10
3930,09659_Plantae_Tracheophyta_Magnoliopsida_Saxifragales_Saxifragaceae_Micranthes_californica,300,255,10,30,5,10
3931,09660_Plantae_Tracheophyta_Magnoliopsida_Saxifragales_Saxifragaceae_Micranthes_ferruginea,242,197,10,30,5,10
3932,09661_Plantae_Tracheophyta_Magnoliopsida_Saxifragales_Saxifragaceae_Micranthes_pensylvanica,201,156,10,30,5,10
3933,09662_Plantae_Tracheophyta_Magnoliopsida_Saxifragales_Saxifragaceae_Micranthes_virginiensis,300,255,10,30,5,10
3934,09663_Plantae_Tracheophyta_Magnoliopsida_Saxifragales_Saxifragaceae_Mitella_diphylla,300,255,10,30,5,10
3935,09664_Plantae_Tracheophyta_Magnoliopsida_Saxifragales_Saxifragaceae_Mitella_nuda,272,227,10,30,5,10
3936,09665_Plantae_Tracheophyta_Magnoliopsida_Saxifragales_Saxifragaceae_Saxifraga_aizoides,300,255,10,30,5,10
3937,09666_Plantae_Tracheophyta_Magnoliopsida_Saxifragales_Saxifragaceae_Saxifraga_bronchialis,293,248,10,30,5,10
3938,09667_Plantae_Tracheophyta_Magnoliopsida_Saxifragales_Saxifragaceae_Saxifraga_granulata,191,146,10,30,5,10
3939,09668_Plantae_Tracheophyta_Magnoliopsida_Saxifragales_Saxifragaceae_Saxifraga_oppositifolia,300,255,10,30,5,10
3940,09669_Plantae_Tracheophyta_Magnoliopsida_Saxifragales_Saxifragaceae_Saxifraga_paniculata,300,255,10,30,5,10
3941,09670_Plantae_Tracheophyta_Magnoliopsida_Saxifragales_Saxifragaceae_Saxifraga_tricuspidata,300,255,10,30,5,10
3942,09671_Plantae_Tracheophyta_Magnoliopsida_Saxifragales_Saxifragaceae_Tellima_grandiflora,300,255,10,30,5,10
3943,09672_Plantae_Tracheophyta_Magnoliopsida_Saxifragales_Saxifragaceae_Tiarella_cordifolia,300,255,10,30,5,10
3944,09673_Plantae_Tracheophyta_Magnoliopsida_Saxifragales_Saxifragaceae_Tiarella_trifoliata,300,255,10,30,5,10
3945,09674_Plantae_Tracheophyta_Magnoliopsida_Saxifragales_Saxifragaceae_Tolmiea_menziesii,300,255,10,30,5,10
3946,09675_Plantae_Tracheophyta_Magnoliopsida_Saxifragales_Saxifragaceae_Whipplea_modesta,300,255,10,30,5,10
3947,09676_Plantae_Tracheophyta_Magnoliopsida_Solanales_Convolvulaceae_Calystegia_macrostegia,300,255,10,30,5,10
3948,09677_Plantae_Tracheophyta_Magnoliopsida_Solanales_Convolvulaceae_Calystegia_sepium,300,255,10,30,5,10
3949,09678_Plantae_Tracheophyta_Magnoliopsida_Solanales_Convolvulaceae_Calystegia_silvatica,300,255,10,30,5,10
3950,09679_Plantae_Tracheophyta_Magnoliopsida_Solanales_Convolvulaceae_Calystegia_soldanella,300,255,10,30,5,10
3951,09680_Plantae_Tracheophyta_Magnoliopsida_Solanales_Convolvulaceae_Convolvulus_althaeoides,279,234,10,30,5,10
3952,09681_Plantae_Tracheophyta_Magnoliopsida_Solanales_Convolvulaceae_Convolvulus_arvensis,300,255,10,30,5,10
3953,09682_Plantae_Tracheophyta_Magnoliopsida_Solanales_Convolvulaceae_Convolvulus_equitans,300,255,10,30,5,10
3954,09683_Plantae_Tracheophyta_Magnoliopsida_Solanales_Convolvulaceae_Cuscuta_californica,300,255,10,30,5,10
3955,09684_Plantae_Tracheophyta_Magnoliopsida_Solanales_Convolvulaceae_Cuscuta_gronovii,195,150,10,30,5,10
3956,09685_Plantae_Tracheophyta_Magnoliopsida_Solanales_Convolvulaceae_Cuscuta_pacifica,203,158,10,30,5,10
3957,09686_Plantae_Tracheophyta_Magnoliopsida_Solanales_Convolvulaceae_Dichondra_carolinensis,300,255,10,30,5,10
3958,09687_Plantae_Tracheophyta_Magnoliopsida_Solanales_Convolvulaceae_Dichondra_repens,221,176,10,30,5,10
3959,09688_Plantae_Tracheophyta_Magnoliopsida_Solanales_Convolvulaceae_Distimake_dissectus,300,255,10,30,5,10
3960,09689_Plantae_Tracheophyta_Magnoliopsida_Solanales_Convolvulaceae_Evolvulus_alsinoides,300,255,10,30,5,10
3961,09690_Plantae_Tracheophyta_Magnoliopsida_Solanales_Convolvulaceae_Evolvulus_sericeus,218,173,10,30,5,10
3962,09691_Plantae_Tracheophyta_Magnoliopsida_Solanales_Convolvulaceae_Ipomoea_alba,263,218,10,30,5,10
3963,09692_Plantae_Tracheophyta_Magnoliopsida_Solanales_Convolvulaceae_Ipomoea_batatas,217,172,10,30,5,10
3964,09693_Plantae_Tracheophyta_Magnoliopsida_Solanales_Convolvulaceae_Ipomoea_cairica,300,255,10,30,5,10
3965,09694_Plantae_Tracheophyta_Magnoliopsida_Solanales_Convolvulaceae_Ipomoea_carnea,185,140,10,30,5,10
3966,09695_Plantae_Tracheophyta_Magnoliopsida_Solanales_Convolvulaceae_Ipomoea_coccinea,201,156,10,30,5,10
3967,09696_Plantae_Tracheophyta_Magnoliopsida_Solanales_Convolvulaceae_Ipomoea_cordatotriloba,300,255,10,30,5,10
3968,09697_Plantae_Tracheophyta_Magnoliopsida_Solanales_Convolvulaceae_Ipomoea_hederacea,300,255,10,30,5,10
3969,09698_Plantae_Tracheophyta_Magnoliopsida_Solanales_Convolvulaceae_Ipomoea_hederifolia,295,250,10,30,5,10
3970,09699_Plantae_Tracheophyta_Magnoliopsida_Solanales_Convolvulaceae_Ipomoea_imperati,300,255,10,30,5,10
3971,09700_Plantae_Tracheophyta_Magnoliopsida_Solanales_Convolvulaceae_Ipomoea_indica,300,255,10,30,5,10
3972,09701_Plantae_Tracheophyta_Magnoliopsida_Solanales_Convolvulaceae_Ipomoea_lacunosa,300,255,10,30,5,10
3973,09702_Plantae_Tracheophyta_Magnoliopsida_Solanales_Convolvulaceae_Ipomoea_obscura,260,215,10,30,5,10
3974,09703_Plantae_Tracheophyta_Magnoliopsida_Solanales_Convolvulaceae_Ipomoea_pandurata,300,255,10,30,5,10
3975,09704_Plantae_Tracheophyta_Magnoliopsida_Solanales_Convolvulaceae_Ipomoea_pes-caprae,300,255,10,30,5,10
3976,09705_Plantae_Tracheophyta_Magnoliopsida_Solanales_Convolvulaceae_Ipomoea_purpurea,300,255,10,30,5,10
3977,09706_Plantae_Tracheophyta_Magnoliopsida_Solanales_Convolvulaceae_Ipomoea_quamoclit,300,255,10,30,5,10
3978,09707_Plantae_Tracheophyta_Magnoliopsida_Solanales_Convolvulaceae_Ipomoea_sagittata,273,228,10,30,5,10
3979,09708_Plantae_Tracheophyta_Magnoliopsida_Solanales_Convolvulaceae_Ipomoea_triloba,225,180,10,30,5,10
3980,09709_Plantae_Tracheophyta_Magnoliopsida_Solanales_Convolvulaceae_Jacquemontia_tamnifolia,175,130,10,30,5,10
3981,09710_Plantae_Tracheophyta_Magnoliopsida_Solanales_Hydroleaceae_Hydrolea_ovata,249,204,10,30,5,10
3982,09711_Plantae_Tracheophyta_Magnoliopsida_Solanales_Montiniaceae_Montinia_caryophyllacea,169,124,10,30,5,10
3983,09712_Plantae_Tracheophyta_Magnoliopsida_Solanales_Solanaceae_Alkekengi_officinarum,174,129,10,30,5,10
3984,09713_Plantae_Tracheophyta_Magnoliopsida_Solanales_Solanaceae_Atropa_belladonna,197,152,10,30,5,10
3985,09714_Plantae_Tracheophyta_Magnoliopsida_Solanales_Solanaceae_Capsicum_annuum,300,255,10,30,5,10
3986,09715_Plantae_Tracheophyta_Magnoliopsida_Solanales_Solanaceae_Datura_discolor,238,193,10,30,5,10
3987,09716_Plantae_Tracheophyta_Magnoliopsida_Solanales_Solanaceae_Datura_inoxia,186,141,10,30,5,10
3988,09717_Plantae_Tracheophyta_Magnoliopsida_Solanales_Solanaceae_Datura_stramonium,300,255,10,30,5,10
3989,09718_Plantae_Tracheophyta_Magnoliopsida_Solanales_Solanaceae_Datura_wrightii,300,255,10,30,5,10
3990,09719_Plantae_Tracheophyta_Magnoliopsida_Solanales_Solanaceae_Hyoscyamus_niger,300,255,10,30,5,10
3991,09720_Plantae_Tracheophyta_Magnoliopsida_Solanales_Solanaceae_Lycium_andersonii,236,191,10,30,5,10
3992,09721_Plantae_Tracheophyta_Magnoliopsida_Solanales_Solanaceae_Lycium_barbarum,193,148,10,30,5,10
3993,09722_Plantae_Tracheophyta_Magnoliopsida_Solanales_Solanaceae_Lycium_carolinianum,207,162,10,30,5,10
3994,09723_Plantae_Tracheophyta_Magnoliopsida_Solanales_Solanaceae_Lycium_ferocissimum,300,255,10,30,5,10
3995,09724_Plantae_Tracheophyta_Magnoliopsida_Solanales_Solanaceae_Nicandra_physalodes,222,177,10,30,5,10
3996,09725_Plantae_Tracheophyta_Magnoliopsida_Solanales_Solanaceae_Nicotiana_glauca,300,255,10,30,5,10
3997,09726_Plantae_Tracheophyta_Magnoliopsida_Solanales_Solanaceae_Nicotiana_obtusifolia,300,255,10,30,5,10
3998,09727_Plantae_Tracheophyta_Magnoliopsida_Solanales_Solanaceae_Physalis_angulata,228,183,10,30,5,10
3999,09728_Plantae_Tracheophyta_Magnoliopsida_Solanales_Solanaceae_Physalis_crassifolia,300,255,10,30,5,10
4000,09729_Plantae_Tracheophyta_Magnoliopsida_Solanales_Solanaceae_Physalis_heterophylla,264,219,10,30,5,10
4001,09730_Plantae_Tracheophyta_Magnoliopsida_Solanales_Solanaceae_Physalis_peruviana,261,216,10,30,5,10
4002,09731_Plantae_Tracheophyta_Magnoliopsida_Solanales_Solanaceae_Quincula_lobata,300,255,10,30,5,10
4003,09732_Plantae_Tracheophyta_Magnoliopsida_Solanales_Solanaceae_Solanum_americanum,300,255,10,30,5,10
4004,09733_Plantae_Tracheophyta_Magnoliopsida_Solanales_Solanaceae_Solanum_carolinense,300,255,10,30,5,10
4005,09734_Plantae_Tracheophyta_Magnoliopsida_Solanales_Solanaceae_Solanum_chenopodioides,274,229,10,30,5,10
4006,09735_Plantae_Tracheophyta_Magnoliopsida_Solanales_Solanaceae_Solanum_dimidiatum,300,255,10,30,5,10
4007,09736_Plantae_Tracheophyta_Magnoliopsida_Solanales_Solanaceae_Solanum_diphyllum,292,247,10,30,5,10
4008,09737_Plantae_Tracheophyta_Magnoliopsida_Solanales_Solanaceae_Solanum_douglasii,276,231,10,30,5,10
4009,09738_Plantae_Tracheophyta_Magnoliopsida_Solanales_Solanaceae_Solanum_dulcamara,300,255,10,30,5,10
4010,09739_Plantae_Tracheophyta_Magnoliopsida_Solanales_Solanaceae_Solanum_elaeagnifolium,300,255,10,30,5,10
4011,09740_Plantae_Tracheophyta_Magnoliopsida_Solanales_Solanaceae_Solanum_emulans,300,255,10,30,5,10
4012,09741_Plantae_Tracheophyta_Magnoliopsida_Solanales_Solanaceae_Solanum_erianthum,169,124,10,30,5,10
4013,09742_Plantae_Tracheophyta_Magnoliopsida_Solanales_Solanaceae_Solanum_laciniatum,300,255,10,30,5,10
4014,09743_Plantae_Tracheophyta_Magnoliopsida_Solanales_Solanaceae_Solanum_lycopersicum,300,255,10,30,5,10
4015,09744_Plantae_Tracheophyta_Magnoliopsida_Solanales_Solanaceae_Solanum_mauritianum,300,255,10,30,5,10
4016,09745_Plantae_Tracheophyta_Magnoliopsida_Solanales_Solanaceae_Solanum_nigrum,300,255,10,30,5,10
4017,09746_Plantae_Tracheophyta_Magnoliopsida_Solanales_Solanaceae_Solanum_pseudocapsicum,261,216,10,30,5,10
4018,09747_Plantae_Tracheophyta_Magnoliopsida_Solanales_Solanaceae_Solanum_rostratum,300,255,10,30,5,10
4019,09748_Plantae_Tracheophyta_Magnoliopsida_Solanales_Solanaceae_Solanum_tuberosum,180,135,10,30,5,10
4020,09749_Plantae_Tracheophyta_Magnoliopsida_Solanales_Solanaceae_Solanum_umbelliferum,300,255,10,30,5,10
4021,09750_Plantae_Tracheophyta_Magnoliopsida_Solanales_Solanaceae_Solanum_xanti,300,255,10,30,5,10
4022,09751_Plantae_Tracheophyta_Magnoliopsida_Vitales_Vitaceae_Ampelopsis_arborea,300,255,10,30,5,10
4023,09752_Plantae_Tracheophyta_Magnoliopsida_Vitales_Vitaceae_Ampelopsis_cordata,181,136,10,30,5,10
4024,09753_Plantae_Tracheophyta_Magnoliopsida_Vitales_Vitaceae_Ampelopsis_glandulosa,300,255,10,30,5,10
4025,09754_Plantae_Tracheophyta_Magnoliopsida_Vitales_Vitaceae_Cayratia_japonica,172,127,10,30,5,10
4026,09755_Plantae_Tracheophyta_Magnoliopsida_Vitales_Vitaceae_Cissus_trifoliata,300,255,10,30,5,10
4027,09756_Plantae_Tracheophyta_Magnoliopsida_Vitales_Vitaceae_Parthenocissus_inserta,300,255,10,30,5,10
4028,09757_Plantae_Tracheophyta_Magnoliopsida_Vitales_Vitaceae_Parthenocissus_quinquefolia,300,255,10,30,5,10
4029,09758_Plantae_Tracheophyta_Magnoliopsida_Vitales_Vitaceae_Parthenocissus_tricuspidata,300,255,10,30,5,10
4030,09759_Plantae_Tracheophyta_Magnoliopsida_Vitales_Vitaceae_Vitis_aestivalis,300,255,10,30,5,10
4031,09760_Plantae_Tracheophyta_Magnoliopsida_Vitales_Vitaceae_Vitis_arizonica,176,131,10,30,5,10
4032,09761_Plantae_Tracheophyta_Magnoliopsida_Vitales_Vitaceae_Vitis_californica,216,171,10,30,5,10
4033,09762_Plantae_Tracheophyta_Magnoliopsida_Vitales_Vitaceae_Vitis_mustangensis,300,255,10,30,5,10
4034,09763_Plantae_Tracheophyta_Magnoliopsida_Vitales_Vitaceae_Vitis_riparia,300,255,10,30,5,10
4035,09764_Plantae_Tracheophyta_Magnoliopsida_Vitales_Vitaceae_Vitis_rotundifolia,300,255,10,30,5,10
4036,09765_Plantae_Tracheophyta_Magnoliopsida_Zygophyllales_Krameriaceae_Krameria_bicolor,300,255,10,30,5,10
4037,09766_Plantae_Tracheophyta_Magnoliopsida_Zygophyllales_Krameriaceae_Krameria_erecta,300,255,10,30,5,10
4038,09767_Plantae_Tracheophyta_Magnoliopsida_Zygophyllales_Krameriaceae_Krameria_lanceolata,300,255,10,30,5,10
4039,09768_Plantae_Tracheophyta_Magnoliopsida_Zygophyllales_Zygophyllaceae_Fagonia_laevis,300,255,10,30,5,10
4040,09769_Plantae_Tracheophyta_Magnoliopsida_Zygophyllales_Zygophyllaceae_Guaiacum_angustifolium,289,244,10,30,5,10
4041,09770_Plantae_Tracheophyta_Magnoliopsida_Zygophyllales_Zygophyllaceae_Guaiacum_coulteri,300,255,10,30,5,10
4042,09771_Plantae_Tracheophyta_Magnoliopsida_Zygophyllales_Zygophyllaceae_Kallstroemia_grandiflora,184,139,10,30,5,10
4043,09772_Plantae_Tracheophyta_Magnoliopsida_Zygophyllales_Zygophyllaceae_Larrea_tridentata,300,255,10,30,5,10
4044,09773_Plantae_Tracheophyta_Magnoliopsida_Zygophyllales_Zygophyllaceae_Tribulus_terrestris,300,255,10,30,5,10
4045,09774_Plantae_Tracheophyta_Pinopsida_Pinales_Araucariaceae_Agathis_australis,300,255,10,30,5,10
4046,09775_Plantae_Tracheophyta_Pinopsida_Pinales_Cupressaceae_Calocedrus_decurrens,300,255,10,30,5,10
4047,09776_Plantae_Tracheophyta_Pinopsida_Pinales_Cupressaceae_Cupressus_macrocarpa,300,255,10,30,5,10
4048,09777_Plantae_Tracheophyta_Pinopsida_Pinales_Cupressaceae_Cupressus_nootkatensis,300,255,10,30,5,10
4049,09778_Plantae_Tracheophyta_Pinopsida_Pinales_Cupressaceae_Juniperus_ashei,300,255,10,30,5,10
4050,09779_Plantae_Tracheophyta_Pinopsida_Pinales_Cupressaceae_Juniperus_californica,300,255,10,30,5,10
4051,09780_Plantae_Tracheophyta_Pinopsida_Pinales_Cupressaceae_Juniperus_communis,300,255,10,30,5,10
4052,09781_Plantae_Tracheophyta_Pinopsida_Pinales_Cupressaceae_Juniperus_deppeana,300,255,10,30,5,10
4053,09782_Plantae_Tracheophyta_Pinopsida_Pinales_Cupressaceae_Juniperus_grandis,300,255,10,30,5,10
4054,09783_Plantae_Tracheophyta_Pinopsida_Pinales_Cupressaceae_Juniperus_horizontalis,300,255,10,30,5,10
4055,09784_Plantae_Tracheophyta_Pinopsida_Pinales_Cupressaceae_Juniperus_monosperma,256,211,10,30,5,10
4056,09785_Plantae_Tracheophyta_Pinopsida_Pinales_Cupressaceae_Juniperus_occidentalis,178,133,10,30,5,10
4057,09786_Plantae_Tracheophyta_Pinopsida_Pinales_Cupressaceae_Juniperus_osteosperma,300,255,10,30,5,10
4058,09787_Plantae_Tracheophyta_Pinopsida_Pinales_Cupressaceae_Juniperus_oxycedrus,164,119,10,30,5,10
4059,09788_Plantae_Tracheophyta_Pinopsida_Pinales_Cupressaceae_Juniperus_scopulorum,300,255,10,30,5,10
4060,09789_Plantae_Tracheophyta_Pinopsida_Pinales_Cupressaceae_Juniperus_virginiana,300,255,10,30,5,10
4061,09790_Plantae_Tracheophyta_Pinopsida_Pinales_Cupressaceae_Sequoia_sempervirens,300,255,10,30,5,10
4062,09791_Plantae_Tracheophyta_Pinopsida_Pinales_Cupressaceae_Sequoiadendron_giganteum,300,255,10,30,5,10
4063,09792_Plantae_Tracheophyta_Pinopsida_Pinales_Cupressaceae_Taxodium_ascendens,179,134,10,30,5,10
4064,09793_Plantae_Tracheophyta_Pinopsida_Pinales_Cupressaceae_Taxodium_distichum,300,255,10,30,5,10
4065,09794_Plantae_Tracheophyta_Pinopsida_Pinales_Cupressaceae_Taxodium_mucronatum,300,255,10,30,5,10
4066,09795_Plantae_Tracheophyta_Pinopsida_Pinales_Cupressaceae_Thuja_occidentalis,300,255,10,30,5,10
4067,09796_Plantae_Tracheophyta_Pinopsida_Pinales_Cupressaceae_Thuja_plicata,300,255,10,30,5,10
4068,09797_Plantae_Tracheophyta_Pinopsida_Pinales_Pinaceae_Abies_alba,203,158,10,30,5,10
4069,09798_Plantae_Tracheophyta_Pinopsida_Pinales_Pinaceae_Abies_balsamea,300,255,10,30,5,10
4070,09799_Plantae_Tracheophyta_Pinopsida_Pinales_Pinaceae_Abies_concolor,300,255,10,30,5,10
4071,09800_Plantae_Tracheophyta_Pinopsida_Pinales_Pinaceae_Abies_grandis,300,255,10,30,5,10
4072,09801_Plantae_Tracheophyta_Pinopsida_Pinales_Pinaceae_Abies_lasiocarpa,291,246,10,30,5,10
4073,09802_Plantae_Tracheophyta_Pinopsida_Pinales_Pinaceae_Abies_sibirica,179,134,10,30,5,10
4074,09803_Plantae_Tracheophyta_Pinopsida_Pinales_Pinaceae_Larix_decidua,300,255,10,30,5,10
4075,09804_Plantae_Tracheophyta_Pinopsida_Pinales_Pinaceae_Larix_laricina,300,255,10,30,5,10
4076,09805_Plantae_Tracheophyta_Pinopsida_Pinales_Pinaceae_Larix_occidentalis,174,129,10,30,5,10
4077,09806_Plantae_Tracheophyta_Pinopsida_Pinales_Pinaceae_Larix_sibirica,214,169,10,30,5,10
4078,09807_Plantae_Tracheophyta_Pinopsida_Pinales_Pinaceae_Picea_abies,300,255,10,30,5,10
4079,09808_Plantae_Tracheophyta_Pinopsida_Pinales_Pinaceae_Picea_engelmannii,293,248,10,30,5,10
4080,09809_Plantae_Tracheophyta_Pinopsida_Pinales_Pinaceae_Picea_glauca,300,255,10,30,5,10
4081,09810_Plantae_Tracheophyta_Pinopsida_Pinales_Pinaceae_Picea_mariana,300,255,10,30,5,10
4082,09811_Plantae_Tracheophyta_Pinopsida_Pinales_Pinaceae_Picea_obovata,185,140,10,30,5,10
4083,09812_Plantae_Tracheophyta_Pinopsida_Pinales_Pinaceae_Picea_pungens,200,155,10,30,5,10
4084,09813_Plantae_Tracheophyta_Pinopsida_Pinales_Pinaceae_Picea_rubens,300,255,10,30,5,10
4085,09814_Plantae_Tracheophyta_Pinopsida_Pinales_Pinaceae_Picea_sitchensis,300,255,10,30,5,10
4086,09815_Plantae_Tracheophyta_Pinopsida_Pinales_Pinaceae_Pinus_albicaulis,300,255,10,30,5,10
4087,09816_Plantae_Tracheophyta_Pinopsida_Pinales_Pinaceae_Pinus_banksiana,300,255,10,30,5,10
4088,09817_Plantae_Tracheophyta_Pinopsida_Pinales_Pinaceae_Pinus_cembroides,228,183,10,30,5,10
4089,09818_Plantae_Tracheophyta_Pinopsida_Pinales_Pinaceae_Pinus_contorta,300,255,10,30,5,10
4090,09819_Plantae_Tracheophyta_Pinopsida_Pinales_Pinaceae_Pinus_coulteri,300,255,10,30,5,10
4091,09820_Plantae_Tracheophyta_Pinopsida_Pinales_Pinaceae_Pinus_echinata,258,213,10,30,5,10
4092,09821_Plantae_Tracheophyta_Pinopsida_Pinales_Pinaceae_Pinus_edulis,300,255,10,30,5,10
4093,09822_Plantae_Tracheophyta_Pinopsida_Pinales_Pinaceae_Pinus_elliottii,300,255,10,30,5,10
4094,09823_Plantae_Tracheophyta_Pinopsida_Pinales_Pinaceae_Pinus_flexilis,300,255,10,30,5,10
4095,09824_Plantae_Tracheophyta_Pinopsida_Pinales_Pinaceae_Pinus_jeffreyi,300,255,10,30,5,10
4096,09825_Plantae_Tracheophyta_Pinopsida_Pinales_Pinaceae_Pinus_lambertiana,300,255,10,30,5,10
4097,09826_Plantae_Tracheophyta_Pinopsida_Pinales_Pinaceae_Pinus_longaeva,300,255,10,30,5,10
4098,09827_Plantae_Tracheophyta_Pinopsida_Pinales_Pinaceae_Pinus_monophylla,300,255,10,30,5,10
4099,09828_Plantae_Tracheophyta_Pinopsida_Pinales_Pinaceae_Pinus_monticola,300,255,10,30,5,10
4100,09829_Plantae_Tracheophyta_Pinopsida_Pinales_Pinaceae_Pinus_nigra,157,112,10,30,5,10
4101,09830_Plantae_Tracheophyta_Pinopsida_Pinales_Pinaceae_Pinus_palustris,300,255,10,30,5,10
4102,09831_Plantae_Tracheophyta_Pinopsida_Pinales_Pinaceae_Pinus_pinaster,172,127,10,30,5,10
4103,09832_Plantae_Tracheophyta_Pinopsida_Pinales_Pinaceae_Pinus_pinea,167,122,10,30,5,10
4104,09833_Plantae_Tracheophyta_Pinopsida_Pinales_Pinaceae_Pinus_ponderosa,300,255,10,30,5,10
4105,09834_Plantae_Tracheophyta_Pinopsida_Pinales_Pinaceae_Pinus_radiata,300,255,10,30,5,10
4106,09835_Plantae_Tracheophyta_Pinopsida_Pinales_Pinaceae_Pinus_resinosa,300,255,10,30,5,10
4107,09836_Plantae_Tracheophyta_Pinopsida_Pinales_Pinaceae_Pinus_rigida,300,255,10,30,5,10
4108,09837_Plantae_Tracheophyta_Pinopsida_Pinales_Pinaceae_Pinus_sabiniana,300,255,10,30,5,10
4109,09838_Plantae_Tracheophyta_Pinopsida_Pinales_Pinaceae_Pinus_sibirica,209,164,10,30,5,10
4110,09839_Plantae_Tracheophyta_Pinopsida_Pinales_Pinaceae_Pinus_strobus,300,255,10,30,5,10
4111,09840_Plantae_Tracheophyta_Pinopsida_Pinales_Pinaceae_Pinus_sylvestris,300,255,10,30,5,10
4112,09841_Plantae_Tracheophyta_Pinopsida_Pinales_Pinaceae_Pinus_taeda,300,255,10,30,5,10
4113,09842_Plantae_Tracheophyta_Pinopsida_Pinales_Pinaceae_Pinus_torreyana,286,241,10,30,5,10
4114,09843_Plantae_Tracheophyta_Pinopsida_Pinales_Pinaceae_Pinus_virginiana,300,255,10,30,5,10
4115,09844_Plantae_Tracheophyta_Pinopsida_Pinales_Pinaceae_Pseudotsuga_menziesii,300,255,10,30,5,10
4116,09845_Plantae_Tracheophyta_Pinopsida_Pinales_Pinaceae_Tsuga_canadensis,300,255,10,30,5,10
4117,09846_Plantae_Tracheophyta_Pinopsida_Pinales_Pinaceae_Tsuga_heterophylla,300,255,10,30,5,10
4118,09847_Plantae_Tracheophyta_Pinopsida_Pinales_Pinaceae_Tsuga_mertensiana,300,255,10,30,5,10
4119,09848_Plantae_Tracheophyta_Pinopsida_Pinales_Podocarpaceae_Dacrycarpus_dacrydioides,300,255,10,30,5,10
4120,09849_Plantae_Tracheophyta_Pinopsida_Pinales_Podocarpaceae_Dacrydium_cupressinum,300,255,10,30,5,10
4121,09850_Plantae_Tracheophyta_Pinopsida_Pinales_Podocarpaceae_Phyllocladus_alpinus,273,228,10,30,5,10
4122,09851_Plantae_Tracheophyta_Pinopsida_Pinales_Podocarpaceae_Phyllocladus_trichomanoides,300,255,10,30,5,10
4123,09852_Plantae_Tracheophyta_Pinopsida_Pinales_Podocarpaceae_Podocarpus_laetus,226,181,10,30,5,10
4124,09853_Plantae_Tracheophyta_Pinopsida_Pinales_Podocarpaceae_Podocarpus_totara,300,255,10,30,5,10
4125,09854_Plantae_Tracheophyta_Pinopsida_Pinales_Podocarpaceae_Prumnopitys_ferruginea,300,255,10,30,5,10
4126,09855_Plantae_Tracheophyta_Pinopsida_Pinales_Podocarpaceae_Prumnopitys_taxifolia,300,255,10,30,5,10
4127,09856_Plantae_Tracheophyta_Pinopsida_Pinales_Taxaceae_Taxus_baccata,300,255,10,30,5,10
4128,09857_Plantae_Tracheophyta_Pinopsida_Pinales_Taxaceae_Taxus_brevifolia,300,255,10,30,5,10
4129,09858_Plantae_Tracheophyta_Pinopsida_Pinales_Taxaceae_Taxus_canadensis,300,255,10,30,5,10
4130,09859_Plantae_Tracheophyta_Pinopsida_Pinales_Taxaceae_Torreya_californica,214,169,10,30,5,10
4131,09860_Plantae_Tracheophyta_Polypodiopsida_Cyatheales_Cyatheaceae_Cyathea_dealbata,300,255,10,30,5,10
4132,09861_Plantae_Tracheophyta_Polypodiopsida_Cyatheales_Cyatheaceae_Cyathea_medullaris,300,255,10,30,5,10
4133,09862_Plantae_Tracheophyta_Polypodiopsida_Cyatheales_Cyatheaceae_Cyathea_smithii,300,255,10,30,5,10
4134,09863_Plantae_Tracheophyta_Polypodiopsida_Cyatheales_Dicksoniaceae_Dicksonia_antarctica,249,204,10,30,5,10
4135,09864_Plantae_Tracheophyta_Polypodiopsida_Cyatheales_Dicksoniaceae_Dicksonia_fibrosa,157,112,10,30,5,10
4136,09865_Plantae_Tracheophyta_Polypodiopsida_Cyatheales_Dicksoniaceae_Dicksonia_squarrosa,300,255,10,30,5,10
4137,09866_Plantae_Tracheophyta_Polypodiopsida_Equisetales_Equisetaceae_Equisetum_arvense,300,255,10,30,5,10
4138,09867_Plantae_Tracheophyta_Polypodiopsida_Equisetales_Equisetaceae_Equisetum_fluviatile,300,255,10,30,5,10
4139,09868_Plantae_Tracheophyta_Polypodiopsida_Equisetales_Equisetaceae_Equisetum_hyemale,300,255,10,30,5,10
4140,09869_Plantae_Tracheophyta_Polypodiopsida_Equisetales_Equisetaceae_Equisetum_laevigatum,155,110,10,30,5,10
4141,09870_Plantae_Tracheophyta_Polypodiopsida_Equisetales_Equisetaceae_Equisetum_pratense,300,255,10,30,5,10
4142,09871_Plantae_Tracheophyta_Polypodiopsida_Equisetales_Equisetaceae_Equisetum_ramosissimum,164,119,10,30,5,10
4143,09872_Plantae_Tracheophyta_Polypodiopsida_Equisetales_Equisetaceae_Equisetum_scirpoides,300,255,10,30,5,10
4144,09873_Plantae_Tracheophyta_Polypodiopsida_Equisetales_Equisetaceae_Equisetum_sylvaticum,300,255,10,30,5,10
4145,09874_Plantae_Tracheophyta_Polypodiopsida_Equisetales_Equisetaceae_Equisetum_telmateia,300,255,10,30,5,10
4146,09875_Plantae_Tracheophyta_Polypodiopsida_Equisetales_Equisetaceae_Equisetum_variegatum,300,255,10,30,5,10
4147,09876_Plantae_Tracheophyta_Polypodiopsida_Gleicheniales_Gleicheniaceae_Dicranopteris_linearis,300,255,10,30,5,10
4148,09877_Plantae_Tracheophyta_Polypodiopsida_Gleicheniales_Gleicheniaceae_Gleichenia_dicarpa,218,173,10,30,5,10
4149,09878_Plantae_Tracheophyta_Polypodiopsida_Gleicheniales_Gleicheniaceae_Sticherus_cunninghamii,237,192,10,30,5,10
4150,09879_Plantae_Tracheophyta_Polypodiopsida_Hymenophyllales_Hymenophyllaceae_Hymenophyllum_demissum,246,201,10,30,5,10
4151,09880_Plantae_Tracheophyta_Polypodiopsida_Hymenophyllales_Hymenophyllaceae_Hymenophyllum_flabellatum,190,145,10,30,5,10
4152,09881_Plantae_Tracheophyta_Polypodiopsida_Hymenophyllales_Hymenophyllaceae_Hymenophyllum_nephrophyllum,300,255,10,30,5,10
4153,09882_Plantae_Tracheophyta_Polypodiopsida_Hymenophyllales_Hymenophyllaceae_Trichomanes_venosum,159,114,10,30,5,10
4154,09883_Plantae_Tracheophyta_Polypodiopsida_Ophioglossales_Ophioglossaceae_Botrychium_lunaria,244,199,10,30,5,10
4155,09884_Plantae_Tracheophyta_Polypodiopsida_Ophioglossales_Ophioglossaceae_Botrypus_virginianus,300,255,10,30,5,10
4156,09885_Plantae_Tracheophyta_Polypodiopsida_Ophioglossales_Ophioglossaceae_Sceptridium_dissectum,300,255,10,30,5,10
4157,09886_Plantae_Tracheophyta_Polypodiopsida_Ophioglossales_Ophioglossaceae_Sceptridium_multifidum,300,255,10,30,5,10
4158,09887_Plantae_Tracheophyta_Polypodiopsida_Osmundales_Osmundaceae_Leptopteris_hymenophylloides,242,197,10,30,5,10
4159,09888_Plantae_Tracheophyta_Polypodiopsida_Osmundales_Osmundaceae_Osmunda_claytoniana,300,255,10,30,5,10
4160,09889_Plantae_Tracheophyta_Polypodiopsida_Osmundales_Osmundaceae_Osmunda_regalis,300,255,10,30,5,10
4161,09890_Plantae_Tracheophyta_Polypodiopsida_Osmundales_Osmundaceae_Osmundastrum_cinnamomeum,300,255,10,30,5,10
4162,09891_Plantae_Tracheophyta_Polypodiopsida_Polypodiales_Aspleniaceae_Asplenium_appendiculatum,269,224,10,30,5,10
4163,09892_Plantae_Tracheophyta_Polypodiopsida_Polypodiales_Aspleniaceae_Asplenium_bulbiferum,300,255,10,30,5,10
4164,09893_Plantae_Tracheophyta_Polypodiopsida_Polypodiales_Aspleniaceae_Asplenium_ceterach,300,255,10,30,5,10
4165,09894_Plantae_Tracheophyta_Polypodiopsida_Polypodiales_Aspleniaceae_Asplenium_flabellifolium,300,255,10,30,5,10
4166,09895_Plantae_Tracheophyta_Polypodiopsida_Polypodiales_Aspleniaceae_Asplenium_flaccidum,300,255,10,30,5,10
4167,09896_Plantae_Tracheophyta_Polypodiopsida_Polypodiales_Aspleniaceae_Asplenium_gracillimum,300,255,10,30,5,10
4168,09897_Plantae_Tracheophyta_Polypodiopsida_Polypodiales_Aspleniaceae_Asplenium_hookerianum,222,177,10,30,5,10
4169,09898_Plantae_Tracheophyta_Polypodiopsida_Polypodiales_Aspleniaceae_Asplenium_montanum,155,110,10,30,5,10
4170,09899_Plantae_Tracheophyta_Polypodiopsida_Polypodiales_Aspleniaceae_Asplenium_nidus,300,255,10,30,5,10
4171,09900_Plantae_Tracheophyta_Polypodiopsida_Polypodiales_Aspleniaceae_Asplenium_oblongifolium,300,255,10,30,5,10
4172,09901_Plantae_Tracheophyta_Polypodiopsida_Polypodiales_Aspleniaceae_Asplenium_platyneuron,300,255,10,30,5,10
4173,09902_Plantae_Tracheophyta_Polypodiopsida_Polypodiales_Aspleniaceae_Asplenium_polyodon,300,255,10,30,5,10
4174,09903_Plantae_Tracheophyta_Polypodiopsida_Polypodiales_Aspleniaceae_Asplenium_rhizophyllum,300,255,10,30,5,10
4175,09904_Plantae_Tracheophyta_Polypodiopsida_Polypodiales_Aspleniaceae_Asplenium_ruta-muraria,300,255,10,30,5,10
4176,09905_Plantae_Tracheophyta_Polypodiopsida_Polypodiales_Aspleniaceae_Asplenium_scolopendrium,300,255,10,30,5,10
4177,09906_Plantae_Tracheophyta_Polypodiopsida_Polypodiales_Aspleniaceae_Asplenium_trichomanes,300,255,10,30,5,10
4178,09907_Plantae_Tracheophyta_Polypodiopsida_Polypodiales_Aspleniaceae_Asplenium_viride,269,224,10,30,5,10
4179,09908_Plantae_Tracheophyta_Polypodiopsida_Polypodiales_Athyriaceae_Athyrium_angustum,267,222,10,30,5,10
4180,09909_Plantae_Tracheophyta_Polypodiopsida_Polypodiales_Athyriaceae_Athyrium_filix-femina,300,255,10,30,5,10
4181,09910_Plantae_Tracheophyta_Polypodiopsida_Polypodiales_Athyriaceae_Deparia_acrostichoides,300,255,10,30,5,10
4182,09911_Plantae_Tracheophyta_Polypodiopsida_Polypodiales_Blechnaceae_Blechnum_chambersii,300,255,10,30,5,10
4183,09912_Plantae_Tracheophyta_Polypodiopsida_Polypodiales_Blechnaceae_Blechnum_filiforme,300,255,10,30,5,10
4184,09913_Plantae_Tracheophyta_Polypodiopsida_Polypodiales_Blechnaceae_Blechnum_novae-zelandiae,300,255,10,30,5,10
4185,09914_Plantae_Tracheophyta_Polypodiopsida_Polypodiales_Blechnaceae_Blechnum_parrisiae,242,197,10,30,5,10
4186,09915_Plantae_Tracheophyta_Polypodiopsida_Polypodiales_Blechnaceae_Blechnum_penna-marina,300,255,10,30,5,10
4187,09916_Plantae_Tracheophyta_Polypodiopsida_Polypodiales_Blechnaceae_Blechnum_procerum,300,255,10,30,5,10
4188,09917_Plantae_Tracheophyta_Polypodiopsida_Polypodiales_Blechnaceae_Cranfillia_fluviatilis,300,255,10,30,5,10
4189,09918_Plantae_Tracheophyta_Polypodiopsida_Polypodiales_Blechnaceae_Lomaria_discolor,300,255,10,30,5,10
4190,09919_Plantae_Tracheophyta_Polypodiopsida_Polypodiales_Blechnaceae_Struthiopteris_spicant,300,255,10,30,5,10
4191,09920_Plantae_Tracheophyta_Polypodiopsida_Polypodiales_Blechnaceae_Telmatoblechnum_serrulatum,187,142,10,30,5,10
4192,09921_Plantae_Tracheophyta_Polypodiopsida_Polypodiales_Blechnaceae_Woodwardia_areolata,300,255,10,30,5,10
4193,09922_Plantae_Tracheophyta_Polypodiopsida_Polypodiales_Blechnaceae_Woodwardia_fimbriata,300,255,10,30,5,10
4194,09923_Plantae_Tracheophyta_Polypodiopsida_Polypodiales_Blechnaceae_Woodwardia_virginica,300,255,10,30,5,10
4195,09924_Plantae_Tracheophyta_Polypodiopsida_Polypodiales_Cystopteridaceae_Cystopteris_bulbifera,300,255,10,30,5,10
4196,09925_Plantae_Tracheophyta_Polypodiopsida_Polypodiales_Cystopteridaceae_Cystopteris_fragilis,300,255,10,30,5,10
4197,09926_Plantae_Tracheophyta_Polypodiopsida_Polypodiales_Cystopteridaceae_Cystopteris_protrusa,195,150,10,30,5,10
4198,09927_Plantae_Tracheophyta_Polypodiopsida_Polypodiales_Cystopteridaceae_Gymnocarpium_dryopteris,300,255,10,30,5,10
4199,09928_Plantae_Tracheophyta_Polypodiopsida_Polypodiales_Dennstaedtiaceae_Dennstaedtia_punctilobula,300,255,10,30,5,10
4200,09929_Plantae_Tracheophyta_Polypodiopsida_Polypodiales_Dennstaedtiaceae_Histiopteris_incisa,300,255,10,30,5,10
4201,09930_Plantae_Tracheophyta_Polypodiopsida_Polypodiales_Dennstaedtiaceae_Hypolepis_ambigua,178,133,10,30,5,10
4202,09931_Plantae_Tracheophyta_Polypodiopsida_Polypodiales_Dennstaedtiaceae_Paesia_scaberula,272,227,10,30,5,10
4203,09932_Plantae_Tracheophyta_Polypodiopsida_Polypodiales_Dennstaedtiaceae_Pteridium_aquilinum,300,255,10,30,5,10
4204,09933_Plantae_Tracheophyta_Polypodiopsida_Polypodiales_Dennstaedtiaceae_Pteridium_esculentum,300,255,10,30,5,10
4205,09934_Plantae_Tracheophyta_Polypodiopsida_Polypodiales_Dennstaedtiaceae_Pteridium_pinetorum,300,255,10,30,5,10
4206,09935_Plantae_Tracheophyta_Polypodiopsida_Polypodiales_Diplaziopsidaceae_Homalosorus_pycnocarpos,223,178,10,30,5,10
4207,09936_Plantae_Tracheophyta_Polypodiopsida_Polypodiales_Dryopteridaceae_Cyrtomium_falcatum,219,174,10,30,5,10
4208,09937_Plantae_Tracheophyta_Polypodiopsida_Polypodiales_Dryopteridaceae_Dryopteris_arguta,300,255,10,30,5,10
4209,09938_Plantae_Tracheophyta_Polypodiopsida_Polypodiales_Dryopteridaceae_Dryopteris_carthusiana,300,255,10,30,5,10
4210,09939_Plantae_Tracheophyta_Polypodiopsida_Polypodiales_Dryopteridaceae_Dryopteris_cristata,300,255,10,30,5,10
4211,09940_Plantae_Tracheophyta_Polypodiopsida_Polypodiales_Dryopteridaceae_Dryopteris_expansa,300,255,10,30,5,10
4212,09941_Plantae_Tracheophyta_Polypodiopsida_Polypodiales_Dryopteridaceae_Dryopteris_filix-mas,300,255,10,30,5,10
4213,09942_Plantae_Tracheophyta_Polypodiopsida_Polypodiales_Dryopteridaceae_Dryopteris_fragrans,253,208,10,30,5,10
4214,09943_Plantae_Tracheophyta_Polypodiopsida_Polypodiales_Dryopteridaceae_Dryopteris_intermedia,300,255,10,30,5,10
4215,09944_Plantae_Tracheophyta_Polypodiopsida_Polypodiales_Dryopteridaceae_Dryopteris_marginalis,300,255,10,30,5,10
4216,09945_Plantae_Tracheophyta_Polypodiopsida_Polypodiales_Dryopteridaceae_Polystichum_acrostichoides,300,255,10,30,5,10
4217,09946_Plantae_Tracheophyta_Polypodiopsida_Polypodiales_Dryopteridaceae_Polystichum_lonchitis,300,255,10,30,5,10
4218,09947_Plantae_Tracheophyta_Polypodiopsida_Polypodiales_Dryopteridaceae_Polystichum_munitum,300,255,10,30,5,10
4219,09948_Plantae_Tracheophyta_Polypodiopsida_Polypodiales_Dryopteridaceae_Polystichum_neozelandicum,225,180,10,30,5,10
4220,09949_Plantae_Tracheophyta_Polypodiopsida_Polypodiales_Dryopteridaceae_Polystichum_vestitum,300,255,10,30,5,10
4221,09950_Plantae_Tracheophyta_Polypodiopsida_Polypodiales_Dryopteridaceae_Rumohra_adiantiformis,177,132,10,30,5,10
4222,09951_Plantae_Tracheophyta_Polypodiopsida_Polypodiales_Nephrolepidaceae_Nephrolepis_cordifolia,300,255,10,30,5,10
4223,09952_Plantae_Tracheophyta_Polypodiopsida_Polypodiales_Onocleaceae_Matteuccia_struthiopteris,300,255,10,30,5,10
4224,09953_Plantae_Tracheophyta_Polypodiopsida_Polypodiales_Onocleaceae_Onoclea_sensibilis,300,255,10,30,5,10
4225,09954_Plantae_Tracheophyta_Polypodiopsida_Polypodiales_Polypodiaceae_Microsorum_pustulatum,300,255,10,30,5,10
4226,09955_Plantae_Tracheophyta_Polypodiopsida_Polypodiales_Polypodiaceae_Microsorum_scandens,283,238,10,30,5,10
4227,09956_Plantae_Tracheophyta_Polypodiopsida_Polypodiales_Polypodiaceae_Notogrammitis_heterophylla,191,146,10,30,5,10
4228,09957_Plantae_Tracheophyta_Polypodiopsida_Polypodiales_Polypodiaceae_Phlebodium_aureum,200,155,10,30,5,10
4229,09958_Plantae_Tracheophyta_Polypodiopsida_Polypodiales_Polypodiaceae_Pleopeltis_michauxiana,300,255,10,30,5,10
4230,09959_Plantae_Tracheophyta_Polypodiopsida_Polypodiales_Polypodiaceae_Polypodium_californicum,300,255,10,30,5,10
4231,09960_Plantae_Tracheophyta_Polypodiopsida_Polypodiales_Polypodiaceae_Polypodium_glycyrrhiza,300,255,10,30,5,10
4232,09961_Plantae_Tracheophyta_Polypodiopsida_Polypodiales_Polypodiaceae_Polypodium_scouleri,300,255,10,30,5,10
4233,09962_Plantae_Tracheophyta_Polypodiopsida_Polypodiales_Polypodiaceae_Polypodium_virginianum,300,255,10,30,5,10
4234,09963_Plantae_Tracheophyta_Polypodiopsida_Polypodiales_Polypodiaceae_Polypodium_vulgare,300,255,10,30,5,10
4235,09964_Plantae_Tracheophyta_Polypodiopsida_Polypodiales_Polypodiaceae_Pyrrosia_eleagnifolia,300,255,10,30,5,10
4236,09965_Plantae_Tracheophyta_Polypodiopsida_Polypodiales_Pteridaceae_Acrostichum_danaeifolium,159,114,10,30,5,10
4237,09966_Plantae_Tracheophyta_Polypodiopsida_Polypodiales_Pteridaceae_Adiantum_aleuticum,300,255,10,30,5,10
4238,09967_Plantae_Tracheophyta_Polypodiopsida_Polypodiales_Pteridaceae_Adiantum_capillus-veneris,300,255,10,30,5,10
4239,09968_Plantae_Tracheophyta_Polypodiopsida_Polypodiales_Pteridaceae_Adiantum_cunninghamii,250,205,10,30,5,10
4240,09969_Plantae_Tracheophyta_Polypodiopsida_Polypodiales_Pteridaceae_Adiantum_hispidulum,178,133,10,30,5,10
4241,09970_Plantae_Tracheophyta_Polypodiopsida_Polypodiales_Pteridaceae_Adiantum_jordanii,300,255,10,30,5,10
4242,09971_Plantae_Tracheophyta_Polypodiopsida_Polypodiales_Pteridaceae_Adiantum_pedatum,300,255,10,30,5,10
4243,09972_Plantae_Tracheophyta_Polypodiopsida_Polypodiales_Pteridaceae_Aspidotis_densa,272,227,10,30,5,10
4244,09973_Plantae_Tracheophyta_Polypodiopsida_Polypodiales_Pteridaceae_Astrolepis_sinuata,175,130,10,30,5,10
4245,09974_Plantae_Tracheophyta_Polypodiopsida_Polypodiales_Pteridaceae_Cryptogramma_acrostichoides,300,255,10,30,5,10
4246,09975_Plantae_Tracheophyta_Polypodiopsida_Polypodiales_Pteridaceae_Myriopteris_alabamensis,207,162,10,30,5,10
4247,09976_Plantae_Tracheophyta_Polypodiopsida_Polypodiales_Pteridaceae_Myriopteris_aurea,236,191,10,30,5,10
4248,09977_Plantae_Tracheophyta_Polypodiopsida_Polypodiales_Pteridaceae_Myriopteris_parryi,208,163,10,30,5,10
4249,09978_Plantae_Tracheophyta_Polypodiopsida_Polypodiales_Pteridaceae_Pellaea_andromedifolia,300,255,10,30,5,10
4250,09979_Plantae_Tracheophyta_Polypodiopsida_Polypodiales_Pteridaceae_Pellaea_atropurpurea,300,255,10,30,5,10
4251,09980_Plantae_Tracheophyta_Polypodiopsida_Polypodiales_Pteridaceae_Pellaea_glabella,152,107,10,30,5,10
4252,09981_Plantae_Tracheophyta_Polypodiopsida_Polypodiales_Pteridaceae_Pellaea_mucronata,300,255,10,30,5,10
4253,09982_Plantae_Tracheophyta_Polypodiopsida_Polypodiales_Pteridaceae_Pellaea_rotundifolia,225,180,10,30,5,10
4254,09983_Plantae_Tracheophyta_Polypodiopsida_Polypodiales_Pteridaceae_Pentagramma_triangularis,300,255,10,30,5,10
4255,09984_Plantae_Tracheophyta_Polypodiopsida_Polypodiales_Pteridaceae_Pteris_cretica,186,141,10,30,5,10
4256,09985_Plantae_Tracheophyta_Polypodiopsida_Polypodiales_Pteridaceae_Pteris_macilenta,201,156,10,30,5,10
4257,09986_Plantae_Tracheophyta_Polypodiopsida_Polypodiales_Pteridaceae_Pteris_tremula,247,202,10,30,5,10
4258,09987_Plantae_Tracheophyta_Polypodiopsida_Polypodiales_Pteridaceae_Pteris_vittata,300,255,10,30,5,10
4259,09988_Plantae_Tracheophyta_Polypodiopsida_Polypodiales_Thelypteridaceae_Parathelypteris_noveboracensis,300,255,10,30,5,10
4260,09989_Plantae_Tracheophyta_Polypodiopsida_Polypodiales_Thelypteridaceae_Phegopteris_connectilis,300,255,10,30,5,10
4261,09990_Plantae_Tracheophyta_Polypodiopsida_Polypodiales_Thelypteridaceae_Phegopteris_hexagonoptera,300,255,10,30,5,10
4262,09991_Plantae_Tracheophyta_Polypodiopsida_Polypodiales_Thelypteridaceae_Pneumatopteris_pennigera,300,255,10,30,5,10
4263,09992_Plantae_Tracheophyta_Polypodiopsida_Polypodiales_Thelypteridaceae_Thelypteris_palustris,300,255,10,30,5,10
4264,09993_Plantae_Tracheophyta_Polypodiopsida_Polypodiales_Woodsiaceae_Woodsia_ilvensis,300,255,10,30,5,10
4265,09994_Plantae_Tracheophyta_Polypodiopsida_Polypodiales_Woodsiaceae_Woodsia_obtusa,300,255,10,30,5,10
4266,09995_Plantae_Tracheophyta_Polypodiopsida_Psilotales_Psilotaceae_Psilotum_nudum,300,255,10,30,5,10
4267,09996_Plantae_Tracheophyta_Polypodiopsida_Psilotales_Psilotaceae_Tmesipteris_elongata,200,155,10,30,5,10
4268,09997_Plantae_Tracheophyta_Polypodiopsida_Salviniales_Salviniaceae_Azolla_filiculoides,220,175,10,30,5,10
4269,09998_Plantae_Tracheophyta_Polypodiopsida_Salviniales_Salviniaceae_Salvinia_minima,254,209,10,30,5,10
4270,09999_Plantae_Tracheophyta_Polypodiopsida_Schizaeales_Lygodiaceae_Lygodium_japonicum,300,255,10,30,5,10
